WARNING:torch.distributed.run:
*****************************************
Setting OMP_NUM_THREADS environment variable for each process to be 1 in default, to avoid your system being overloaded, please further tune the variable for optimal performance in your application as needed. 
*****************************************
projects.mmdet3d_plugin
projects.mmdet3d_plugin
projects.mmdet3d_plugin
projects.mmdet3d_plugin
Use flash_attn_varlen_kvpacked_func
Use flash_attn_varlen_kvpacked_func
Use flash_attn_varlen_kvpacked_func
Use flash_attn_varlen_kvpacked_func
2026-06-16 15:07:57,632 - mmdet - INFO - Environment info:
------------------------------------------------------------
sys.platform: linux
Python: 3.8.20 (default, Oct  3 2024, 15:24:27) [GCC 11.2.0]
CUDA available: True
GPU 0,1,2,3: NVIDIA GeForce RTX 4090
CUDA_HOME: /usr/local/cuda
NVCC: Cuda compilation tools, release 12.1, V12.1.66
GCC: gcc (Ubuntu 9.4.0-1ubuntu1~20.04.2) 9.4.0
PyTorch: 1.13.0+cu117
PyTorch compiling details: PyTorch built with:
  - GCC 9.3
  - C++ Version: 201402
  - Intel(R) Math Kernel Library Version 2020.0.0 Product Build 20191122 for Intel(R) 64 architecture applications
  - Intel(R) MKL-DNN v2.6.0 (Git Hash 52b5f107dd9cf10910aaa19cb47f3abf9b349815)
  - OpenMP 201511 (a.k.a. OpenMP 4.5)
  - LAPACK is enabled (usually provided by MKL)
  - NNPACK is enabled
  - CPU capability usage: AVX2
  - CUDA Runtime 11.7
  - NVCC architecture flags: -gencode;arch=compute_37,code=sm_37;-gencode;arch=compute_50,code=sm_50;-gencode;arch=compute_60,code=sm_60;-gencode;arch=compute_70,code=sm_70;-gencode;arch=compute_75,code=sm_75;-gencode;arch=compute_80,code=sm_80;-gencode;arch=compute_86,code=sm_86
  - CuDNN 8.5
  - Magma 2.6.1
  - Build settings: BLAS_INFO=mkl, BUILD_TYPE=Release, CUDA_VERSION=11.7, CUDNN_VERSION=8.5.0, CXX_COMPILER=/opt/rh/devtoolset-9/root/usr/bin/c++, CXX_FLAGS= -fabi-version=11 -Wno-deprecated -fvisibility-inlines-hidden -DUSE_PTHREADPOOL -fopenmp -DNDEBUG -DUSE_KINETO -DUSE_FBGEMM -DUSE_QNNPACK -DUSE_PYTORCH_QNNPACK -DUSE_XNNPACK -DSYMBOLICATE_MOBILE_DEBUG_HANDLE -DEDGE_PROFILER_USE_KINETO -O2 -fPIC -Wno-narrowing -Wall -Wextra -Werror=return-type -Werror=non-virtual-dtor -Wno-missing-field-initializers -Wno-type-limits -Wno-array-bounds -Wno-unknown-pragmas -Wunused-local-typedefs -Wno-unused-parameter -Wno-unused-function -Wno-unused-result -Wno-strict-overflow -Wno-strict-aliasing -Wno-error=deprecated-declarations -Wno-stringop-overflow -Wno-psabi -Wno-error=pedantic -Wno-error=redundant-decls -Wno-error=old-style-cast -fdiagnostics-color=always -faligned-new -Wno-unused-but-set-variable -Wno-maybe-uninitialized -fno-math-errno -fno-trapping-math -Werror=format -Werror=cast-function-type -Wno-stringop-overflow, LAPACK_INFO=mkl, PERF_WITH_AVX=1, PERF_WITH_AVX2=1, PERF_WITH_AVX512=1, TORCH_VERSION=1.13.0, USE_CUDA=ON, USE_CUDNN=ON, USE_EXCEPTION_PTR=1, USE_GFLAGS=OFF, USE_GLOG=OFF, USE_MKL=ON, USE_MKLDNN=ON, USE_MPI=OFF, USE_NCCL=ON, USE_NNPACK=ON, USE_OPENMP=ON, USE_ROCM=OFF, 

TorchVision: 0.14.0+cu117
OpenCV: 4.8.1
MMCV: 1.7.1
MMCV Compiler: GCC 9.3
MMCV CUDA Compiler: 11.7
MMDetection: 2.28.2+361f9bf
------------------------------------------------------------

2026-06-16 15:08:00,044 - mmdet - INFO - Distributed training: True
2026-06-16 15:08:02,433 - mmdet - INFO - Config:
log_level = 'INFO'
dist_params = dict(backend='nccl')
plugin = True
plugin_dir = 'projects/mmdet3d_plugin/'
work_dir = 'work_dirs/exp/E11_E10_stage2_18ep_gt_pgt_feat'
version = 'trainval'
length = dict(trainval=28130, mini=323)
num_gpus = 4
batch_size = 4
num_iters_per_epoch = 1758
num_epochs = 18
checkpoint_epoch_interval = 3
checkpoint_config = dict(interval=1758, max_keep_ckpts=-1)
wandb_project = 'hipad'
wandb_name = 'E11_E10_stage2_18ep_gt_pgt_feat'
log_config = dict(
    interval=50,
    hooks=[
        dict(
            type='ScientificTextLoggerHook',
            by_epoch=False,
            sci_keys=[
                'map_loss_kd_cls', 'map_loss_kd_line', 'map_loss_kd_feat'
            ],
            sci_prefixes=['map_loss_kd_feat_']),
        dict(
            type='WandbLoggerHook',
            init_kwargs=dict(
                entity='e2ekd',
                project='hipad',
                name='E11_E10_stage2_18ep_gt_pgt_feat'),
            by_epoch=False)
    ])
load_from = './work_dirs/exp/E10_output_kd_pgt_l5_feat_aux/latest.pth'
resume_from = None
workflow = [('train', 1)]
fp16 = dict(loss_scale=32.0)
input_shape = (704, 256)
num_cams = 6
det_class_names = [
    'car', 'truck', 'construction_vehicle', 'bus', 'trailer', 'barrier',
    'motorcycle', 'bicycle', 'pedestrian', 'traffic_cone'
]
map_class_names = ['ped_crossing', 'divider', 'boundary']
num_det_classes = 10
num_map_classes = 3
map_roi_size = (30, 60)
map_num_pts = 20
fut_ts = 12
fut_mode = 6
ego_fut_ts = 6
ego_fut_cmd = 3
ego_fut_mode = 6
ego_status_dims = 6
embed_dims = 256
num_groups = 8
num_decoder = 6
num_single_frame_decoder = 1
use_deformable_func = True
strides = [4, 8, 16, 32]
num_levels = 4
num_depth_layers = 3
drop_out = 0.1
decouple_attn = True
point_cloud_range = [-51.2, -51.2, -5.0, 51.2, 51.2, 3.0]
temporal = True
temporal_det = True
temporal_map = True
temporal_ego = True
temporal_plan = True
task_config = dict(with_onedecoder=True)
task_select = ['det', 'map', 'plan', 'ego', 'motion']
query_select = ['det', 'map', 'plan', 'ego']
single_frame_layer = [
    'concat', 'gnn', 'inter_gnn', 'norm', 'split', 'deformable', 'concat',
    'ffn', 'norm', 'split', 'refine'
]
temporal_frame_layer = [
    'concat', 'temp_gnn', 'gnn', 'inter_gnn', 'norm', 'split', 'deformable',
    'concat', 'ffn', 'norm', 'split', 'refine'
]
operation_order = [
    'concat', 'gnn', 'inter_gnn', 'norm', 'split', 'deformable', 'concat',
    'ffn', 'norm', 'split', 'refine', 'concat', 'temp_gnn', 'gnn', 'inter_gnn',
    'norm', 'split', 'deformable', 'concat', 'ffn', 'norm', 'split', 'refine',
    'concat', 'temp_gnn', 'gnn', 'inter_gnn', 'norm', 'split', 'deformable',
    'concat', 'ffn', 'norm', 'split', 'refine', 'concat', 'temp_gnn', 'gnn',
    'inter_gnn', 'norm', 'split', 'deformable', 'concat', 'ffn', 'norm',
    'split', 'refine', 'concat', 'temp_gnn', 'gnn', 'inter_gnn', 'norm',
    'split', 'deformable', 'concat', 'ffn', 'norm', 'split', 'refine',
    'concat', 'temp_gnn', 'gnn', 'inter_gnn', 'norm', 'split', 'deformable',
    'concat', 'ffn', 'norm', 'split', 'refine'
]
anchor_paths = dict(
    det='data/kmeans/kmeans_det_900.npy',
    map='data/kmeans/kmeans_map_100.npy',
    motion='data/kmeans/kmeans_motion_6.npy')
plan_anchor_paths = 'data/kmeans/kmeans_plan_6.npy'
plan_speed_refer = None
plan_anchor_refer = ('temp', '2hz')
plan_anchor_types = [('temp', '2hz')]
model = dict(
    type='SparseDetector',
    use_grid_mask=True,
    use_deformable_func=True,
    img_backbone=dict(
        type='ResNet',
        depth=50,
        num_stages=4,
        frozen_stages=-1,
        norm_eval=False,
        style='pytorch',
        with_cp=True,
        out_indices=(0, 1, 2, 3),
        norm_cfg=dict(type='BN', requires_grad=True),
        pretrained='ckpts/resnet50-19c8e357.pth'),
    img_neck=dict(
        type='FPN',
        num_outs=4,
        start_level=0,
        out_channels=256,
        add_extra_convs='on_output',
        relu_before_extra_convs=True,
        norm_cfg=dict(type='BN', requires_grad=True),
        no_norm_on_lateral=True,
        in_channels=[256, 512, 1024, 2048]),
    depth_branch=dict(
        type='DenseDepthNet',
        embed_dims=256,
        num_depth_layers=3,
        loss_weight=0.2),
    head=dict(
        type='SparseHead',
        task_config=dict(with_onedecoder=True),
        evaluate_bench2dive=False,
        onedecoder_head=dict(
            type='SparseOneDecoder',
            task_select=['det', 'map', 'plan', 'ego', 'motion'],
            query_select=['det', 'map', 'plan', 'ego'],
            operation_order=[
                'concat', 'gnn', 'inter_gnn', 'norm', 'split', 'deformable',
                'concat', 'ffn', 'norm', 'split', 'refine', 'concat',
                'temp_gnn', 'gnn', 'inter_gnn', 'norm', 'split', 'deformable',
                'concat', 'ffn', 'norm', 'split', 'refine', 'concat',
                'temp_gnn', 'gnn', 'inter_gnn', 'norm', 'split', 'deformable',
                'concat', 'ffn', 'norm', 'split', 'refine', 'concat',
                'temp_gnn', 'gnn', 'inter_gnn', 'norm', 'split', 'deformable',
                'concat', 'ffn', 'norm', 'split', 'refine', 'concat',
                'temp_gnn', 'gnn', 'inter_gnn', 'norm', 'split', 'deformable',
                'concat', 'ffn', 'norm', 'split', 'refine', 'concat',
                'temp_gnn', 'gnn', 'inter_gnn', 'norm', 'split', 'deformable',
                'concat', 'ffn', 'norm', 'split', 'refine'
            ],
            num_single_frame_decoder=1,
            plan_speed_refer=None,
            plan_anchor_refer=('temp', '2hz'),
            with_command_embed=True,
            with_target_point_embed=False,
            with_supervise_ego_status=True,
            num_command=3,
            with_ego_instance_feature=True,
            with_incremental_plan_refine=True,
            motion_anchor='data/kmeans/kmeans_motion_6.npy',
            cls_threshold_to_reg=0.05,
            det_instance_bank=dict(
                type='InstanceBank',
                num_anchor=900,
                embed_dims=256,
                anchor='data/kmeans/kmeans_det_900.npy',
                anchor_handler=dict(type='SparseBox3DKeyPointsGenerator'),
                num_temp_instances=600,
                confidence_decay=0.6,
                feat_grad=False,
                class_names=[
                    'car', 'truck', 'construction_vehicle', 'bus', 'trailer',
                    'barrier', 'motorcycle', 'bicycle', 'pedestrian',
                    'traffic_cone'
                ],
                zero_velocity_classes=['barrier', 'traffic_cone']),
            map_instance_bank=dict(
                type='InstanceBank',
                num_anchor=100,
                embed_dims=256,
                anchor='data/kmeans/kmeans_map_100.npy',
                anchor_handler=dict(type='SparsePoint3DKeyPointsGenerator'),
                num_temp_instances=0,
                confidence_decay=0.6,
                feat_grad=True),
            ego_instance_bank=dict(
                type='EgoInstanceBank',
                anchor_type='nus',
                embed_dims=256,
                num_temp_instances=1,
                feature_map_scale=(8.0, 22.0),
                plan_anchor='data/kmeans/kmeans_plan_6.npy'),
            plan_instance_bank=dict(
                type='PlanningInstanceBank',
                embed_dims=256,
                ego_fut_ts=6,
                ego_fut_cmd=3,
                ego_fut_mode=6,
                num_temp_mode=6,
                feature_map_scale=(8.0, 22.0),
                anchor_paths='data/kmeans/kmeans_plan_6.npy',
                anchor_types=[('temp', '2hz')]),
            det_anchor_encoder=dict(
                type='SparseBox3DEncoder',
                vel_dims=3,
                embed_dims=[128, 32, 32, 64],
                mode='cat',
                output_fc=False,
                in_loops=1,
                out_loops=4),
            map_anchor_encoder=dict(
                type='SparsePoint3DEncoder',
                embed_dims=256,
                num_sample=20,
                return_points_embed=True),
            plan_anchor_encoder=dict(
                type='SparsePoint3DEncoder',
                embed_dims=256,
                num_sample=6,
                return_points_embed=True),
            custom_op=dict(type='CustomOperation'),
            temp_graph_model=dict(
                type='TemporalSeparateAttention',
                query_select=['det', 'map', 'plan', 'ego'],
                query_list=[['det'], ['map'], ['plan', 'ego'], ['plan',
                                                                'ego']],
                key_list=[['det'], ['map'], ['plan', 'ego'], ['det', 'map']],
                decouple_list=[True, False, False, False],
                attn=[
                    dict(
                        type='MultiheadFlashAttention',
                        embed_dims=512,
                        num_heads=8,
                        batch_first=True,
                        dropout=0.1),
                    dict(
                        type='MultiheadFlashAttention',
                        embed_dims=256,
                        num_heads=8,
                        batch_first=True,
                        dropout=0.1),
                    dict(
                        type='MultiheadFlashAttention',
                        embed_dims=256,
                        num_heads=8,
                        batch_first=True,
                        dropout=0.1),
                    dict(
                        type='MultiheadFlashAttention',
                        embed_dims=256,
                        num_heads=8,
                        batch_first=True,
                        dropout=0.1)
                ],
                use_updated_query=True),
            graph_model=dict(
                type='SeparateAttention',
                query_select=['det', 'map', 'plan', 'ego'],
                separate_list=[['det'], ['map'], ['plan', 'ego']],
                decouple_list=[True, False, False],
                attn=[
                    dict(
                        type='MultiheadFlashAttention',
                        embed_dims=512,
                        num_heads=8,
                        batch_first=True,
                        dropout=0.1),
                    dict(
                        type='MultiheadFlashAttention',
                        embed_dims=256,
                        num_heads=8,
                        batch_first=True,
                        dropout=0.1),
                    dict(
                        type='MultiheadFlashAttention',
                        embed_dims=256,
                        num_heads=8,
                        batch_first=True,
                        dropout=0.1)
                ],
                with_distance_attn_mask=False),
            inter_graph_model=dict(
                type='SeparateAttention',
                query_select=['det', 'map', 'plan', 'ego'],
                separate_list=[['det', 'map', 'plan', 'ego']],
                decouple_list=[False],
                with_distance_attn_mask=True,
                with_structured_mask=True,
                attn=[
                    dict(
                        type='MultiheadFlashAttention',
                        embed_dims=256,
                        num_heads=8,
                        batch_first=True,
                        dropout=0.1)
                ]),
            norm_layer=dict(type='LN', normalized_shape=256),
            ffn=dict(
                type='AsymmetricFFN',
                in_channels=512,
                pre_norm=dict(type='LN'),
                embed_dims=256,
                feedforward_channels=1024,
                num_fcs=2,
                ffn_drop=0.1,
                act_cfg=dict(type='ReLU', inplace=True)),
            det_deformable=dict(
                type='DeformableFeatureAggregation',
                embed_dims=256,
                num_groups=8,
                num_levels=4,
                num_cams=6,
                attn_drop=0.15,
                use_deformable_func=True,
                use_camera_embed=True,
                residual_mode='cat',
                kps_generator=dict(
                    type='SparseBox3DKeyPointsGenerator',
                    num_learnable_pts=6,
                    fix_scale=[[0, 0, 0], [0.45, 0, 0], [-0.45, 0, 0],
                               [0, 0.45, 0], [0, -0.45, 0], [0, 0, 0.45],
                               [0, 0, -0.45]])),
            map_deformable=dict(
                type='DeformableFeatureAggregation',
                embed_dims=256,
                num_groups=8,
                num_levels=4,
                num_cams=6,
                attn_drop=0.15,
                use_deformable_func=True,
                use_camera_embed=True,
                residual_mode='cat',
                kps_generator=dict(
                    type='SparsePoint3DKeyPointsGenerator',
                    embed_dims=256,
                    num_sample=20,
                    num_learnable_pts=3,
                    fix_height=(0, 0.5, -0.5, 1, -1),
                    ground_height=-1.84023)),
            ego_deformable=dict(
                type='DeformableFeatureAggregation',
                embed_dims=256,
                num_groups=8,
                num_levels=4,
                num_cams=6,
                attn_drop=0.15,
                use_deformable_func=True,
                use_camera_embed=True,
                residual_mode='cat',
                kps_generator=dict(
                    type='SparseBox3DKeyPointsGenerator',
                    num_learnable_pts=12,
                    fix_scale=[[0.45, 0, 0]])),
            plan_deformable=dict(
                type='DeformableFeatureAggregation',
                embed_dims=256,
                num_groups=8,
                num_levels=4,
                num_cams=6,
                attn_drop=0.15,
                use_deformable_func=True,
                use_camera_embed=True,
                residual_mode='cat',
                kps_generator=dict(
                    type='SparsePoint3DKeyPointsGenerator',
                    embed_dims=256,
                    num_sample=6,
                    num_learnable_pts=3,
                    fix_height=(0, 0.5, -0.5, 1, -1),
                    ground_height=-1.84023)),
            det_refine_layer=dict(
                type='SparseBox3DRefinementModule',
                embed_dims=256,
                num_cls=10,
                refine_yaw=True,
                with_quality_estimation=True),
            map_refine_layer=dict(
                type='SparsePoint3DRefinementModule',
                embed_dims=256,
                num_sample=20,
                num_cls=3),
            ego_refine_layer=dict(
                type='EgoStatusRefinementModule',
                embed_dims=256,
                status_dims=6),
            plan_refine_layer=dict(
                type='SparsePlanAlignRefinementModule',
                embed_dims=256,
                ego_fut_ts=6,
                ego_fut_cmd=3,
                ego_fut_mode=6,
                anchor_types=[('temp', '2hz')]),
            motion_refine_layer=dict(
                type='SparseMotionRefinementModule',
                embed_dims=256,
                fut_ts=12,
                fut_mode=6),
            det_sampler=dict(
                type='SparseBox3DTarget',
                num_dn_groups=0,
                num_temp_dn_groups=0,
                dn_noise_scale=[
                    2.0, 2.0, 2.0, 0.5, 0.5, 0.5, 0.5, 0.5, 0.5, 0.5
                ],
                max_dn_gt=32,
                add_neg_dn=True,
                cls_weight=2.0,
                box_weight=0.25,
                reg_weights=[2.0, 2.0, 2.0, 0.5, 0.5, 0.5, 0.0, 0.0, 0.0, 0.0],
                cls_wise_reg_weights=dict(
                    {9: [2.0, 2.0, 2.0, 1.0, 1.0, 1.0, 0.0, 0.0, 1.0, 1.0]})),
            map_sampler=dict(
                type='SparsePoint3DTarget',
                assigner=dict(
                    type='HungarianLinesAssigner',
                    cost=dict(
                        type='MapQueriesCost',
                        cls_cost=dict(type='FocalLossCost', weight=1.0),
                        reg_cost=dict(
                            type='LinesL1Cost',
                            weight=10.0,
                            beta=0.01,
                            permute=True))),
                num_cls=3,
                num_sample=20,
                roi_size=(30, 60)),
            plan_sampler=dict(
                type='SparsePlanTarget',
                ego_fut_ts=6,
                ego_fut_cmd=3,
                ego_fut_mode=6),
            align_sampler=dict(
                type='AlignPlanTarget',
                ego_fut_ts=6,
                ego_fut_cmd=3,
                ego_fut_mode=6),
            motion_sampler=dict(type='SparseMotionTarget'),
            loss_det_cls=dict(
                type='FocalLoss',
                use_sigmoid=True,
                gamma=2.0,
                alpha=0.25,
                loss_weight=2.0),
            loss_det_reg=dict(
                type='SparseBox3DLoss',
                loss_box=dict(type='L1Loss', loss_weight=0.25),
                loss_centerness=dict(
                    type='CrossEntropyLoss', use_sigmoid=True),
                loss_yawness=dict(type='GaussianFocalLoss')),
            loss_map_cls=dict(
                type='FocalLoss',
                use_sigmoid=True,
                gamma=2.0,
                alpha=0.25,
                loss_weight=1.0),
            loss_map_reg=dict(
                type='SparseLineLoss',
                loss_line=dict(
                    type='LinesL1Loss', loss_weight=10.0, beta=0.01),
                num_sample=20,
                roi_size=(30, 60)),
            loss_ego_status=dict(type='L1Loss', loss_weight=1.0),
            loss_plan_cls=dict(
                type='FocalLoss',
                use_sigmoid=True,
                gamma=2.0,
                alpha=0.25,
                loss_weight=0.5),
            loss_plan_reg=dict(type='L1Loss', loss_weight=1.0),
            loss_motion_cls=dict(
                type='FocalLoss',
                use_sigmoid=True,
                gamma=2.0,
                alpha=0.25,
                loss_weight=0.2),
            loss_motion_reg=dict(type='L1Loss', loss_weight=0.2),
            det_reg_weights=[2.0, 2.0, 2.0, 1.0, 1.0, 1.0, 1.0, 1.0, 1.0, 1.0],
            map_reg_weights=[
                1.0, 1.0, 1.0, 1.0, 1.0, 1.0, 1.0, 1.0, 1.0, 1.0, 1.0, 1.0,
                1.0, 1.0, 1.0, 1.0, 1.0, 1.0, 1.0, 1.0, 1.0, 1.0, 1.0, 1.0,
                1.0, 1.0, 1.0, 1.0, 1.0, 1.0, 1.0, 1.0, 1.0, 1.0, 1.0, 1.0,
                1.0, 1.0, 1.0, 1.0
            ],
            det_decoder=dict(type='SparseBox3DDecoder'),
            map_decoder=dict(type='SparsePoint3DDecoder'),
            plan_decoder=dict(
                type='SparsePlanDecoder',
                ego_fut_ts=6,
                ego_fut_cmd=3,
                ego_fut_mode=6,
                ego_vehicle='nus',
                anchor_types=[('temp', '2hz')],
                anchor_refer=('temp', '2hz'),
                speed_refer=None,
                with_rescore=True),
            motion_decoder=dict(type='SparseMotionDecoder'),
            map_distill_alpha_cls=0.25,
            map_distill_alpha_reg=1.0,
            map_distill_temperature=4.0,
            map_distill_score_thr=0.3,
            map_distill_dist_thr=4.0,
            map_distill_last_layer_only=False,
            map_distill_mode='pseudo_gt',
            map_gt_loss_weight=1.0,
            map_feature_distill_alpha=1.0,
            map_feature_distill_layers=(0, 1),
            map_feature_distill_weights=(0.5, 0.5),
            map_feature_distill_cached_layers=(0, 1),
            map_feature_distill_teacher_dim=256,
            map_feature_distill_kd_dim=256,
            map_feature_distill_num_classes=3,
            map_feature_distill_cls_cost_weight=0.0,
            map_feature_distill_line_cost_weight=1.0,
            map_feature_distill_student_proj_depth=1,
            map_feature_distill_detach_point_embed=True,
            map_feature_distill_use_point_tokens=True,
            map_feature_distill_point_tokens_as_main=True,
            map_feature_distill_point_aux_weight=0.0,
            map_feature_distill_freeze_student_proj=False,
            map_feature_distill_teacher_identity=True,
            map_feature_distill_same_class_only=True,
            map_feature_match_mode='gt_anchor',
            map_teacher_to_student_class_perm=None)))
dataset_type = 'NuScenes3DDataset'
data_root = 'data/nuscenes/'
eval_data_root = 'data/nuscenes/'
anno_root = 'data/infos/'
file_client_args = dict(backend='disk')
img_norm_cfg = dict(
    mean=[123.675, 116.28, 103.53], std=[58.395, 57.12, 57.375], to_rgb=True)
train_pipeline = [
    dict(type='LoadMultiViewImageFromFiles', to_float32=True),
    dict(
        type='LoadPointsFromFile',
        coord_type='LIDAR',
        load_dim=5,
        use_dim=5,
        file_client_args=dict(backend='disk')),
    dict(type='ResizeCropFlipImage'),
    dict(type='MultiScaleDepthMapGenerator', downsample=[4, 8, 16]),
    dict(type='BBoxRotation'),
    dict(type='PhotoMetricDistortionMultiViewImage'),
    dict(
        type='NormalizeMultiviewImage',
        mean=[123.675, 116.28, 103.53],
        std=[58.395, 57.12, 57.375],
        to_rgb=True),
    dict(
        type='CircleObjectRangeFilter',
        class_dist_thred=[55, 55, 55, 55, 55, 55, 55, 55, 55, 55]),
    dict(
        type='InstanceNameFilter',
        classes=[
            'car', 'truck', 'construction_vehicle', 'bus', 'trailer',
            'barrier', 'motorcycle', 'bicycle', 'pedestrian', 'traffic_cone'
        ]),
    dict(
        type='VectorizeMap',
        roi_size=(30, 60),
        simplify=False,
        normalize=False,
        sample_num=20,
        permute=True),
    dict(type='NuScenesSparse4DAdaptor'),
    dict(
        type='Collect',
        keys=[
            'img', 'timestamp', 'projection_mat', 'image_wh', 'gt_depth',
            'focal', 'gt_bboxes_3d', 'gt_labels_3d', 'gt_map_labels',
            'gt_map_pts', 'gt_agent_fut_trajs', 'gt_agent_fut_masks',
            'gt_ego_fut_trajs', 'gt_ego_fut_masks', 'gt_ego_fut_cmd',
            'gt_ego_fut_trajs_2hz', 'gt_ego_fut_masks_2hz', 'ego_status',
            'ego_status_mask', 'teacher_map_logits', 'teacher_map_pts',
            'teacher_map_scores', 'teacher_map_features'
        ],
        meta_keys=['T_global', 'T_global_inv', 'timestamp', 'instance_id'])
]
test_pipeline = [
    dict(type='LoadMultiViewImageFromFiles', to_float32=True),
    dict(type='ResizeCropFlipImage'),
    dict(
        type='NormalizeMultiviewImage',
        mean=[123.675, 116.28, 103.53],
        std=[58.395, 57.12, 57.375],
        to_rgb=True),
    dict(type='NuScenesSparse4DAdaptor'),
    dict(
        type='Collect',
        keys=[
            'img', 'timestamp', 'projection_mat', 'image_wh', 'ego_status',
            'gt_ego_fut_cmd'
        ],
        meta_keys=['T_global', 'T_global_inv', 'timestamp'])
]
eval_pipeline = [
    dict(
        type='CircleObjectRangeFilter',
        class_dist_thred=[55, 55, 55, 55, 55, 55, 55, 55, 55, 55]),
    dict(
        type='InstanceNameFilter',
        classes=[
            'car', 'truck', 'construction_vehicle', 'bus', 'trailer',
            'barrier', 'motorcycle', 'bicycle', 'pedestrian', 'traffic_cone'
        ]),
    dict(
        type='VectorizeMap', roi_size=(30, 60), simplify=True,
        normalize=False),
    dict(
        type='Collect',
        keys=[
            'vectors', 'gt_bboxes_3d', 'gt_labels_3d', 'gt_agent_fut_trajs',
            'gt_agent_fut_masks', 'gt_ego_fut_trajs', 'gt_ego_fut_masks',
            'gt_ego_fut_cmd', 'fut_boxes'
        ],
        meta_keys=['token', 'timestamp'])
]
input_modality = dict(
    use_lidar=False,
    use_camera=True,
    use_radar=False,
    use_map=False,
    use_external=False)
nusc_version = 'v1.0-trainval'
data_basic_config = dict(
    type='NuScenes3DDataset',
    data_root='data/nuscenes/',
    classes=[
        'car', 'truck', 'construction_vehicle', 'bus', 'trailer', 'barrier',
        'motorcycle', 'bicycle', 'pedestrian', 'traffic_cone'
    ],
    map_classes=['ped_crossing', 'divider', 'boundary'],
    ego_status_dims=6,
    modality=dict(
        use_lidar=False,
        use_camera=True,
        use_radar=False,
        use_map=False,
        use_external=False),
    version='v1.0-trainval',
    work_dir='work_dirs/exp/E2_E1_stage2_18ep')
eval_config = dict(
    type='NuScenes3DDataset',
    data_root='data/nuscenes/',
    classes=[
        'car', 'truck', 'construction_vehicle', 'bus', 'trailer', 'barrier',
        'motorcycle', 'bicycle', 'pedestrian', 'traffic_cone'
    ],
    map_classes=['ped_crossing', 'divider', 'boundary'],
    ego_status_dims=6,
    modality=dict(
        use_lidar=False,
        use_camera=True,
        use_radar=False,
        use_map=False,
        use_external=False),
    version='v1.0-trainval',
    work_dir='work_dirs/exp/E11_E10_stage2_18ep_gt_pgt_feat',
    eval_data_root='data/nuscenes/',
    ann_file='data/infos/nuscenes_infos_val.pkl',
    pipeline=[
        dict(
            type='CircleObjectRangeFilter',
            class_dist_thred=[55, 55, 55, 55, 55, 55, 55, 55, 55, 55]),
        dict(
            type='InstanceNameFilter',
            classes=[
                'car', 'truck', 'construction_vehicle', 'bus', 'trailer',
                'barrier', 'motorcycle', 'bicycle', 'pedestrian',
                'traffic_cone'
            ]),
        dict(
            type='VectorizeMap',
            roi_size=(30, 60),
            simplify=True,
            normalize=False),
        dict(
            type='Collect',
            keys=[
                'vectors', 'gt_bboxes_3d', 'gt_labels_3d',
                'gt_agent_fut_trajs', 'gt_agent_fut_masks', 'gt_ego_fut_trajs',
                'gt_ego_fut_masks', 'gt_ego_fut_cmd', 'fut_boxes'
            ],
            meta_keys=['token', 'timestamp'])
    ],
    test_mode=True)
data_aug_conf = dict(
    resize_lim=(0.4, 0.47),
    final_dim=(256, 704),
    bot_pct_lim=(0.0, 0.0),
    rot_lim=(-5.4, 5.4),
    H=900,
    W=1600,
    rand_flip=True,
    rot3d_range=[0, 0])
data = dict(
    samples_per_gpu=4,
    workers_per_gpu=4,
    train=dict(
        type='NuScenes3DDataset',
        data_root='data/nuscenes/',
        classes=[
            'car', 'truck', 'construction_vehicle', 'bus', 'trailer',
            'barrier', 'motorcycle', 'bicycle', 'pedestrian', 'traffic_cone'
        ],
        map_classes=['ped_crossing', 'divider', 'boundary'],
        ego_status_dims=6,
        modality=dict(
            use_lidar=False,
            use_camera=True,
            use_radar=False,
            use_map=False,
            use_external=False),
        version='v1.0-trainval',
        work_dir='work_dirs/exp/E11_E10_stage2_18ep_gt_pgt_feat',
        ann_file='data/infos/nuscenes_infos_train.pkl',
        pipeline=[
            dict(type='LoadMultiViewImageFromFiles', to_float32=True),
            dict(
                type='LoadPointsFromFile',
                coord_type='LIDAR',
                load_dim=5,
                use_dim=5,
                file_client_args=dict(backend='disk')),
            dict(type='ResizeCropFlipImage'),
            dict(type='MultiScaleDepthMapGenerator', downsample=[4, 8, 16]),
            dict(type='BBoxRotation'),
            dict(type='PhotoMetricDistortionMultiViewImage'),
            dict(
                type='NormalizeMultiviewImage',
                mean=[123.675, 116.28, 103.53],
                std=[58.395, 57.12, 57.375],
                to_rgb=True),
            dict(
                type='CircleObjectRangeFilter',
                class_dist_thred=[55, 55, 55, 55, 55, 55, 55, 55, 55, 55]),
            dict(
                type='InstanceNameFilter',
                classes=[
                    'car', 'truck', 'construction_vehicle', 'bus', 'trailer',
                    'barrier', 'motorcycle', 'bicycle', 'pedestrian',
                    'traffic_cone'
                ]),
            dict(
                type='VectorizeMap',
                roi_size=(30, 60),
                simplify=False,
                normalize=False,
                sample_num=20,
                permute=True),
            dict(type='NuScenesSparse4DAdaptor'),
            dict(
                type='Collect',
                keys=[
                    'img', 'timestamp', 'projection_mat', 'image_wh',
                    'gt_depth', 'focal', 'gt_bboxes_3d', 'gt_labels_3d',
                    'gt_map_labels', 'gt_map_pts', 'gt_agent_fut_trajs',
                    'gt_agent_fut_masks', 'gt_ego_fut_trajs',
                    'gt_ego_fut_masks', 'gt_ego_fut_cmd',
                    'gt_ego_fut_trajs_2hz', 'gt_ego_fut_masks_2hz',
                    'ego_status', 'ego_status_mask', 'teacher_map_logits',
                    'teacher_map_pts', 'teacher_map_scores',
                    'teacher_map_features'
                ],
                meta_keys=[
                    'T_global', 'T_global_inv', 'timestamp', 'instance_id'
                ])
        ],
        test_mode=False,
        data_aug_conf=dict(
            resize_lim=(0.4, 0.47),
            final_dim=(256, 704),
            bot_pct_lim=(0.0, 0.0),
            rot_lim=(-5.4, 5.4),
            H=900,
            W=1600,
            rand_flip=True,
            rot3d_range=[0, 0]),
        with_seq_flag=True,
        sequences_split_num=2,
        keep_consistent_seq_aug=True,
        map_teacher_cache_path=
        'data/cache/map/maptrv2_teacher_train_feat_top20_l01.pkl',
        map_teacher_num_layers=2,
        map_teacher_num_queries=20,
        map_teacher_num_pts=20,
        map_teacher_feature_dim=256,
        map_teacher_require_features=True),
    val=dict(
        type='NuScenes3DDataset',
        data_root='data/nuscenes/',
        classes=[
            'car', 'truck', 'construction_vehicle', 'bus', 'trailer',
            'barrier', 'motorcycle', 'bicycle', 'pedestrian', 'traffic_cone'
        ],
        map_classes=['ped_crossing', 'divider', 'boundary'],
        ego_status_dims=6,
        modality=dict(
            use_lidar=False,
            use_camera=True,
            use_radar=False,
            use_map=False,
            use_external=False),
        version='v1.0-trainval',
        work_dir='work_dirs/exp/E11_E10_stage2_18ep_gt_pgt_feat',
        ann_file='data/infos/nuscenes_infos_val.pkl',
        pipeline=[
            dict(type='LoadMultiViewImageFromFiles', to_float32=True),
            dict(type='ResizeCropFlipImage'),
            dict(
                type='NormalizeMultiviewImage',
                mean=[123.675, 116.28, 103.53],
                std=[58.395, 57.12, 57.375],
                to_rgb=True),
            dict(type='NuScenesSparse4DAdaptor'),
            dict(
                type='Collect',
                keys=[
                    'img', 'timestamp', 'projection_mat', 'image_wh',
                    'ego_status', 'gt_ego_fut_cmd'
                ],
                meta_keys=['T_global', 'T_global_inv', 'timestamp'])
        ],
        data_aug_conf=dict(
            resize_lim=(0.4, 0.47),
            final_dim=(256, 704),
            bot_pct_lim=(0.0, 0.0),
            rot_lim=(-5.4, 5.4),
            H=900,
            W=1600,
            rand_flip=True,
            rot3d_range=[0, 0]),
        test_mode=True,
        eval_config=dict(
            type='NuScenes3DDataset',
            data_root='data/nuscenes/',
            classes=[
                'car', 'truck', 'construction_vehicle', 'bus', 'trailer',
                'barrier', 'motorcycle', 'bicycle', 'pedestrian',
                'traffic_cone'
            ],
            map_classes=['ped_crossing', 'divider', 'boundary'],
            ego_status_dims=6,
            modality=dict(
                use_lidar=False,
                use_camera=True,
                use_radar=False,
                use_map=False,
                use_external=False),
            version='v1.0-trainval',
            work_dir='work_dirs/exp/E11_E10_stage2_18ep_gt_pgt_feat',
            eval_data_root='data/nuscenes/',
            ann_file='data/infos/nuscenes_infos_val.pkl',
            pipeline=[
                dict(
                    type='CircleObjectRangeFilter',
                    class_dist_thred=[55, 55, 55, 55, 55, 55, 55, 55, 55, 55]),
                dict(
                    type='InstanceNameFilter',
                    classes=[
                        'car', 'truck', 'construction_vehicle', 'bus',
                        'trailer', 'barrier', 'motorcycle', 'bicycle',
                        'pedestrian', 'traffic_cone'
                    ]),
                dict(
                    type='VectorizeMap',
                    roi_size=(30, 60),
                    simplify=True,
                    normalize=False),
                dict(
                    type='Collect',
                    keys=[
                        'vectors', 'gt_bboxes_3d', 'gt_labels_3d',
                        'gt_agent_fut_trajs', 'gt_agent_fut_masks',
                        'gt_ego_fut_trajs', 'gt_ego_fut_masks',
                        'gt_ego_fut_cmd', 'fut_boxes'
                    ],
                    meta_keys=['token', 'timestamp'])
            ],
            test_mode=True)),
    test=dict(
        type='NuScenes3DDataset',
        data_root='data/nuscenes/',
        classes=[
            'car', 'truck', 'construction_vehicle', 'bus', 'trailer',
            'barrier', 'motorcycle', 'bicycle', 'pedestrian', 'traffic_cone'
        ],
        map_classes=['ped_crossing', 'divider', 'boundary'],
        ego_status_dims=6,
        modality=dict(
            use_lidar=False,
            use_camera=True,
            use_radar=False,
            use_map=False,
            use_external=False),
        version='v1.0-trainval',
        work_dir='work_dirs/exp/E11_E10_stage2_18ep_gt_pgt_feat',
        ann_file='data/infos/nuscenes_infos_val.pkl',
        pipeline=[
            dict(type='LoadMultiViewImageFromFiles', to_float32=True),
            dict(type='ResizeCropFlipImage'),
            dict(
                type='NormalizeMultiviewImage',
                mean=[123.675, 116.28, 103.53],
                std=[58.395, 57.12, 57.375],
                to_rgb=True),
            dict(type='NuScenesSparse4DAdaptor'),
            dict(
                type='Collect',
                keys=[
                    'img', 'timestamp', 'projection_mat', 'image_wh',
                    'ego_status', 'gt_ego_fut_cmd'
                ],
                meta_keys=['T_global', 'T_global_inv', 'timestamp'])
        ],
        data_aug_conf=dict(
            resize_lim=(0.4, 0.47),
            final_dim=(256, 704),
            bot_pct_lim=(0.0, 0.0),
            rot_lim=(-5.4, 5.4),
            H=900,
            W=1600,
            rand_flip=True,
            rot3d_range=[0, 0]),
        test_mode=True,
        eval_config=dict(
            type='NuScenes3DDataset',
            data_root='data/nuscenes/',
            classes=[
                'car', 'truck', 'construction_vehicle', 'bus', 'trailer',
                'barrier', 'motorcycle', 'bicycle', 'pedestrian',
                'traffic_cone'
            ],
            map_classes=['ped_crossing', 'divider', 'boundary'],
            ego_status_dims=6,
            modality=dict(
                use_lidar=False,
                use_camera=True,
                use_radar=False,
                use_map=False,
                use_external=False),
            version='v1.0-trainval',
            work_dir='work_dirs/exp/E11_E10_stage2_18ep_gt_pgt_feat',
            eval_data_root='data/nuscenes/',
            ann_file='data/infos/nuscenes_infos_val.pkl',
            pipeline=[
                dict(
                    type='CircleObjectRangeFilter',
                    class_dist_thred=[55, 55, 55, 55, 55, 55, 55, 55, 55, 55]),
                dict(
                    type='InstanceNameFilter',
                    classes=[
                        'car', 'truck', 'construction_vehicle', 'bus',
                        'trailer', 'barrier', 'motorcycle', 'bicycle',
                        'pedestrian', 'traffic_cone'
                    ]),
                dict(
                    type='VectorizeMap',
                    roi_size=(30, 60),
                    simplify=True,
                    normalize=False),
                dict(
                    type='Collect',
                    keys=[
                        'vectors', 'gt_bboxes_3d', 'gt_labels_3d',
                        'gt_agent_fut_trajs', 'gt_agent_fut_masks',
                        'gt_ego_fut_trajs', 'gt_ego_fut_masks',
                        'gt_ego_fut_cmd', 'fut_boxes'
                    ],
                    meta_keys=['token', 'timestamp'])
            ],
            test_mode=True)))
optimizer = dict(
    type='AdamW',
    lr=0.0001,
    weight_decay=0.001,
    paramwise_cfg=dict(custom_keys=dict(img_backbone=dict(lr_mult=0.5))))
optimizer_config = dict(grad_clip=dict(max_norm=25, norm_type=2))
lr_config = dict(
    policy='CosineAnnealing',
    warmup='linear',
    warmup_iters=500,
    warmup_ratio=0.3333333333333333,
    min_lr_ratio=0.001)
runner = dict(type='IterBasedRunner', max_iters=31644)
eval_mode = dict(
    with_det=True,
    with_tracking=False,
    with_map=True,
    with_motion=True,
    with_planning=True,
    tracking_threshold=0.2,
    motion_threshhold=0.2)
evaluation = dict(
    interval=5274,
    jsonfile_prefix='val/',
    eval_mode=dict(
        with_det=True,
        with_tracking=False,
        with_map=True,
        with_motion=True,
        with_planning=True,
        tracking_threshold=0.2,
        motion_threshhold=0.2),
    out_dir='val_vis')
custom_hooks = [
    dict(
        type='WandbValVisHook',
        vis_dir='val_vis/visual',
        max_images=8,
        interval=1,
        priority='LOWEST')
]
map_teacher_class_names = ['ped_crossing', 'divider', 'boundary']
map_teacher_to_student_class_perm = None
map_teacher_cache_path = 'data/cache/map/maptrv2_teacher_train_feat_top20_l01.pkl'
map_distill_mode = 'pseudo_gt'
map_distill_alpha_cls = 0.25
map_distill_alpha_reg = 1.0
map_distill_temperature = 4.0
map_distill_score_thr = 0.3
map_distill_dist_thr = 4.0
map_distill_last_layer_only = False
map_gt_loss_weight = 1.0
map_feature_distill_alpha = 1.0
map_feature_distill_layers = (0, 1)
map_feature_distill_weights = (0.5, 0.5)
map_feature_distill_cached_layers = (0, 1)
map_feature_distill_teacher_dim = 256
map_feature_distill_kd_dim = 256
map_feature_distill_num_classes = 3
map_feature_distill_cls_cost_weight = 0.0
map_feature_distill_line_cost_weight = 1.0
map_feature_distill_student_proj_depth = 1
map_feature_distill_detach_point_embed = True
map_feature_distill_use_point_tokens = True
map_feature_distill_point_tokens_as_main = True
map_feature_distill_point_aux_weight = 0.0
map_feature_distill_freeze_student_proj = False
map_feature_distill_teacher_identity = True
map_feature_distill_same_class_only = True
map_feature_match_mode = 'gt_anchor'
gpu_ids = range(0, 4)

2026-06-16 15:08:02,433 - mmdet - INFO - Set random seed to 0, deterministic: False
/home/chanyoung/miniconda3/envs/hipad/lib/python3.8/site-packages/mmdet/models/backbones/resnet.py:401: UserWarning: DeprecationWarning: pretrained is deprecated, please use "init_cfg" instead
  warnings.warn('DeprecationWarning: pretrained is deprecated, '
/home/chanyoung/miniconda3/envs/hipad/lib/python3.8/site-packages/mmdet/models/backbones/resnet.py:401: UserWarning: DeprecationWarning: pretrained is deprecated, please use "init_cfg" instead
  warnings.warn('DeprecationWarning: pretrained is deprecated, '
/home/chanyoung/miniconda3/envs/hipad/lib/python3.8/site-packages/mmdet/models/backbones/resnet.py:401: UserWarning: DeprecationWarning: pretrained is deprecated, please use "init_cfg" instead
  warnings.warn('DeprecationWarning: pretrained is deprecated, '
/home/chanyoung/miniconda3/envs/hipad/lib/python3.8/site-packages/mmdet/models/backbones/resnet.py:401: UserWarning: DeprecationWarning: pretrained is deprecated, please use "init_cfg" instead
  warnings.warn('DeprecationWarning: pretrained is deprecated, '
2026-06-16 15:08:03,060 - mmcv - INFO - initialize ResNet with init_cfg {'type': 'Pretrained', 'checkpoint': 'ckpts/resnet50-19c8e357.pth'}
2026-06-16 15:08:03,060 - mmcv - INFO - load model from: ckpts/resnet50-19c8e357.pth
2026-06-16 15:08:03,060 - mmcv - INFO - initialize ResNet with init_cfg {'type': 'Pretrained', 'checkpoint': 'ckpts/resnet50-19c8e357.pth'}
2026-06-16 15:08:03,061 - mmcv - INFO - load model from: ckpts/resnet50-19c8e357.pth
2026-06-16 15:08:03,061 - mmcv - INFO - load checkpoint from local path: ckpts/resnet50-19c8e357.pth
2026-06-16 15:08:03,061 - mmcv - INFO - load checkpoint from local path: ckpts/resnet50-19c8e357.pth
2026-06-16 15:08:03,092 - mmcv - INFO - initialize ResNet with init_cfg {'type': 'Pretrained', 'checkpoint': 'ckpts/resnet50-19c8e357.pth'}
2026-06-16 15:08:03,092 - mmcv - INFO - load model from: ckpts/resnet50-19c8e357.pth
2026-06-16 15:08:03,093 - mmcv - INFO - load checkpoint from local path: ckpts/resnet50-19c8e357.pth
2026-06-16 15:08:03,113 - mmcv - INFO - initialize ResNet with init_cfg {'type': 'Pretrained', 'checkpoint': 'ckpts/resnet50-19c8e357.pth'}
2026-06-16 15:08:03,113 - mmcv - INFO - load model from: ckpts/resnet50-19c8e357.pth
2026-06-16 15:08:03,114 - mmcv - INFO - load checkpoint from local path: ckpts/resnet50-19c8e357.pth
2026-06-16 15:08:03,233 - mmcv - WARNING - The model and loaded state dict do not match exactly

unexpected key in source state_dict: fc.weight, fc.bias

2026-06-16 15:08:03,262 - mmcv - INFO - initialize FPN with init_cfg {'type': 'Xavier', 'layer': 'Conv2d', 'distribution': 'uniform'}
2026-06-16 15:08:03,263 - mmcv - INFO - initialize FPN with init_cfg {'type': 'Xavier', 'layer': 'Conv2d', 'distribution': 'uniform'}
2026-06-16 15:08:03,298 - mmcv - INFO - initialize FPN with init_cfg {'type': 'Xavier', 'layer': 'Conv2d', 'distribution': 'uniform'}
2026-06-16 15:08:03,317 - mmcv - INFO - initialize FPN with init_cfg {'type': 'Xavier', 'layer': 'Conv2d', 'distribution': 'uniform'}
2026-06-16 15:08:03,462 - mmcv - INFO - 
img_backbone.conv1.weight - torch.Size([64, 3, 7, 7]): 
PretrainedInit: load from ckpts/resnet50-19c8e357.pth 
 
2026-06-16 15:08:03,463 - mmcv - INFO - 
img_backbone.bn1.weight - torch.Size([64]): 
PretrainedInit: load from ckpts/resnet50-19c8e357.pth 
 
2026-06-16 15:08:03,463 - mmcv - INFO - 
img_backbone.bn1.bias - torch.Size([64]): 
PretrainedInit: load from ckpts/resnet50-19c8e357.pth 
 
2026-06-16 15:08:03,463 - mmcv - INFO - 
img_backbone.layer1.0.conv1.weight - torch.Size([64, 64, 1, 1]): 
PretrainedInit: load from ckpts/resnet50-19c8e357.pth 
 
2026-06-16 15:08:03,463 - mmcv - INFO - 
img_backbone.layer1.0.bn1.weight - torch.Size([64]): 
PretrainedInit: load from ckpts/resnet50-19c8e357.pth 
 
2026-06-16 15:08:03,463 - mmcv - INFO - 
img_backbone.layer1.0.bn1.bias - torch.Size([64]): 
PretrainedInit: load from ckpts/resnet50-19c8e357.pth 
 
2026-06-16 15:08:03,463 - mmcv - INFO - 
img_backbone.layer1.0.conv2.weight - torch.Size([64, 64, 3, 3]): 
PretrainedInit: load from ckpts/resnet50-19c8e357.pth 
 
2026-06-16 15:08:03,463 - mmcv - INFO - 
img_backbone.layer1.0.bn2.weight - torch.Size([64]): 
PretrainedInit: load from ckpts/resnet50-19c8e357.pth 
 
2026-06-16 15:08:03,463 - mmcv - INFO - 
img_backbone.layer1.0.bn2.bias - torch.Size([64]): 
PretrainedInit: load from ckpts/resnet50-19c8e357.pth 
 
2026-06-16 15:08:03,463 - mmcv - INFO - 
img_backbone.layer1.0.conv3.weight - torch.Size([256, 64, 1, 1]): 
PretrainedInit: load from ckpts/resnet50-19c8e357.pth 
 
2026-06-16 15:08:03,463 - mmcv - INFO - 
img_backbone.layer1.0.bn3.weight - torch.Size([256]): 
PretrainedInit: load from ckpts/resnet50-19c8e357.pth 
 
2026-06-16 15:08:03,463 - mmcv - INFO - 
img_backbone.layer1.0.bn3.bias - torch.Size([256]): 
PretrainedInit: load from ckpts/resnet50-19c8e357.pth 
 
2026-06-16 15:08:03,463 - mmcv - INFO - 
img_backbone.layer1.0.downsample.0.weight - torch.Size([256, 64, 1, 1]): 
PretrainedInit: load from ckpts/resnet50-19c8e357.pth 
 
2026-06-16 15:08:03,463 - mmcv - INFO - 
img_backbone.layer1.0.downsample.1.weight - torch.Size([256]): 
PretrainedInit: load from ckpts/resnet50-19c8e357.pth 
 
2026-06-16 15:08:03,463 - mmcv - INFO - 
img_backbone.layer1.0.downsample.1.bias - torch.Size([256]): 
PretrainedInit: load from ckpts/resnet50-19c8e357.pth 
 
2026-06-16 15:08:03,463 - mmcv - INFO - 
img_backbone.layer1.1.conv1.weight - torch.Size([64, 256, 1, 1]): 
PretrainedInit: load from ckpts/resnet50-19c8e357.pth 
 
2026-06-16 15:08:03,463 - mmcv - INFO - 
img_backbone.layer1.1.bn1.weight - torch.Size([64]): 
PretrainedInit: load from ckpts/resnet50-19c8e357.pth 
 
2026-06-16 15:08:03,463 - mmcv - INFO - 
img_backbone.layer1.1.bn1.bias - torch.Size([64]): 
PretrainedInit: load from ckpts/resnet50-19c8e357.pth 
 
2026-06-16 15:08:03,463 - mmcv - INFO - 
img_backbone.layer1.1.conv2.weight - torch.Size([64, 64, 3, 3]): 
PretrainedInit: load from ckpts/resnet50-19c8e357.pth 
 
2026-06-16 15:08:03,463 - mmcv - INFO - 
img_backbone.layer1.1.bn2.weight - torch.Size([64]): 
PretrainedInit: load from ckpts/resnet50-19c8e357.pth 
 
2026-06-16 15:08:03,463 - mmcv - INFO - 
img_backbone.layer1.1.bn2.bias - torch.Size([64]): 
PretrainedInit: load from ckpts/resnet50-19c8e357.pth 
 
2026-06-16 15:08:03,463 - mmcv - INFO - 
img_backbone.layer1.1.conv3.weight - torch.Size([256, 64, 1, 1]): 
PretrainedInit: load from ckpts/resnet50-19c8e357.pth 
 
2026-06-16 15:08:03,463 - mmcv - INFO - 
img_backbone.layer1.1.bn3.weight - torch.Size([256]): 
PretrainedInit: load from ckpts/resnet50-19c8e357.pth 
 
2026-06-16 15:08:03,463 - mmcv - INFO - 
img_backbone.layer1.1.bn3.bias - torch.Size([256]): 
PretrainedInit: load from ckpts/resnet50-19c8e357.pth 
 
2026-06-16 15:08:03,463 - mmcv - INFO - 
img_backbone.layer1.2.conv1.weight - torch.Size([64, 256, 1, 1]): 
PretrainedInit: load from ckpts/resnet50-19c8e357.pth 
 
2026-06-16 15:08:03,463 - mmcv - INFO - 
img_backbone.layer1.2.bn1.weight - torch.Size([64]): 
PretrainedInit: load from ckpts/resnet50-19c8e357.pth 
 
2026-06-16 15:08:03,463 - mmcv - INFO - 
img_backbone.layer1.2.bn1.bias - torch.Size([64]): 
PretrainedInit: load from ckpts/resnet50-19c8e357.pth 
 
2026-06-16 15:08:03,463 - mmcv - INFO - 
img_backbone.layer1.2.conv2.weight - torch.Size([64, 64, 3, 3]): 
PretrainedInit: load from ckpts/resnet50-19c8e357.pth 
 
2026-06-16 15:08:03,463 - mmcv - INFO - 
img_backbone.layer1.2.bn2.weight - torch.Size([64]): 
PretrainedInit: load from ckpts/resnet50-19c8e357.pth 
 
2026-06-16 15:08:03,463 - mmcv - INFO - 
img_backbone.layer1.2.bn2.bias - torch.Size([64]): 
PretrainedInit: load from ckpts/resnet50-19c8e357.pth 
 
2026-06-16 15:08:03,463 - mmcv - INFO - 
img_backbone.layer1.2.conv3.weight - torch.Size([256, 64, 1, 1]): 
PretrainedInit: load from ckpts/resnet50-19c8e357.pth 
 
2026-06-16 15:08:03,463 - mmcv - INFO - 
img_backbone.layer1.2.bn3.weight - torch.Size([256]): 
PretrainedInit: load from ckpts/resnet50-19c8e357.pth 
 
2026-06-16 15:08:03,463 - mmcv - INFO - 
img_backbone.layer1.2.bn3.bias - torch.Size([256]): 
PretrainedInit: load from ckpts/resnet50-19c8e357.pth 
 
2026-06-16 15:08:03,463 - mmcv - INFO - 
img_backbone.layer2.0.conv1.weight - torch.Size([128, 256, 1, 1]): 
PretrainedInit: load from ckpts/resnet50-19c8e357.pth 
 
2026-06-16 15:08:03,463 - mmcv - INFO - 
img_backbone.layer2.0.bn1.weight - torch.Size([128]): 
PretrainedInit: load from ckpts/resnet50-19c8e357.pth 
 
2026-06-16 15:08:03,463 - mmcv - INFO - 
img_backbone.layer2.0.bn1.bias - torch.Size([128]): 
PretrainedInit: load from ckpts/resnet50-19c8e357.pth 
 
2026-06-16 15:08:03,464 - mmcv - INFO - 
img_backbone.layer2.0.conv2.weight - torch.Size([128, 128, 3, 3]): 
PretrainedInit: load from ckpts/resnet50-19c8e357.pth 
 
2026-06-16 15:08:03,464 - mmcv - INFO - 
img_backbone.layer2.0.bn2.weight - torch.Size([128]): 
PretrainedInit: load from ckpts/resnet50-19c8e357.pth 
 
2026-06-16 15:08:03,464 - mmcv - INFO - 
img_backbone.layer2.0.bn2.bias - torch.Size([128]): 
PretrainedInit: load from ckpts/resnet50-19c8e357.pth 
 
2026-06-16 15:08:03,464 - mmcv - INFO - 
img_backbone.layer2.0.conv3.weight - torch.Size([512, 128, 1, 1]): 
PretrainedInit: load from ckpts/resnet50-19c8e357.pth 
 
2026-06-16 15:08:03,464 - mmcv - INFO - 
img_backbone.layer2.0.bn3.weight - torch.Size([512]): 
PretrainedInit: load from ckpts/resnet50-19c8e357.pth 
 
2026-06-16 15:08:03,464 - mmcv - INFO - 
img_backbone.layer2.0.bn3.bias - torch.Size([512]): 
PretrainedInit: load from ckpts/resnet50-19c8e357.pth 
 
2026-06-16 15:08:03,464 - mmcv - INFO - 
img_backbone.layer2.0.downsample.0.weight - torch.Size([512, 256, 1, 1]): 
PretrainedInit: load from ckpts/resnet50-19c8e357.pth 
 
2026-06-16 15:08:03,464 - mmcv - INFO - 
img_backbone.layer2.0.downsample.1.weight - torch.Size([512]): 
PretrainedInit: load from ckpts/resnet50-19c8e357.pth 
 
2026-06-16 15:08:03,464 - mmcv - INFO - 
img_backbone.layer2.0.downsample.1.bias - torch.Size([512]): 
PretrainedInit: load from ckpts/resnet50-19c8e357.pth 
 
2026-06-16 15:08:03,464 - mmcv - INFO - 
img_backbone.layer2.1.conv1.weight - torch.Size([128, 512, 1, 1]): 
PretrainedInit: load from ckpts/resnet50-19c8e357.pth 
 
2026-06-16 15:08:03,464 - mmcv - INFO - 
img_backbone.layer2.1.bn1.weight - torch.Size([128]): 
PretrainedInit: load from ckpts/resnet50-19c8e357.pth 
 
2026-06-16 15:08:03,464 - mmcv - INFO - 
img_backbone.layer2.1.bn1.bias - torch.Size([128]): 
PretrainedInit: load from ckpts/resnet50-19c8e357.pth 
 
2026-06-16 15:08:03,464 - mmcv - INFO - 
img_backbone.layer2.1.conv2.weight - torch.Size([128, 128, 3, 3]): 
PretrainedInit: load from ckpts/resnet50-19c8e357.pth 
 
2026-06-16 15:08:03,464 - mmcv - INFO - 
img_backbone.layer2.1.bn2.weight - torch.Size([128]): 
PretrainedInit: load from ckpts/resnet50-19c8e357.pth 
 
2026-06-16 15:08:03,464 - mmcv - INFO - 
img_backbone.layer2.1.bn2.bias - torch.Size([128]): 
PretrainedInit: load from ckpts/resnet50-19c8e357.pth 
 
2026-06-16 15:08:03,464 - mmcv - INFO - 
img_backbone.layer2.1.conv3.weight - torch.Size([512, 128, 1, 1]): 
PretrainedInit: load from ckpts/resnet50-19c8e357.pth 
 
2026-06-16 15:08:03,464 - mmcv - INFO - 
img_backbone.layer2.1.bn3.weight - torch.Size([512]): 
PretrainedInit: load from ckpts/resnet50-19c8e357.pth 
 
2026-06-16 15:08:03,464 - mmcv - INFO - 
img_backbone.layer2.1.bn3.bias - torch.Size([512]): 
PretrainedInit: load from ckpts/resnet50-19c8e357.pth 
 
2026-06-16 15:08:03,464 - mmcv - INFO - 
img_backbone.layer2.2.conv1.weight - torch.Size([128, 512, 1, 1]): 
PretrainedInit: load from ckpts/resnet50-19c8e357.pth 
 
2026-06-16 15:08:03,464 - mmcv - INFO - 
img_backbone.layer2.2.bn1.weight - torch.Size([128]): 
PretrainedInit: load from ckpts/resnet50-19c8e357.pth 
 
2026-06-16 15:08:03,464 - mmcv - INFO - 
img_backbone.layer2.2.bn1.bias - torch.Size([128]): 
PretrainedInit: load from ckpts/resnet50-19c8e357.pth 
 
2026-06-16 15:08:03,464 - mmcv - INFO - 
img_backbone.layer2.2.conv2.weight - torch.Size([128, 128, 3, 3]): 
PretrainedInit: load from ckpts/resnet50-19c8e357.pth 
 
2026-06-16 15:08:03,464 - mmcv - INFO - 
img_backbone.layer2.2.bn2.weight - torch.Size([128]): 
PretrainedInit: load from ckpts/resnet50-19c8e357.pth 
 
2026-06-16 15:08:03,464 - mmcv - INFO - 
img_backbone.layer2.2.bn2.bias - torch.Size([128]): 
PretrainedInit: load from ckpts/resnet50-19c8e357.pth 
 
2026-06-16 15:08:03,464 - mmcv - INFO - 
img_backbone.layer2.2.conv3.weight - torch.Size([512, 128, 1, 1]): 
PretrainedInit: load from ckpts/resnet50-19c8e357.pth 
 
2026-06-16 15:08:03,464 - mmcv - INFO - 
img_backbone.layer2.2.bn3.weight - torch.Size([512]): 
PretrainedInit: load from ckpts/resnet50-19c8e357.pth 
 
2026-06-16 15:08:03,464 - mmcv - INFO - 
img_backbone.layer2.2.bn3.bias - torch.Size([512]): 
PretrainedInit: load from ckpts/resnet50-19c8e357.pth 
 
2026-06-16 15:08:03,464 - mmcv - INFO - 
img_backbone.layer2.3.conv1.weight - torch.Size([128, 512, 1, 1]): 
PretrainedInit: load from ckpts/resnet50-19c8e357.pth 
 
2026-06-16 15:08:03,464 - mmcv - INFO - 
img_backbone.layer2.3.bn1.weight - torch.Size([128]): 
PretrainedInit: load from ckpts/resnet50-19c8e357.pth 
 
2026-06-16 15:08:03,464 - mmcv - INFO - 
img_backbone.layer2.3.bn1.bias - torch.Size([128]): 
PretrainedInit: load from ckpts/resnet50-19c8e357.pth 
 
2026-06-16 15:08:03,464 - mmcv - INFO - 
img_backbone.layer2.3.conv2.weight - torch.Size([128, 128, 3, 3]): 
PretrainedInit: load from ckpts/resnet50-19c8e357.pth 
 
2026-06-16 15:08:03,464 - mmcv - INFO - 
img_backbone.layer2.3.bn2.weight - torch.Size([128]): 
PretrainedInit: load from ckpts/resnet50-19c8e357.pth 
 
2026-06-16 15:08:03,464 - mmcv - INFO - 
img_backbone.layer2.3.bn2.bias - torch.Size([128]): 
PretrainedInit: load from ckpts/resnet50-19c8e357.pth 
 
2026-06-16 15:08:03,464 - mmcv - INFO - 
img_backbone.layer2.3.conv3.weight - torch.Size([512, 128, 1, 1]): 
PretrainedInit: load from ckpts/resnet50-19c8e357.pth 
 
2026-06-16 15:08:03,464 - mmcv - INFO - 
img_backbone.layer2.3.bn3.weight - torch.Size([512]): 
PretrainedInit: load from ckpts/resnet50-19c8e357.pth 
 
2026-06-16 15:08:03,464 - mmcv - INFO - 
img_backbone.layer2.3.bn3.bias - torch.Size([512]): 
PretrainedInit: load from ckpts/resnet50-19c8e357.pth 
 
2026-06-16 15:08:03,464 - mmcv - INFO - 
img_backbone.layer3.0.conv1.weight - torch.Size([256, 512, 1, 1]): 
PretrainedInit: load from ckpts/resnet50-19c8e357.pth 
 
2026-06-16 15:08:03,465 - mmcv - INFO - 
img_backbone.layer3.0.bn1.weight - torch.Size([256]): 
PretrainedInit: load from ckpts/resnet50-19c8e357.pth 
 
2026-06-16 15:08:03,465 - mmcv - INFO - 
img_backbone.layer3.0.bn1.bias - torch.Size([256]): 
PretrainedInit: load from ckpts/resnet50-19c8e357.pth 
 
2026-06-16 15:08:03,465 - mmcv - INFO - 
img_backbone.layer3.0.conv2.weight - torch.Size([256, 256, 3, 3]): 
PretrainedInit: load from ckpts/resnet50-19c8e357.pth 
 
2026-06-16 15:08:03,465 - mmcv - INFO - 
img_backbone.layer3.0.bn2.weight - torch.Size([256]): 
PretrainedInit: load from ckpts/resnet50-19c8e357.pth 
 
2026-06-16 15:08:03,465 - mmcv - INFO - 
img_backbone.layer3.0.bn2.bias - torch.Size([256]): 
PretrainedInit: load from ckpts/resnet50-19c8e357.pth 
 
2026-06-16 15:08:03,465 - mmcv - INFO - 
img_backbone.layer3.0.conv3.weight - torch.Size([1024, 256, 1, 1]): 
PretrainedInit: load from ckpts/resnet50-19c8e357.pth 
 
2026-06-16 15:08:03,465 - mmcv - INFO - 
img_backbone.layer3.0.bn3.weight - torch.Size([1024]): 
PretrainedInit: load from ckpts/resnet50-19c8e357.pth 
 
2026-06-16 15:08:03,465 - mmcv - INFO - 
img_backbone.layer3.0.bn3.bias - torch.Size([1024]): 
PretrainedInit: load from ckpts/resnet50-19c8e357.pth 
 
2026-06-16 15:08:03,465 - mmcv - INFO - 
img_backbone.layer3.0.downsample.0.weight - torch.Size([1024, 512, 1, 1]): 
PretrainedInit: load from ckpts/resnet50-19c8e357.pth 
 
2026-06-16 15:08:03,465 - mmcv - INFO - 
img_backbone.layer3.0.downsample.1.weight - torch.Size([1024]): 
PretrainedInit: load from ckpts/resnet50-19c8e357.pth 
 
2026-06-16 15:08:03,465 - mmcv - INFO - 
img_backbone.layer3.0.downsample.1.bias - torch.Size([1024]): 
PretrainedInit: load from ckpts/resnet50-19c8e357.pth 
 
2026-06-16 15:08:03,465 - mmcv - INFO - 
img_backbone.layer3.1.conv1.weight - torch.Size([256, 1024, 1, 1]): 
PretrainedInit: load from ckpts/resnet50-19c8e357.pth 
 
2026-06-16 15:08:03,465 - mmcv - INFO - 
img_backbone.layer3.1.bn1.weight - torch.Size([256]): 
PretrainedInit: load from ckpts/resnet50-19c8e357.pth 
 
2026-06-16 15:08:03,465 - mmcv - INFO - 
img_backbone.layer3.1.bn1.bias - torch.Size([256]): 
PretrainedInit: load from ckpts/resnet50-19c8e357.pth 
 
2026-06-16 15:08:03,465 - mmcv - INFO - 
img_backbone.layer3.1.conv2.weight - torch.Size([256, 256, 3, 3]): 
PretrainedInit: load from ckpts/resnet50-19c8e357.pth 
 
2026-06-16 15:08:03,465 - mmcv - INFO - 
img_backbone.layer3.1.bn2.weight - torch.Size([256]): 
PretrainedInit: load from ckpts/resnet50-19c8e357.pth 
 
2026-06-16 15:08:03,465 - mmcv - INFO - 
img_backbone.layer3.1.bn2.bias - torch.Size([256]): 
PretrainedInit: load from ckpts/resnet50-19c8e357.pth 
 
2026-06-16 15:08:03,465 - mmcv - INFO - 
img_backbone.layer3.1.conv3.weight - torch.Size([1024, 256, 1, 1]): 
PretrainedInit: load from ckpts/resnet50-19c8e357.pth 
 
2026-06-16 15:08:03,465 - mmcv - INFO - 
img_backbone.layer3.1.bn3.weight - torch.Size([1024]): 
PretrainedInit: load from ckpts/resnet50-19c8e357.pth 
 
2026-06-16 15:08:03,465 - mmcv - INFO - 
img_backbone.layer3.1.bn3.bias - torch.Size([1024]): 
PretrainedInit: load from ckpts/resnet50-19c8e357.pth 
 
2026-06-16 15:08:03,465 - mmcv - INFO - 
img_backbone.layer3.2.conv1.weight - torch.Size([256, 1024, 1, 1]): 
PretrainedInit: load from ckpts/resnet50-19c8e357.pth 
 
2026-06-16 15:08:03,465 - mmcv - INFO - 
img_backbone.layer3.2.bn1.weight - torch.Size([256]): 
PretrainedInit: load from ckpts/resnet50-19c8e357.pth 
 
2026-06-16 15:08:03,465 - mmcv - INFO - 
img_backbone.layer3.2.bn1.bias - torch.Size([256]): 
PretrainedInit: load from ckpts/resnet50-19c8e357.pth 
 
2026-06-16 15:08:03,465 - mmcv - INFO - 
img_backbone.layer3.2.conv2.weight - torch.Size([256, 256, 3, 3]): 
PretrainedInit: load from ckpts/resnet50-19c8e357.pth 
 
2026-06-16 15:08:03,465 - mmcv - INFO - 
img_backbone.layer3.2.bn2.weight - torch.Size([256]): 
PretrainedInit: load from ckpts/resnet50-19c8e357.pth 
 
2026-06-16 15:08:03,465 - mmcv - INFO - 
img_backbone.layer3.2.bn2.bias - torch.Size([256]): 
PretrainedInit: load from ckpts/resnet50-19c8e357.pth 
 
2026-06-16 15:08:03,465 - mmcv - INFO - 
img_backbone.layer3.2.conv3.weight - torch.Size([1024, 256, 1, 1]): 
PretrainedInit: load from ckpts/resnet50-19c8e357.pth 
 
2026-06-16 15:08:03,465 - mmcv - INFO - 
img_backbone.layer3.2.bn3.weight - torch.Size([1024]): 
PretrainedInit: load from ckpts/resnet50-19c8e357.pth 
 
2026-06-16 15:08:03,465 - mmcv - INFO - 
img_backbone.layer3.2.bn3.bias - torch.Size([1024]): 
PretrainedInit: load from ckpts/resnet50-19c8e357.pth 
 
2026-06-16 15:08:03,465 - mmcv - INFO - 
img_backbone.layer3.3.conv1.weight - torch.Size([256, 1024, 1, 1]): 
PretrainedInit: load from ckpts/resnet50-19c8e357.pth 
 
2026-06-16 15:08:03,465 - mmcv - INFO - 
img_backbone.layer3.3.bn1.weight - torch.Size([256]): 
PretrainedInit: load from ckpts/resnet50-19c8e357.pth 
 
2026-06-16 15:08:03,465 - mmcv - INFO - 
img_backbone.layer3.3.bn1.bias - torch.Size([256]): 
PretrainedInit: load from ckpts/resnet50-19c8e357.pth 
 
2026-06-16 15:08:03,465 - mmcv - INFO - 
img_backbone.layer3.3.conv2.weight - torch.Size([256, 256, 3, 3]): 
PretrainedInit: load from ckpts/resnet50-19c8e357.pth 
 
2026-06-16 15:08:03,465 - mmcv - INFO - 
img_backbone.layer3.3.bn2.weight - torch.Size([256]): 
PretrainedInit: load from ckpts/resnet50-19c8e357.pth 
 
2026-06-16 15:08:03,465 - mmcv - INFO - 
img_backbone.layer3.3.bn2.bias - torch.Size([256]): 
PretrainedInit: load from ckpts/resnet50-19c8e357.pth 
 
2026-06-16 15:08:03,465 - mmcv - INFO - 
img_backbone.layer3.3.conv3.weight - torch.Size([1024, 256, 1, 1]): 
PretrainedInit: load from ckpts/resnet50-19c8e357.pth 
 
2026-06-16 15:08:03,465 - mmcv - INFO - 
img_backbone.layer3.3.bn3.weight - torch.Size([1024]): 
PretrainedInit: load from ckpts/resnet50-19c8e357.pth 
 
2026-06-16 15:08:03,465 - mmcv - INFO - 
img_backbone.layer3.3.bn3.bias - torch.Size([1024]): 
PretrainedInit: load from ckpts/resnet50-19c8e357.pth 
 
2026-06-16 15:08:03,466 - mmcv - INFO - 
img_backbone.layer3.4.conv1.weight - torch.Size([256, 1024, 1, 1]): 
PretrainedInit: load from ckpts/resnet50-19c8e357.pth 
 
2026-06-16 15:08:03,466 - mmcv - INFO - 
img_backbone.layer3.4.bn1.weight - torch.Size([256]): 
PretrainedInit: load from ckpts/resnet50-19c8e357.pth 
 
2026-06-16 15:08:03,466 - mmcv - INFO - 
img_backbone.layer3.4.bn1.bias - torch.Size([256]): 
PretrainedInit: load from ckpts/resnet50-19c8e357.pth 
 
2026-06-16 15:08:03,466 - mmcv - INFO - 
img_backbone.layer3.4.conv2.weight - torch.Size([256, 256, 3, 3]): 
PretrainedInit: load from ckpts/resnet50-19c8e357.pth 
 
2026-06-16 15:08:03,466 - mmcv - INFO - 
img_backbone.layer3.4.bn2.weight - torch.Size([256]): 
PretrainedInit: load from ckpts/resnet50-19c8e357.pth 
 
2026-06-16 15:08:03,466 - mmcv - INFO - 
img_backbone.layer3.4.bn2.bias - torch.Size([256]): 
PretrainedInit: load from ckpts/resnet50-19c8e357.pth 
 
2026-06-16 15:08:03,466 - mmcv - INFO - 
img_backbone.layer3.4.conv3.weight - torch.Size([1024, 256, 1, 1]): 
PretrainedInit: load from ckpts/resnet50-19c8e357.pth 
 
2026-06-16 15:08:03,466 - mmcv - INFO - 
img_backbone.layer3.4.bn3.weight - torch.Size([1024]): 
PretrainedInit: load from ckpts/resnet50-19c8e357.pth 
 
2026-06-16 15:08:03,466 - mmcv - INFO - 
img_backbone.layer3.4.bn3.bias - torch.Size([1024]): 
PretrainedInit: load from ckpts/resnet50-19c8e357.pth 
 
2026-06-16 15:08:03,466 - mmcv - INFO - 
img_backbone.layer3.5.conv1.weight - torch.Size([256, 1024, 1, 1]): 
PretrainedInit: load from ckpts/resnet50-19c8e357.pth 
 
2026-06-16 15:08:03,466 - mmcv - INFO - 
img_backbone.layer3.5.bn1.weight - torch.Size([256]): 
PretrainedInit: load from ckpts/resnet50-19c8e357.pth 
 
2026-06-16 15:08:03,466 - mmcv - INFO - 
img_backbone.layer3.5.bn1.bias - torch.Size([256]): 
PretrainedInit: load from ckpts/resnet50-19c8e357.pth 
 
2026-06-16 15:08:03,466 - mmcv - INFO - 
img_backbone.layer3.5.conv2.weight - torch.Size([256, 256, 3, 3]): 
PretrainedInit: load from ckpts/resnet50-19c8e357.pth 
 
2026-06-16 15:08:03,466 - mmcv - INFO - 
img_backbone.layer3.5.bn2.weight - torch.Size([256]): 
PretrainedInit: load from ckpts/resnet50-19c8e357.pth 
 
2026-06-16 15:08:03,466 - mmcv - INFO - 
img_backbone.layer3.5.bn2.bias - torch.Size([256]): 
PretrainedInit: load from ckpts/resnet50-19c8e357.pth 
 
2026-06-16 15:08:03,466 - mmcv - INFO - 
img_backbone.layer3.5.conv3.weight - torch.Size([1024, 256, 1, 1]): 
PretrainedInit: load from ckpts/resnet50-19c8e357.pth 
 
2026-06-16 15:08:03,466 - mmcv - INFO - 
img_backbone.layer3.5.bn3.weight - torch.Size([1024]): 
PretrainedInit: load from ckpts/resnet50-19c8e357.pth 
 
2026-06-16 15:08:03,466 - mmcv - INFO - 
img_backbone.layer3.5.bn3.bias - torch.Size([1024]): 
PretrainedInit: load from ckpts/resnet50-19c8e357.pth 
 
2026-06-16 15:08:03,466 - mmcv - INFO - 
img_backbone.layer4.0.conv1.weight - torch.Size([512, 1024, 1, 1]): 
PretrainedInit: load from ckpts/resnet50-19c8e357.pth 
 
2026-06-16 15:08:03,466 - mmcv - INFO - 
img_backbone.layer4.0.bn1.weight - torch.Size([512]): 
PretrainedInit: load from ckpts/resnet50-19c8e357.pth 
 
2026-06-16 15:08:03,466 - mmcv - INFO - 
img_backbone.layer4.0.bn1.bias - torch.Size([512]): 
PretrainedInit: load from ckpts/resnet50-19c8e357.pth 
 
2026-06-16 15:08:03,466 - mmcv - INFO - 
img_backbone.layer4.0.conv2.weight - torch.Size([512, 512, 3, 3]): 
PretrainedInit: load from ckpts/resnet50-19c8e357.pth 
 
2026-06-16 15:08:03,466 - mmcv - INFO - 
img_backbone.layer4.0.bn2.weight - torch.Size([512]): 
PretrainedInit: load from ckpts/resnet50-19c8e357.pth 
 
2026-06-16 15:08:03,466 - mmcv - INFO - 
img_backbone.layer4.0.bn2.bias - torch.Size([512]): 
PretrainedInit: load from ckpts/resnet50-19c8e357.pth 
 
2026-06-16 15:08:03,466 - mmcv - INFO - 
img_backbone.layer4.0.conv3.weight - torch.Size([2048, 512, 1, 1]): 
PretrainedInit: load from ckpts/resnet50-19c8e357.pth 
 
2026-06-16 15:08:03,466 - mmcv - INFO - 
img_backbone.layer4.0.bn3.weight - torch.Size([2048]): 
PretrainedInit: load from ckpts/resnet50-19c8e357.pth 
 
2026-06-16 15:08:03,466 - mmcv - INFO - 
img_backbone.layer4.0.bn3.bias - torch.Size([2048]): 
PretrainedInit: load from ckpts/resnet50-19c8e357.pth 
 
2026-06-16 15:08:03,466 - mmcv - INFO - 
img_backbone.layer4.0.downsample.0.weight - torch.Size([2048, 1024, 1, 1]): 
PretrainedInit: load from ckpts/resnet50-19c8e357.pth 
 
2026-06-16 15:08:03,466 - mmcv - INFO - 
img_backbone.layer4.0.downsample.1.weight - torch.Size([2048]): 
PretrainedInit: load from ckpts/resnet50-19c8e357.pth 
 
2026-06-16 15:08:03,466 - mmcv - INFO - 
img_backbone.layer4.0.downsample.1.bias - torch.Size([2048]): 
PretrainedInit: load from ckpts/resnet50-19c8e357.pth 
 
2026-06-16 15:08:03,466 - mmcv - INFO - 
img_backbone.layer4.1.conv1.weight - torch.Size([512, 2048, 1, 1]): 
PretrainedInit: load from ckpts/resnet50-19c8e357.pth 
 
2026-06-16 15:08:03,466 - mmcv - INFO - 
img_backbone.layer4.1.bn1.weight - torch.Size([512]): 
PretrainedInit: load from ckpts/resnet50-19c8e357.pth 
 
2026-06-16 15:08:03,466 - mmcv - INFO - 
img_backbone.layer4.1.bn1.bias - torch.Size([512]): 
PretrainedInit: load from ckpts/resnet50-19c8e357.pth 
 
2026-06-16 15:08:03,466 - mmcv - INFO - 
img_backbone.layer4.1.conv2.weight - torch.Size([512, 512, 3, 3]): 
PretrainedInit: load from ckpts/resnet50-19c8e357.pth 
 
2026-06-16 15:08:03,466 - mmcv - INFO - 
img_backbone.layer4.1.bn2.weight - torch.Size([512]): 
PretrainedInit: load from ckpts/resnet50-19c8e357.pth 
 
2026-06-16 15:08:03,466 - mmcv - INFO - 
img_backbone.layer4.1.bn2.bias - torch.Size([512]): 
PretrainedInit: load from ckpts/resnet50-19c8e357.pth 
 
2026-06-16 15:08:03,466 - mmcv - INFO - 
img_backbone.layer4.1.conv3.weight - torch.Size([2048, 512, 1, 1]): 
PretrainedInit: load from ckpts/resnet50-19c8e357.pth 
 
2026-06-16 15:08:03,466 - mmcv - INFO - 
img_backbone.layer4.1.bn3.weight - torch.Size([2048]): 
PretrainedInit: load from ckpts/resnet50-19c8e357.pth 
 
2026-06-16 15:08:03,466 - mmcv - INFO - 
img_backbone.layer4.1.bn3.bias - torch.Size([2048]): 
PretrainedInit: load from ckpts/resnet50-19c8e357.pth 
 
2026-06-16 15:08:03,467 - mmcv - INFO - 
img_backbone.layer4.2.conv1.weight - torch.Size([512, 2048, 1, 1]): 
PretrainedInit: load from ckpts/resnet50-19c8e357.pth 
 
2026-06-16 15:08:03,467 - mmcv - INFO - 
img_backbone.layer4.2.bn1.weight - torch.Size([512]): 
PretrainedInit: load from ckpts/resnet50-19c8e357.pth 
 
2026-06-16 15:08:03,467 - mmcv - INFO - 
img_backbone.layer4.2.bn1.bias - torch.Size([512]): 
PretrainedInit: load from ckpts/resnet50-19c8e357.pth 
 
2026-06-16 15:08:03,467 - mmcv - INFO - 
img_backbone.layer4.2.conv2.weight - torch.Size([512, 512, 3, 3]): 
PretrainedInit: load from ckpts/resnet50-19c8e357.pth 
 
2026-06-16 15:08:03,467 - mmcv - INFO - 
img_backbone.layer4.2.bn2.weight - torch.Size([512]): 
PretrainedInit: load from ckpts/resnet50-19c8e357.pth 
 
2026-06-16 15:08:03,467 - mmcv - INFO - 
img_backbone.layer4.2.bn2.bias - torch.Size([512]): 
PretrainedInit: load from ckpts/resnet50-19c8e357.pth 
 
2026-06-16 15:08:03,467 - mmcv - INFO - 
img_backbone.layer4.2.conv3.weight - torch.Size([2048, 512, 1, 1]): 
PretrainedInit: load from ckpts/resnet50-19c8e357.pth 
 
2026-06-16 15:08:03,467 - mmcv - INFO - 
img_backbone.layer4.2.bn3.weight - torch.Size([2048]): 
PretrainedInit: load from ckpts/resnet50-19c8e357.pth 
 
2026-06-16 15:08:03,467 - mmcv - INFO - 
img_backbone.layer4.2.bn3.bias - torch.Size([2048]): 
PretrainedInit: load from ckpts/resnet50-19c8e357.pth 
 
2026-06-16 15:08:03,467 - mmcv - INFO - 
img_neck.lateral_convs.0.conv.weight - torch.Size([256, 256, 1, 1]): 
XavierInit: gain=1, distribution=uniform, bias=0 
 
2026-06-16 15:08:03,467 - mmcv - INFO - 
img_neck.lateral_convs.0.conv.bias - torch.Size([256]): 
The value is the same before and after calling `init_weights` of SparseDetector  
 
2026-06-16 15:08:03,467 - mmcv - INFO - 
img_neck.lateral_convs.1.conv.weight - torch.Size([256, 512, 1, 1]): 
XavierInit: gain=1, distribution=uniform, bias=0 
 
2026-06-16 15:08:03,467 - mmcv - INFO - 
img_neck.lateral_convs.1.conv.bias - torch.Size([256]): 
The value is the same before and after calling `init_weights` of SparseDetector  
 
2026-06-16 15:08:03,467 - mmcv - INFO - 
img_neck.lateral_convs.2.conv.weight - torch.Size([256, 1024, 1, 1]): 
XavierInit: gain=1, distribution=uniform, bias=0 
 
2026-06-16 15:08:03,467 - mmcv - INFO - 
img_neck.lateral_convs.2.conv.bias - torch.Size([256]): 
The value is the same before and after calling `init_weights` of SparseDetector  
 
2026-06-16 15:08:03,467 - mmcv - INFO - 
img_neck.lateral_convs.3.conv.weight - torch.Size([256, 2048, 1, 1]): 
XavierInit: gain=1, distribution=uniform, bias=0 
 
2026-06-16 15:08:03,467 - mmcv - INFO - 
img_neck.lateral_convs.3.conv.bias - torch.Size([256]): 
The value is the same before and after calling `init_weights` of SparseDetector  
 
2026-06-16 15:08:03,467 - mmcv - INFO - 
img_neck.fpn_convs.0.conv.weight - torch.Size([256, 256, 3, 3]): 
XavierInit: gain=1, distribution=uniform, bias=0 
 
2026-06-16 15:08:03,467 - mmcv - INFO - 
img_neck.fpn_convs.0.bn.weight - torch.Size([256]): 
The value is the same before and after calling `init_weights` of SparseDetector  
 
2026-06-16 15:08:03,467 - mmcv - INFO - 
img_neck.fpn_convs.0.bn.bias - torch.Size([256]): 
The value is the same before and after calling `init_weights` of SparseDetector  
 
2026-06-16 15:08:03,467 - mmcv - INFO - 
img_neck.fpn_convs.1.conv.weight - torch.Size([256, 256, 3, 3]): 
XavierInit: gain=1, distribution=uniform, bias=0 
 
2026-06-16 15:08:03,467 - mmcv - INFO - 
img_neck.fpn_convs.1.bn.weight - torch.Size([256]): 
The value is the same before and after calling `init_weights` of SparseDetector  
 
2026-06-16 15:08:03,467 - mmcv - INFO - 
img_neck.fpn_convs.1.bn.bias - torch.Size([256]): 
The value is the same before and after calling `init_weights` of SparseDetector  
 
2026-06-16 15:08:03,467 - mmcv - INFO - 
img_neck.fpn_convs.2.conv.weight - torch.Size([256, 256, 3, 3]): 
XavierInit: gain=1, distribution=uniform, bias=0 
 
2026-06-16 15:08:03,467 - mmcv - INFO - 
img_neck.fpn_convs.2.bn.weight - torch.Size([256]): 
The value is the same before and after calling `init_weights` of SparseDetector  
 
2026-06-16 15:08:03,467 - mmcv - INFO - 
img_neck.fpn_convs.2.bn.bias - torch.Size([256]): 
The value is the same before and after calling `init_weights` of SparseDetector  
 
2026-06-16 15:08:03,467 - mmcv - INFO - 
img_neck.fpn_convs.3.conv.weight - torch.Size([256, 256, 3, 3]): 
XavierInit: gain=1, distribution=uniform, bias=0 
 
2026-06-16 15:08:03,467 - mmcv - INFO - 
img_neck.fpn_convs.3.bn.weight - torch.Size([256]): 
The value is the same before and after calling `init_weights` of SparseDetector  
 
2026-06-16 15:08:03,467 - mmcv - INFO - 
img_neck.fpn_convs.3.bn.bias - torch.Size([256]): 
The value is the same before and after calling `init_weights` of SparseDetector  
 
2026-06-16 15:08:03,467 - mmcv - INFO - 
head.onedecoder_head.motion_anchor - torch.Size([10, 6, 12, 2]): 
The value is the same before and after calling `init_weights` of SparseDetector  
 
2026-06-16 15:08:03,467 - mmcv - INFO - 
head.onedecoder_head.det_instance_bank.anchor - torch.Size([900, 11]): 
The value is the same before and after calling `init_weights` of SparseDetector  
 
2026-06-16 15:08:03,467 - mmcv - INFO - 
head.onedecoder_head.det_instance_bank.instance_feature - torch.Size([900, 256]): 
The value is the same before and after calling `init_weights` of SparseDetector  
 
2026-06-16 15:08:03,467 - mmcv - INFO - 
head.onedecoder_head.det_instance_bank.anchor_handler.fix_scale - torch.Size([1, 3]): 
The value is the same before and after calling `init_weights` of SparseDetector  
 
2026-06-16 15:08:03,467 - mmcv - INFO - 
head.onedecoder_head.det_anchor_encoder.pos_fc.0.weight - torch.Size([128, 3]): 
The value is the same before and after calling `init_weights` of SparseDetector  
 
2026-06-16 15:08:03,467 - mmcv - INFO - 
head.onedecoder_head.det_anchor_encoder.pos_fc.0.bias - torch.Size([128]): 
The value is the same before and after calling `init_weights` of SparseDetector  
 
2026-06-16 15:08:03,467 - mmcv - INFO - 
head.onedecoder_head.det_anchor_encoder.pos_fc.2.weight - torch.Size([128]): 
The value is the same before and after calling `init_weights` of SparseDetector  
 
2026-06-16 15:08:03,467 - mmcv - INFO - 
head.onedecoder_head.det_anchor_encoder.pos_fc.2.bias - torch.Size([128]): 
The value is the same before and after calling `init_weights` of SparseDetector  
 
2026-06-16 15:08:03,468 - mmcv - INFO - 
head.onedecoder_head.det_anchor_encoder.pos_fc.3.weight - torch.Size([128, 128]): 
The value is the same before and after calling `init_weights` of SparseDetector  
 
2026-06-16 15:08:03,468 - mmcv - INFO - 
head.onedecoder_head.det_anchor_encoder.pos_fc.3.bias - torch.Size([128]): 
The value is the same before and after calling `init_weights` of SparseDetector  
 
2026-06-16 15:08:03,468 - mmcv - INFO - 
head.onedecoder_head.det_anchor_encoder.pos_fc.5.weight - torch.Size([128]): 
The value is the same before and after calling `init_weights` of SparseDetector  
 
2026-06-16 15:08:03,468 - mmcv - INFO - 
head.onedecoder_head.det_anchor_encoder.pos_fc.5.bias - torch.Size([128]): 
The value is the same before and after calling `init_weights` of SparseDetector  
 
2026-06-16 15:08:03,468 - mmcv - INFO - 
head.onedecoder_head.det_anchor_encoder.pos_fc.6.weight - torch.Size([128, 128]): 
The value is the same before and after calling `init_weights` of SparseDetector  
 
2026-06-16 15:08:03,468 - mmcv - INFO - 
head.onedecoder_head.det_anchor_encoder.pos_fc.6.bias - torch.Size([128]): 
The value is the same before and after calling `init_weights` of SparseDetector  
 
2026-06-16 15:08:03,468 - mmcv - INFO - 
head.onedecoder_head.det_anchor_encoder.pos_fc.8.weight - torch.Size([128]): 
The value is the same before and after calling `init_weights` of SparseDetector  
 
2026-06-16 15:08:03,468 - mmcv - INFO - 
head.onedecoder_head.det_anchor_encoder.pos_fc.8.bias - torch.Size([128]): 
The value is the same before and after calling `init_weights` of SparseDetector  
 
2026-06-16 15:08:03,468 - mmcv - INFO - 
head.onedecoder_head.det_anchor_encoder.pos_fc.9.weight - torch.Size([128, 128]): 
The value is the same before and after calling `init_weights` of SparseDetector  
 
2026-06-16 15:08:03,468 - mmcv - INFO - 
head.onedecoder_head.det_anchor_encoder.pos_fc.9.bias - torch.Size([128]): 
The value is the same before and after calling `init_weights` of SparseDetector  
 
2026-06-16 15:08:03,468 - mmcv - INFO - 
head.onedecoder_head.det_anchor_encoder.pos_fc.11.weight - torch.Size([128]): 
The value is the same before and after calling `init_weights` of SparseDetector  
 
2026-06-16 15:08:03,468 - mmcv - INFO - 
head.onedecoder_head.det_anchor_encoder.pos_fc.11.bias - torch.Size([128]): 
The value is the same before and after calling `init_weights` of SparseDetector  
 
2026-06-16 15:08:03,468 - mmcv - INFO - 
head.onedecoder_head.det_anchor_encoder.size_fc.0.weight - torch.Size([32, 3]): 
The value is the same before and after calling `init_weights` of SparseDetector  
 
2026-06-16 15:08:03,468 - mmcv - INFO - 
head.onedecoder_head.det_anchor_encoder.size_fc.0.bias - torch.Size([32]): 
The value is the same before and after calling `init_weights` of SparseDetector  
 
2026-06-16 15:08:03,468 - mmcv - INFO - 
head.onedecoder_head.det_anchor_encoder.size_fc.2.weight - torch.Size([32]): 
The value is the same before and after calling `init_weights` of SparseDetector  
 
2026-06-16 15:08:03,468 - mmcv - INFO - 
head.onedecoder_head.det_anchor_encoder.size_fc.2.bias - torch.Size([32]): 
The value is the same before and after calling `init_weights` of SparseDetector  
 
2026-06-16 15:08:03,468 - mmcv - INFO - 
head.onedecoder_head.det_anchor_encoder.size_fc.3.weight - torch.Size([32, 32]): 
The value is the same before and after calling `init_weights` of SparseDetector  
 
2026-06-16 15:08:03,468 - mmcv - INFO - 
head.onedecoder_head.det_anchor_encoder.size_fc.3.bias - torch.Size([32]): 
The value is the same before and after calling `init_weights` of SparseDetector  
 
2026-06-16 15:08:03,468 - mmcv - INFO - 
head.onedecoder_head.det_anchor_encoder.size_fc.5.weight - torch.Size([32]): 
The value is the same before and after calling `init_weights` of SparseDetector  
 
2026-06-16 15:08:03,468 - mmcv - INFO - 
head.onedecoder_head.det_anchor_encoder.size_fc.5.bias - torch.Size([32]): 
The value is the same before and after calling `init_weights` of SparseDetector  
 
2026-06-16 15:08:03,468 - mmcv - INFO - 
head.onedecoder_head.det_anchor_encoder.size_fc.6.weight - torch.Size([32, 32]): 
The value is the same before and after calling `init_weights` of SparseDetector  
 
2026-06-16 15:08:03,468 - mmcv - INFO - 
head.onedecoder_head.det_anchor_encoder.size_fc.6.bias - torch.Size([32]): 
The value is the same before and after calling `init_weights` of SparseDetector  
 
2026-06-16 15:08:03,468 - mmcv - INFO - 
head.onedecoder_head.det_anchor_encoder.size_fc.8.weight - torch.Size([32]): 
The value is the same before and after calling `init_weights` of SparseDetector  
 
2026-06-16 15:08:03,468 - mmcv - INFO - 
head.onedecoder_head.det_anchor_encoder.size_fc.8.bias - torch.Size([32]): 
The value is the same before and after calling `init_weights` of SparseDetector  
 
2026-06-16 15:08:03,468 - mmcv - INFO - 
head.onedecoder_head.det_anchor_encoder.size_fc.9.weight - torch.Size([32, 32]): 
The value is the same before and after calling `init_weights` of SparseDetector  
 
2026-06-16 15:08:03,468 - mmcv - INFO - 
head.onedecoder_head.det_anchor_encoder.size_fc.9.bias - torch.Size([32]): 
The value is the same before and after calling `init_weights` of SparseDetector  
 
2026-06-16 15:08:03,468 - mmcv - INFO - 
head.onedecoder_head.det_anchor_encoder.size_fc.11.weight - torch.Size([32]): 
The value is the same before and after calling `init_weights` of SparseDetector  
 
2026-06-16 15:08:03,468 - mmcv - INFO - 
head.onedecoder_head.det_anchor_encoder.size_fc.11.bias - torch.Size([32]): 
The value is the same before and after calling `init_weights` of SparseDetector  
 
2026-06-16 15:08:03,468 - mmcv - INFO - 
head.onedecoder_head.det_anchor_encoder.yaw_fc.0.weight - torch.Size([32, 2]): 
The value is the same before and after calling `init_weights` of SparseDetector  
 
2026-06-16 15:08:03,468 - mmcv - INFO - 
head.onedecoder_head.det_anchor_encoder.yaw_fc.0.bias - torch.Size([32]): 
The value is the same before and after calling `init_weights` of SparseDetector  
 
2026-06-16 15:08:03,468 - mmcv - INFO - 
head.onedecoder_head.det_anchor_encoder.yaw_fc.2.weight - torch.Size([32]): 
The value is the same before and after calling `init_weights` of SparseDetector  
 
2026-06-16 15:08:03,468 - mmcv - INFO - 
head.onedecoder_head.det_anchor_encoder.yaw_fc.2.bias - torch.Size([32]): 
The value is the same before and after calling `init_weights` of SparseDetector  
 
2026-06-16 15:08:03,468 - mmcv - INFO - 
head.onedecoder_head.det_anchor_encoder.yaw_fc.3.weight - torch.Size([32, 32]): 
The value is the same before and after calling `init_weights` of SparseDetector  
 
2026-06-16 15:08:03,468 - mmcv - INFO - 
head.onedecoder_head.det_anchor_encoder.yaw_fc.3.bias - torch.Size([32]): 
The value is the same before and after calling `init_weights` of SparseDetector  
 
2026-06-16 15:08:03,468 - mmcv - INFO - 
head.onedecoder_head.det_anchor_encoder.yaw_fc.5.weight - torch.Size([32]): 
The value is the same before and after calling `init_weights` of SparseDetector  
 
2026-06-16 15:08:03,468 - mmcv - INFO - 
head.onedecoder_head.det_anchor_encoder.yaw_fc.5.bias - torch.Size([32]): 
The value is the same before and after calling `init_weights` of SparseDetector  
 
2026-06-16 15:08:03,468 - mmcv - INFO - 
head.onedecoder_head.det_anchor_encoder.yaw_fc.6.weight - torch.Size([32, 32]): 
The value is the same before and after calling `init_weights` of SparseDetector  
 
2026-06-16 15:08:03,468 - mmcv - INFO - 
head.onedecoder_head.det_anchor_encoder.yaw_fc.6.bias - torch.Size([32]): 
The value is the same before and after calling `init_weights` of SparseDetector  
 
2026-06-16 15:08:03,468 - mmcv - INFO - 
head.onedecoder_head.det_anchor_encoder.yaw_fc.8.weight - torch.Size([32]): 
The value is the same before and after calling `init_weights` of SparseDetector  
 
2026-06-16 15:08:03,468 - mmcv - INFO - 
head.onedecoder_head.det_anchor_encoder.yaw_fc.8.bias - torch.Size([32]): 
The value is the same before and after calling `init_weights` of SparseDetector  
 
2026-06-16 15:08:03,469 - mmcv - INFO - 
head.onedecoder_head.det_anchor_encoder.yaw_fc.9.weight - torch.Size([32, 32]): 
The value is the same before and after calling `init_weights` of SparseDetector  
 
2026-06-16 15:08:03,469 - mmcv - INFO - 
head.onedecoder_head.det_anchor_encoder.yaw_fc.9.bias - torch.Size([32]): 
The value is the same before and after calling `init_weights` of SparseDetector  
 
2026-06-16 15:08:03,469 - mmcv - INFO - 
head.onedecoder_head.det_anchor_encoder.yaw_fc.11.weight - torch.Size([32]): 
The value is the same before and after calling `init_weights` of SparseDetector  
 
2026-06-16 15:08:03,469 - mmcv - INFO - 
head.onedecoder_head.det_anchor_encoder.yaw_fc.11.bias - torch.Size([32]): 
The value is the same before and after calling `init_weights` of SparseDetector  
 
2026-06-16 15:08:03,469 - mmcv - INFO - 
head.onedecoder_head.det_anchor_encoder.vel_fc.0.weight - torch.Size([64, 3]): 
The value is the same before and after calling `init_weights` of SparseDetector  
 
2026-06-16 15:08:03,469 - mmcv - INFO - 
head.onedecoder_head.det_anchor_encoder.vel_fc.0.bias - torch.Size([64]): 
The value is the same before and after calling `init_weights` of SparseDetector  
 
2026-06-16 15:08:03,469 - mmcv - INFO - 
head.onedecoder_head.det_anchor_encoder.vel_fc.2.weight - torch.Size([64]): 
The value is the same before and after calling `init_weights` of SparseDetector  
 
2026-06-16 15:08:03,469 - mmcv - INFO - 
head.onedecoder_head.det_anchor_encoder.vel_fc.2.bias - torch.Size([64]): 
The value is the same before and after calling `init_weights` of SparseDetector  
 
2026-06-16 15:08:03,469 - mmcv - INFO - 
head.onedecoder_head.det_anchor_encoder.vel_fc.3.weight - torch.Size([64, 64]): 
The value is the same before and after calling `init_weights` of SparseDetector  
 
2026-06-16 15:08:03,469 - mmcv - INFO - 
head.onedecoder_head.det_anchor_encoder.vel_fc.3.bias - torch.Size([64]): 
The value is the same before and after calling `init_weights` of SparseDetector  
 
2026-06-16 15:08:03,469 - mmcv - INFO - 
head.onedecoder_head.det_anchor_encoder.vel_fc.5.weight - torch.Size([64]): 
The value is the same before and after calling `init_weights` of SparseDetector  
 
2026-06-16 15:08:03,469 - mmcv - INFO - 
head.onedecoder_head.det_anchor_encoder.vel_fc.5.bias - torch.Size([64]): 
The value is the same before and after calling `init_weights` of SparseDetector  
 
2026-06-16 15:08:03,469 - mmcv - INFO - 
head.onedecoder_head.det_anchor_encoder.vel_fc.6.weight - torch.Size([64, 64]): 
The value is the same before and after calling `init_weights` of SparseDetector  
 
2026-06-16 15:08:03,469 - mmcv - INFO - 
head.onedecoder_head.det_anchor_encoder.vel_fc.6.bias - torch.Size([64]): 
The value is the same before and after calling `init_weights` of SparseDetector  
 
2026-06-16 15:08:03,469 - mmcv - INFO - 
head.onedecoder_head.det_anchor_encoder.vel_fc.8.weight - torch.Size([64]): 
The value is the same before and after calling `init_weights` of SparseDetector  
 
2026-06-16 15:08:03,469 - mmcv - INFO - 
head.onedecoder_head.det_anchor_encoder.vel_fc.8.bias - torch.Size([64]): 
The value is the same before and after calling `init_weights` of SparseDetector  
 
2026-06-16 15:08:03,469 - mmcv - INFO - 
head.onedecoder_head.det_anchor_encoder.vel_fc.9.weight - torch.Size([64, 64]): 
The value is the same before and after calling `init_weights` of SparseDetector  
 
2026-06-16 15:08:03,469 - mmcv - INFO - 
head.onedecoder_head.det_anchor_encoder.vel_fc.9.bias - torch.Size([64]): 
The value is the same before and after calling `init_weights` of SparseDetector  
 
2026-06-16 15:08:03,469 - mmcv - INFO - 
head.onedecoder_head.det_anchor_encoder.vel_fc.11.weight - torch.Size([64]): 
The value is the same before and after calling `init_weights` of SparseDetector  
 
2026-06-16 15:08:03,469 - mmcv - INFO - 
head.onedecoder_head.det_anchor_encoder.vel_fc.11.bias - torch.Size([64]): 
The value is the same before and after calling `init_weights` of SparseDetector  
 
2026-06-16 15:08:03,469 - mmcv - INFO - 
head.onedecoder_head.det_deformable.0.kps_generator.fix_scale - torch.Size([7, 3]): 
The value is the same before and after calling `init_weights` of SparseDetector  
 
2026-06-16 15:08:03,469 - mmcv - INFO - 
head.onedecoder_head.det_deformable.0.kps_generator.learnable_fc.weight - torch.Size([18, 256]): 
Initialized by user-defined `init_weights` in SparseHead  
 
2026-06-16 15:08:03,469 - mmcv - INFO - 
head.onedecoder_head.det_deformable.0.kps_generator.learnable_fc.bias - torch.Size([18]): 
Initialized by user-defined `init_weights` in SparseHead  
 
2026-06-16 15:08:03,469 - mmcv - INFO - 
head.onedecoder_head.det_deformable.0.output_proj.weight - torch.Size([256, 256]): 
Initialized by user-defined `init_weights` in SparseHead  
 
2026-06-16 15:08:03,469 - mmcv - INFO - 
head.onedecoder_head.det_deformable.0.output_proj.bias - torch.Size([256]): 
Initialized by user-defined `init_weights` in SparseHead  
 
2026-06-16 15:08:03,469 - mmcv - INFO - 
head.onedecoder_head.det_deformable.0.camera_encoder.0.weight - torch.Size([256, 12]): 
The value is the same before and after calling `init_weights` of SparseDetector  
 
2026-06-16 15:08:03,469 - mmcv - INFO - 
head.onedecoder_head.det_deformable.0.camera_encoder.0.bias - torch.Size([256]): 
The value is the same before and after calling `init_weights` of SparseDetector  
 
2026-06-16 15:08:03,469 - mmcv - INFO - 
head.onedecoder_head.det_deformable.0.camera_encoder.2.weight - torch.Size([256]): 
The value is the same before and after calling `init_weights` of SparseDetector  
 
2026-06-16 15:08:03,469 - mmcv - INFO - 
head.onedecoder_head.det_deformable.0.camera_encoder.2.bias - torch.Size([256]): 
The value is the same before and after calling `init_weights` of SparseDetector  
 
2026-06-16 15:08:03,469 - mmcv - INFO - 
head.onedecoder_head.det_deformable.0.camera_encoder.3.weight - torch.Size([256, 256]): 
The value is the same before and after calling `init_weights` of SparseDetector  
 
2026-06-16 15:08:03,469 - mmcv - INFO - 
head.onedecoder_head.det_deformable.0.camera_encoder.3.bias - torch.Size([256]): 
The value is the same before and after calling `init_weights` of SparseDetector  
 
2026-06-16 15:08:03,469 - mmcv - INFO - 
head.onedecoder_head.det_deformable.0.camera_encoder.5.weight - torch.Size([256]): 
The value is the same before and after calling `init_weights` of SparseDetector  
 
2026-06-16 15:08:03,469 - mmcv - INFO - 
head.onedecoder_head.det_deformable.0.camera_encoder.5.bias - torch.Size([256]): 
The value is the same before and after calling `init_weights` of SparseDetector  
 
2026-06-16 15:08:03,469 - mmcv - INFO - 
head.onedecoder_head.det_deformable.0.weights_fc.weight - torch.Size([416, 256]): 
Initialized by user-defined `init_weights` in SparseHead  
 
2026-06-16 15:08:03,469 - mmcv - INFO - 
head.onedecoder_head.det_deformable.0.weights_fc.bias - torch.Size([416]): 
Initialized by user-defined `init_weights` in SparseHead  
 
2026-06-16 15:08:03,469 - mmcv - INFO - 
head.onedecoder_head.det_deformable.1.kps_generator.fix_scale - torch.Size([7, 3]): 
The value is the same before and after calling `init_weights` of SparseDetector  
 
2026-06-16 15:08:03,469 - mmcv - INFO - 
head.onedecoder_head.det_deformable.1.kps_generator.learnable_fc.weight - torch.Size([18, 256]): 
Initialized by user-defined `init_weights` in SparseHead  
 
2026-06-16 15:08:03,469 - mmcv - INFO - 
head.onedecoder_head.det_deformable.1.kps_generator.learnable_fc.bias - torch.Size([18]): 
Initialized by user-defined `init_weights` in SparseHead  
 
2026-06-16 15:08:03,469 - mmcv - INFO - 
head.onedecoder_head.det_deformable.1.output_proj.weight - torch.Size([256, 256]): 
Initialized by user-defined `init_weights` in SparseHead  
 
2026-06-16 15:08:03,469 - mmcv - INFO - 
head.onedecoder_head.det_deformable.1.output_proj.bias - torch.Size([256]): 
Initialized by user-defined `init_weights` in SparseHead  
 
2026-06-16 15:08:03,470 - mmcv - INFO - 
head.onedecoder_head.det_deformable.1.camera_encoder.0.weight - torch.Size([256, 12]): 
The value is the same before and after calling `init_weights` of SparseDetector  
 
2026-06-16 15:08:03,470 - mmcv - INFO - 
head.onedecoder_head.det_deformable.1.camera_encoder.0.bias - torch.Size([256]): 
The value is the same before and after calling `init_weights` of SparseDetector  
 
2026-06-16 15:08:03,470 - mmcv - INFO - 
head.onedecoder_head.det_deformable.1.camera_encoder.2.weight - torch.Size([256]): 
The value is the same before and after calling `init_weights` of SparseDetector  
 
2026-06-16 15:08:03,470 - mmcv - INFO - 
head.onedecoder_head.det_deformable.1.camera_encoder.2.bias - torch.Size([256]): 
The value is the same before and after calling `init_weights` of SparseDetector  
 
2026-06-16 15:08:03,470 - mmcv - INFO - 
head.onedecoder_head.det_deformable.1.camera_encoder.3.weight - torch.Size([256, 256]): 
The value is the same before and after calling `init_weights` of SparseDetector  
 
2026-06-16 15:08:03,470 - mmcv - INFO - 
head.onedecoder_head.det_deformable.1.camera_encoder.3.bias - torch.Size([256]): 
The value is the same before and after calling `init_weights` of SparseDetector  
 
2026-06-16 15:08:03,470 - mmcv - INFO - 
head.onedecoder_head.det_deformable.1.camera_encoder.5.weight - torch.Size([256]): 
The value is the same before and after calling `init_weights` of SparseDetector  
 
2026-06-16 15:08:03,470 - mmcv - INFO - 
head.onedecoder_head.det_deformable.1.camera_encoder.5.bias - torch.Size([256]): 
The value is the same before and after calling `init_weights` of SparseDetector  
 
2026-06-16 15:08:03,470 - mmcv - INFO - 
head.onedecoder_head.det_deformable.1.weights_fc.weight - torch.Size([416, 256]): 
Initialized by user-defined `init_weights` in SparseHead  
 
2026-06-16 15:08:03,470 - mmcv - INFO - 
head.onedecoder_head.det_deformable.1.weights_fc.bias - torch.Size([416]): 
Initialized by user-defined `init_weights` in SparseHead  
 
2026-06-16 15:08:03,470 - mmcv - INFO - 
head.onedecoder_head.det_deformable.2.kps_generator.fix_scale - torch.Size([7, 3]): 
The value is the same before and after calling `init_weights` of SparseDetector  
 
2026-06-16 15:08:03,470 - mmcv - INFO - 
head.onedecoder_head.det_deformable.2.kps_generator.learnable_fc.weight - torch.Size([18, 256]): 
Initialized by user-defined `init_weights` in SparseHead  
 
2026-06-16 15:08:03,470 - mmcv - INFO - 
head.onedecoder_head.det_deformable.2.kps_generator.learnable_fc.bias - torch.Size([18]): 
Initialized by user-defined `init_weights` in SparseHead  
 
2026-06-16 15:08:03,470 - mmcv - INFO - 
head.onedecoder_head.det_deformable.2.output_proj.weight - torch.Size([256, 256]): 
Initialized by user-defined `init_weights` in SparseHead  
 
2026-06-16 15:08:03,470 - mmcv - INFO - 
head.onedecoder_head.det_deformable.2.output_proj.bias - torch.Size([256]): 
Initialized by user-defined `init_weights` in SparseHead  
 
2026-06-16 15:08:03,470 - mmcv - INFO - 
head.onedecoder_head.det_deformable.2.camera_encoder.0.weight - torch.Size([256, 12]): 
The value is the same before and after calling `init_weights` of SparseDetector  
 
2026-06-16 15:08:03,470 - mmcv - INFO - 
head.onedecoder_head.det_deformable.2.camera_encoder.0.bias - torch.Size([256]): 
The value is the same before and after calling `init_weights` of SparseDetector  
 
2026-06-16 15:08:03,470 - mmcv - INFO - 
head.onedecoder_head.det_deformable.2.camera_encoder.2.weight - torch.Size([256]): 
The value is the same before and after calling `init_weights` of SparseDetector  
 
2026-06-16 15:08:03,470 - mmcv - INFO - 
head.onedecoder_head.det_deformable.2.camera_encoder.2.bias - torch.Size([256]): 
The value is the same before and after calling `init_weights` of SparseDetector  
 
2026-06-16 15:08:03,470 - mmcv - INFO - 
head.onedecoder_head.det_deformable.2.camera_encoder.3.weight - torch.Size([256, 256]): 
The value is the same before and after calling `init_weights` of SparseDetector  
 
2026-06-16 15:08:03,470 - mmcv - INFO - 
head.onedecoder_head.det_deformable.2.camera_encoder.3.bias - torch.Size([256]): 
The value is the same before and after calling `init_weights` of SparseDetector  
 
2026-06-16 15:08:03,470 - mmcv - INFO - 
head.onedecoder_head.det_deformable.2.camera_encoder.5.weight - torch.Size([256]): 
The value is the same before and after calling `init_weights` of SparseDetector  
 
2026-06-16 15:08:03,470 - mmcv - INFO - 
head.onedecoder_head.det_deformable.2.camera_encoder.5.bias - torch.Size([256]): 
The value is the same before and after calling `init_weights` of SparseDetector  
 
2026-06-16 15:08:03,470 - mmcv - INFO - 
head.onedecoder_head.det_deformable.2.weights_fc.weight - torch.Size([416, 256]): 
Initialized by user-defined `init_weights` in SparseHead  
 
2026-06-16 15:08:03,470 - mmcv - INFO - 
head.onedecoder_head.det_deformable.2.weights_fc.bias - torch.Size([416]): 
Initialized by user-defined `init_weights` in SparseHead  
 
2026-06-16 15:08:03,470 - mmcv - INFO - 
head.onedecoder_head.det_deformable.3.kps_generator.fix_scale - torch.Size([7, 3]): 
The value is the same before and after calling `init_weights` of SparseDetector  
 
2026-06-16 15:08:03,470 - mmcv - INFO - 
head.onedecoder_head.det_deformable.3.kps_generator.learnable_fc.weight - torch.Size([18, 256]): 
Initialized by user-defined `init_weights` in SparseHead  
 
2026-06-16 15:08:03,470 - mmcv - INFO - 
head.onedecoder_head.det_deformable.3.kps_generator.learnable_fc.bias - torch.Size([18]): 
Initialized by user-defined `init_weights` in SparseHead  
 
2026-06-16 15:08:03,470 - mmcv - INFO - 
head.onedecoder_head.det_deformable.3.output_proj.weight - torch.Size([256, 256]): 
Initialized by user-defined `init_weights` in SparseHead  
 
2026-06-16 15:08:03,470 - mmcv - INFO - 
head.onedecoder_head.det_deformable.3.output_proj.bias - torch.Size([256]): 
Initialized by user-defined `init_weights` in SparseHead  
 
2026-06-16 15:08:03,470 - mmcv - INFO - 
head.onedecoder_head.det_deformable.3.camera_encoder.0.weight - torch.Size([256, 12]): 
The value is the same before and after calling `init_weights` of SparseDetector  
 
2026-06-16 15:08:03,470 - mmcv - INFO - 
head.onedecoder_head.det_deformable.3.camera_encoder.0.bias - torch.Size([256]): 
The value is the same before and after calling `init_weights` of SparseDetector  
 
2026-06-16 15:08:03,470 - mmcv - INFO - 
head.onedecoder_head.det_deformable.3.camera_encoder.2.weight - torch.Size([256]): 
The value is the same before and after calling `init_weights` of SparseDetector  
 
2026-06-16 15:08:03,470 - mmcv - INFO - 
head.onedecoder_head.det_deformable.3.camera_encoder.2.bias - torch.Size([256]): 
The value is the same before and after calling `init_weights` of SparseDetector  
 
2026-06-16 15:08:03,470 - mmcv - INFO - 
head.onedecoder_head.det_deformable.3.camera_encoder.3.weight - torch.Size([256, 256]): 
The value is the same before and after calling `init_weights` of SparseDetector  
 
2026-06-16 15:08:03,470 - mmcv - INFO - 
head.onedecoder_head.det_deformable.3.camera_encoder.3.bias - torch.Size([256]): 
The value is the same before and after calling `init_weights` of SparseDetector  
 
2026-06-16 15:08:03,470 - mmcv - INFO - 
head.onedecoder_head.det_deformable.3.camera_encoder.5.weight - torch.Size([256]): 
The value is the same before and after calling `init_weights` of SparseDetector  
 
2026-06-16 15:08:03,470 - mmcv - INFO - 
head.onedecoder_head.det_deformable.3.camera_encoder.5.bias - torch.Size([256]): 
The value is the same before and after calling `init_weights` of SparseDetector  
 
2026-06-16 15:08:03,470 - mmcv - INFO - 
head.onedecoder_head.det_deformable.3.weights_fc.weight - torch.Size([416, 256]): 
Initialized by user-defined `init_weights` in SparseHead  
 
2026-06-16 15:08:03,471 - mmcv - INFO - 
head.onedecoder_head.det_deformable.3.weights_fc.bias - torch.Size([416]): 
Initialized by user-defined `init_weights` in SparseHead  
 
2026-06-16 15:08:03,471 - mmcv - INFO - 
head.onedecoder_head.det_deformable.4.kps_generator.fix_scale - torch.Size([7, 3]): 
The value is the same before and after calling `init_weights` of SparseDetector  
 
2026-06-16 15:08:03,471 - mmcv - INFO - 
head.onedecoder_head.det_deformable.4.kps_generator.learnable_fc.weight - torch.Size([18, 256]): 
Initialized by user-defined `init_weights` in SparseHead  
 
2026-06-16 15:08:03,471 - mmcv - INFO - 
head.onedecoder_head.det_deformable.4.kps_generator.learnable_fc.bias - torch.Size([18]): 
Initialized by user-defined `init_weights` in SparseHead  
 
2026-06-16 15:08:03,471 - mmcv - INFO - 
head.onedecoder_head.det_deformable.4.output_proj.weight - torch.Size([256, 256]): 
Initialized by user-defined `init_weights` in SparseHead  
 
2026-06-16 15:08:03,471 - mmcv - INFO - 
head.onedecoder_head.det_deformable.4.output_proj.bias - torch.Size([256]): 
Initialized by user-defined `init_weights` in SparseHead  
 
2026-06-16 15:08:03,471 - mmcv - INFO - 
head.onedecoder_head.det_deformable.4.camera_encoder.0.weight - torch.Size([256, 12]): 
The value is the same before and after calling `init_weights` of SparseDetector  
 
2026-06-16 15:08:03,471 - mmcv - INFO - 
head.onedecoder_head.det_deformable.4.camera_encoder.0.bias - torch.Size([256]): 
The value is the same before and after calling `init_weights` of SparseDetector  
 
2026-06-16 15:08:03,471 - mmcv - INFO - 
head.onedecoder_head.det_deformable.4.camera_encoder.2.weight - torch.Size([256]): 
The value is the same before and after calling `init_weights` of SparseDetector  
 
2026-06-16 15:08:03,471 - mmcv - INFO - 
head.onedecoder_head.det_deformable.4.camera_encoder.2.bias - torch.Size([256]): 
The value is the same before and after calling `init_weights` of SparseDetector  
 
2026-06-16 15:08:03,471 - mmcv - INFO - 
head.onedecoder_head.det_deformable.4.camera_encoder.3.weight - torch.Size([256, 256]): 
The value is the same before and after calling `init_weights` of SparseDetector  
 
2026-06-16 15:08:03,471 - mmcv - INFO - 
head.onedecoder_head.det_deformable.4.camera_encoder.3.bias - torch.Size([256]): 
The value is the same before and after calling `init_weights` of SparseDetector  
 
2026-06-16 15:08:03,471 - mmcv - INFO - 
head.onedecoder_head.det_deformable.4.camera_encoder.5.weight - torch.Size([256]): 
The value is the same before and after calling `init_weights` of SparseDetector  
 
2026-06-16 15:08:03,471 - mmcv - INFO - 
head.onedecoder_head.det_deformable.4.camera_encoder.5.bias - torch.Size([256]): 
The value is the same before and after calling `init_weights` of SparseDetector  
 
2026-06-16 15:08:03,471 - mmcv - INFO - 
head.onedecoder_head.det_deformable.4.weights_fc.weight - torch.Size([416, 256]): 
Initialized by user-defined `init_weights` in SparseHead  
 
2026-06-16 15:08:03,471 - mmcv - INFO - 
head.onedecoder_head.det_deformable.4.weights_fc.bias - torch.Size([416]): 
Initialized by user-defined `init_weights` in SparseHead  
 
2026-06-16 15:08:03,471 - mmcv - INFO - 
head.onedecoder_head.det_deformable.5.kps_generator.fix_scale - torch.Size([7, 3]): 
The value is the same before and after calling `init_weights` of SparseDetector  
 
2026-06-16 15:08:03,471 - mmcv - INFO - 
head.onedecoder_head.det_deformable.5.kps_generator.learnable_fc.weight - torch.Size([18, 256]): 
Initialized by user-defined `init_weights` in SparseHead  
 
2026-06-16 15:08:03,471 - mmcv - INFO - 
head.onedecoder_head.det_deformable.5.kps_generator.learnable_fc.bias - torch.Size([18]): 
Initialized by user-defined `init_weights` in SparseHead  
 
2026-06-16 15:08:03,471 - mmcv - INFO - 
head.onedecoder_head.det_deformable.5.output_proj.weight - torch.Size([256, 256]): 
Initialized by user-defined `init_weights` in SparseHead  
 
2026-06-16 15:08:03,471 - mmcv - INFO - 
head.onedecoder_head.det_deformable.5.output_proj.bias - torch.Size([256]): 
Initialized by user-defined `init_weights` in SparseHead  
 
2026-06-16 15:08:03,471 - mmcv - INFO - 
head.onedecoder_head.det_deformable.5.camera_encoder.0.weight - torch.Size([256, 12]): 
The value is the same before and after calling `init_weights` of SparseDetector  
 
2026-06-16 15:08:03,471 - mmcv - INFO - 
head.onedecoder_head.det_deformable.5.camera_encoder.0.bias - torch.Size([256]): 
The value is the same before and after calling `init_weights` of SparseDetector  
 
2026-06-16 15:08:03,471 - mmcv - INFO - 
head.onedecoder_head.det_deformable.5.camera_encoder.2.weight - torch.Size([256]): 
The value is the same before and after calling `init_weights` of SparseDetector  
 
2026-06-16 15:08:03,471 - mmcv - INFO - 
head.onedecoder_head.det_deformable.5.camera_encoder.2.bias - torch.Size([256]): 
The value is the same before and after calling `init_weights` of SparseDetector  
 
2026-06-16 15:08:03,471 - mmcv - INFO - 
head.onedecoder_head.det_deformable.5.camera_encoder.3.weight - torch.Size([256, 256]): 
The value is the same before and after calling `init_weights` of SparseDetector  
 
2026-06-16 15:08:03,471 - mmcv - INFO - 
head.onedecoder_head.det_deformable.5.camera_encoder.3.bias - torch.Size([256]): 
The value is the same before and after calling `init_weights` of SparseDetector  
 
2026-06-16 15:08:03,471 - mmcv - INFO - 
head.onedecoder_head.det_deformable.5.camera_encoder.5.weight - torch.Size([256]): 
The value is the same before and after calling `init_weights` of SparseDetector  
 
2026-06-16 15:08:03,471 - mmcv - INFO - 
head.onedecoder_head.det_deformable.5.camera_encoder.5.bias - torch.Size([256]): 
The value is the same before and after calling `init_weights` of SparseDetector  
 
2026-06-16 15:08:03,471 - mmcv - INFO - 
head.onedecoder_head.det_deformable.5.weights_fc.weight - torch.Size([416, 256]): 
Initialized by user-defined `init_weights` in SparseHead  
 
2026-06-16 15:08:03,471 - mmcv - INFO - 
head.onedecoder_head.det_deformable.5.weights_fc.bias - torch.Size([416]): 
Initialized by user-defined `init_weights` in SparseHead  
 
2026-06-16 15:08:03,471 - mmcv - INFO - 
head.onedecoder_head.det_refine.0.layers.0.weight - torch.Size([256, 256]): 
The value is the same before and after calling `init_weights` of SparseDetector  
 
2026-06-16 15:08:03,471 - mmcv - INFO - 
head.onedecoder_head.det_refine.0.layers.0.bias - torch.Size([256]): 
The value is the same before and after calling `init_weights` of SparseDetector  
 
2026-06-16 15:08:03,471 - mmcv - INFO - 
head.onedecoder_head.det_refine.0.layers.2.weight - torch.Size([256, 256]): 
The value is the same before and after calling `init_weights` of SparseDetector  
 
2026-06-16 15:08:03,471 - mmcv - INFO - 
head.onedecoder_head.det_refine.0.layers.2.bias - torch.Size([256]): 
The value is the same before and after calling `init_weights` of SparseDetector  
 
2026-06-16 15:08:03,471 - mmcv - INFO - 
head.onedecoder_head.det_refine.0.layers.4.weight - torch.Size([256]): 
The value is the same before and after calling `init_weights` of SparseDetector  
 
2026-06-16 15:08:03,471 - mmcv - INFO - 
head.onedecoder_head.det_refine.0.layers.4.bias - torch.Size([256]): 
The value is the same before and after calling `init_weights` of SparseDetector  
 
2026-06-16 15:08:03,471 - mmcv - INFO - 
head.onedecoder_head.det_refine.0.layers.5.weight - torch.Size([256, 256]): 
The value is the same before and after calling `init_weights` of SparseDetector  
 
2026-06-16 15:08:03,471 - mmcv - INFO - 
head.onedecoder_head.det_refine.0.layers.5.bias - torch.Size([256]): 
The value is the same before and after calling `init_weights` of SparseDetector  
 
2026-06-16 15:08:03,472 - mmcv - INFO - 
head.onedecoder_head.det_refine.0.layers.7.weight - torch.Size([256, 256]): 
The value is the same before and after calling `init_weights` of SparseDetector  
 
2026-06-16 15:08:03,472 - mmcv - INFO - 
head.onedecoder_head.det_refine.0.layers.7.bias - torch.Size([256]): 
The value is the same before and after calling `init_weights` of SparseDetector  
 
2026-06-16 15:08:03,472 - mmcv - INFO - 
head.onedecoder_head.det_refine.0.layers.9.weight - torch.Size([256]): 
The value is the same before and after calling `init_weights` of SparseDetector  
 
2026-06-16 15:08:03,472 - mmcv - INFO - 
head.onedecoder_head.det_refine.0.layers.9.bias - torch.Size([256]): 
The value is the same before and after calling `init_weights` of SparseDetector  
 
2026-06-16 15:08:03,472 - mmcv - INFO - 
head.onedecoder_head.det_refine.0.layers.10.weight - torch.Size([11, 256]): 
The value is the same before and after calling `init_weights` of SparseDetector  
 
2026-06-16 15:08:03,472 - mmcv - INFO - 
head.onedecoder_head.det_refine.0.layers.10.bias - torch.Size([11]): 
The value is the same before and after calling `init_weights` of SparseDetector  
 
2026-06-16 15:08:03,472 - mmcv - INFO - 
head.onedecoder_head.det_refine.0.layers.11.scale - torch.Size([11]): 
The value is the same before and after calling `init_weights` of SparseDetector  
 
2026-06-16 15:08:03,472 - mmcv - INFO - 
head.onedecoder_head.det_refine.0.cls_layers.0.weight - torch.Size([256, 256]): 
The value is the same before and after calling `init_weights` of SparseDetector  
 
2026-06-16 15:08:03,472 - mmcv - INFO - 
head.onedecoder_head.det_refine.0.cls_layers.0.bias - torch.Size([256]): 
The value is the same before and after calling `init_weights` of SparseDetector  
 
2026-06-16 15:08:03,472 - mmcv - INFO - 
head.onedecoder_head.det_refine.0.cls_layers.2.weight - torch.Size([256]): 
The value is the same before and after calling `init_weights` of SparseDetector  
 
2026-06-16 15:08:03,472 - mmcv - INFO - 
head.onedecoder_head.det_refine.0.cls_layers.2.bias - torch.Size([256]): 
The value is the same before and after calling `init_weights` of SparseDetector  
 
2026-06-16 15:08:03,472 - mmcv - INFO - 
head.onedecoder_head.det_refine.0.cls_layers.3.weight - torch.Size([256, 256]): 
The value is the same before and after calling `init_weights` of SparseDetector  
 
2026-06-16 15:08:03,472 - mmcv - INFO - 
head.onedecoder_head.det_refine.0.cls_layers.3.bias - torch.Size([256]): 
The value is the same before and after calling `init_weights` of SparseDetector  
 
2026-06-16 15:08:03,472 - mmcv - INFO - 
head.onedecoder_head.det_refine.0.cls_layers.5.weight - torch.Size([256]): 
The value is the same before and after calling `init_weights` of SparseDetector  
 
2026-06-16 15:08:03,472 - mmcv - INFO - 
head.onedecoder_head.det_refine.0.cls_layers.5.bias - torch.Size([256]): 
The value is the same before and after calling `init_weights` of SparseDetector  
 
2026-06-16 15:08:03,472 - mmcv - INFO - 
head.onedecoder_head.det_refine.0.cls_layers.6.weight - torch.Size([10, 256]): 
The value is the same before and after calling `init_weights` of SparseDetector  
 
2026-06-16 15:08:03,472 - mmcv - INFO - 
head.onedecoder_head.det_refine.0.cls_layers.6.bias - torch.Size([10]): 
Initialized by user-defined `init_weights` in SparseHead  
 
2026-06-16 15:08:03,472 - mmcv - INFO - 
head.onedecoder_head.det_refine.0.quality_layers.0.weight - torch.Size([256, 256]): 
The value is the same before and after calling `init_weights` of SparseDetector  
 
2026-06-16 15:08:03,472 - mmcv - INFO - 
head.onedecoder_head.det_refine.0.quality_layers.0.bias - torch.Size([256]): 
The value is the same before and after calling `init_weights` of SparseDetector  
 
2026-06-16 15:08:03,472 - mmcv - INFO - 
head.onedecoder_head.det_refine.0.quality_layers.2.weight - torch.Size([256]): 
The value is the same before and after calling `init_weights` of SparseDetector  
 
2026-06-16 15:08:03,472 - mmcv - INFO - 
head.onedecoder_head.det_refine.0.quality_layers.2.bias - torch.Size([256]): 
The value is the same before and after calling `init_weights` of SparseDetector  
 
2026-06-16 15:08:03,472 - mmcv - INFO - 
head.onedecoder_head.det_refine.0.quality_layers.3.weight - torch.Size([256, 256]): 
The value is the same before and after calling `init_weights` of SparseDetector  
 
2026-06-16 15:08:03,472 - mmcv - INFO - 
head.onedecoder_head.det_refine.0.quality_layers.3.bias - torch.Size([256]): 
The value is the same before and after calling `init_weights` of SparseDetector  
 
2026-06-16 15:08:03,472 - mmcv - INFO - 
head.onedecoder_head.det_refine.0.quality_layers.5.weight - torch.Size([256]): 
The value is the same before and after calling `init_weights` of SparseDetector  
 
2026-06-16 15:08:03,472 - mmcv - INFO - 
head.onedecoder_head.det_refine.0.quality_layers.5.bias - torch.Size([256]): 
The value is the same before and after calling `init_weights` of SparseDetector  
 
2026-06-16 15:08:03,472 - mmcv - INFO - 
head.onedecoder_head.det_refine.0.quality_layers.6.weight - torch.Size([2, 256]): 
The value is the same before and after calling `init_weights` of SparseDetector  
 
2026-06-16 15:08:03,472 - mmcv - INFO - 
head.onedecoder_head.det_refine.0.quality_layers.6.bias - torch.Size([2]): 
The value is the same before and after calling `init_weights` of SparseDetector  
 
2026-06-16 15:08:03,472 - mmcv - INFO - 
head.onedecoder_head.det_refine.1.layers.0.weight - torch.Size([256, 256]): 
The value is the same before and after calling `init_weights` of SparseDetector  
 
2026-06-16 15:08:03,472 - mmcv - INFO - 
head.onedecoder_head.det_refine.1.layers.0.bias - torch.Size([256]): 
The value is the same before and after calling `init_weights` of SparseDetector  
 
2026-06-16 15:08:03,472 - mmcv - INFO - 
head.onedecoder_head.det_refine.1.layers.2.weight - torch.Size([256, 256]): 
The value is the same before and after calling `init_weights` of SparseDetector  
 
2026-06-16 15:08:03,472 - mmcv - INFO - 
head.onedecoder_head.det_refine.1.layers.2.bias - torch.Size([256]): 
The value is the same before and after calling `init_weights` of SparseDetector  
 
2026-06-16 15:08:03,472 - mmcv - INFO - 
head.onedecoder_head.det_refine.1.layers.4.weight - torch.Size([256]): 
The value is the same before and after calling `init_weights` of SparseDetector  
 
2026-06-16 15:08:03,472 - mmcv - INFO - 
head.onedecoder_head.det_refine.1.layers.4.bias - torch.Size([256]): 
The value is the same before and after calling `init_weights` of SparseDetector  
 
2026-06-16 15:08:03,472 - mmcv - INFO - 
head.onedecoder_head.det_refine.1.layers.5.weight - torch.Size([256, 256]): 
The value is the same before and after calling `init_weights` of SparseDetector  
 
2026-06-16 15:08:03,472 - mmcv - INFO - 
head.onedecoder_head.det_refine.1.layers.5.bias - torch.Size([256]): 
The value is the same before and after calling `init_weights` of SparseDetector  
 
2026-06-16 15:08:03,472 - mmcv - INFO - 
head.onedecoder_head.det_refine.1.layers.7.weight - torch.Size([256, 256]): 
The value is the same before and after calling `init_weights` of SparseDetector  
 
2026-06-16 15:08:03,472 - mmcv - INFO - 
head.onedecoder_head.det_refine.1.layers.7.bias - torch.Size([256]): 
The value is the same before and after calling `init_weights` of SparseDetector  
 
2026-06-16 15:08:03,472 - mmcv - INFO - 
head.onedecoder_head.det_refine.1.layers.9.weight - torch.Size([256]): 
The value is the same before and after calling `init_weights` of SparseDetector  
 
2026-06-16 15:08:03,472 - mmcv - INFO - 
head.onedecoder_head.det_refine.1.layers.9.bias - torch.Size([256]): 
The value is the same before and after calling `init_weights` of SparseDetector  
 
2026-06-16 15:08:03,472 - mmcv - INFO - 
head.onedecoder_head.det_refine.1.layers.10.weight - torch.Size([11, 256]): 
The value is the same before and after calling `init_weights` of SparseDetector  
 
2026-06-16 15:08:03,473 - mmcv - INFO - 
head.onedecoder_head.det_refine.1.layers.10.bias - torch.Size([11]): 
The value is the same before and after calling `init_weights` of SparseDetector  
 
2026-06-16 15:08:03,473 - mmcv - INFO - 
head.onedecoder_head.det_refine.1.layers.11.scale - torch.Size([11]): 
The value is the same before and after calling `init_weights` of SparseDetector  
 
2026-06-16 15:08:03,473 - mmcv - INFO - 
head.onedecoder_head.det_refine.1.cls_layers.0.weight - torch.Size([256, 256]): 
The value is the same before and after calling `init_weights` of SparseDetector  
 
2026-06-16 15:08:03,473 - mmcv - INFO - 
head.onedecoder_head.det_refine.1.cls_layers.0.bias - torch.Size([256]): 
The value is the same before and after calling `init_weights` of SparseDetector  
 
2026-06-16 15:08:03,473 - mmcv - INFO - 
head.onedecoder_head.det_refine.1.cls_layers.2.weight - torch.Size([256]): 
The value is the same before and after calling `init_weights` of SparseDetector  
 
2026-06-16 15:08:03,473 - mmcv - INFO - 
head.onedecoder_head.det_refine.1.cls_layers.2.bias - torch.Size([256]): 
The value is the same before and after calling `init_weights` of SparseDetector  
 
2026-06-16 15:08:03,473 - mmcv - INFO - 
head.onedecoder_head.det_refine.1.cls_layers.3.weight - torch.Size([256, 256]): 
The value is the same before and after calling `init_weights` of SparseDetector  
 
2026-06-16 15:08:03,473 - mmcv - INFO - 
head.onedecoder_head.det_refine.1.cls_layers.3.bias - torch.Size([256]): 
The value is the same before and after calling `init_weights` of SparseDetector  
 
2026-06-16 15:08:03,473 - mmcv - INFO - 
head.onedecoder_head.det_refine.1.cls_layers.5.weight - torch.Size([256]): 
The value is the same before and after calling `init_weights` of SparseDetector  
 
2026-06-16 15:08:03,473 - mmcv - INFO - 
head.onedecoder_head.det_refine.1.cls_layers.5.bias - torch.Size([256]): 
The value is the same before and after calling `init_weights` of SparseDetector  
 
2026-06-16 15:08:03,473 - mmcv - INFO - 
head.onedecoder_head.det_refine.1.cls_layers.6.weight - torch.Size([10, 256]): 
The value is the same before and after calling `init_weights` of SparseDetector  
 
2026-06-16 15:08:03,473 - mmcv - INFO - 
head.onedecoder_head.det_refine.1.cls_layers.6.bias - torch.Size([10]): 
Initialized by user-defined `init_weights` in SparseHead  
 
2026-06-16 15:08:03,473 - mmcv - INFO - 
head.onedecoder_head.det_refine.1.quality_layers.0.weight - torch.Size([256, 256]): 
The value is the same before and after calling `init_weights` of SparseDetector  
 
2026-06-16 15:08:03,473 - mmcv - INFO - 
head.onedecoder_head.det_refine.1.quality_layers.0.bias - torch.Size([256]): 
The value is the same before and after calling `init_weights` of SparseDetector  
 
2026-06-16 15:08:03,473 - mmcv - INFO - 
head.onedecoder_head.det_refine.1.quality_layers.2.weight - torch.Size([256]): 
The value is the same before and after calling `init_weights` of SparseDetector  
 
2026-06-16 15:08:03,473 - mmcv - INFO - 
head.onedecoder_head.det_refine.1.quality_layers.2.bias - torch.Size([256]): 
The value is the same before and after calling `init_weights` of SparseDetector  
 
2026-06-16 15:08:03,473 - mmcv - INFO - 
head.onedecoder_head.det_refine.1.quality_layers.3.weight - torch.Size([256, 256]): 
The value is the same before and after calling `init_weights` of SparseDetector  
 
2026-06-16 15:08:03,473 - mmcv - INFO - 
head.onedecoder_head.det_refine.1.quality_layers.3.bias - torch.Size([256]): 
The value is the same before and after calling `init_weights` of SparseDetector  
 
2026-06-16 15:08:03,473 - mmcv - INFO - 
head.onedecoder_head.det_refine.1.quality_layers.5.weight - torch.Size([256]): 
The value is the same before and after calling `init_weights` of SparseDetector  
 
2026-06-16 15:08:03,473 - mmcv - INFO - 
head.onedecoder_head.det_refine.1.quality_layers.5.bias - torch.Size([256]): 
The value is the same before and after calling `init_weights` of SparseDetector  
 
2026-06-16 15:08:03,473 - mmcv - INFO - 
head.onedecoder_head.det_refine.1.quality_layers.6.weight - torch.Size([2, 256]): 
The value is the same before and after calling `init_weights` of SparseDetector  
 
2026-06-16 15:08:03,473 - mmcv - INFO - 
head.onedecoder_head.det_refine.1.quality_layers.6.bias - torch.Size([2]): 
The value is the same before and after calling `init_weights` of SparseDetector  
 
2026-06-16 15:08:03,473 - mmcv - INFO - 
head.onedecoder_head.det_refine.2.layers.0.weight - torch.Size([256, 256]): 
The value is the same before and after calling `init_weights` of SparseDetector  
 
2026-06-16 15:08:03,473 - mmcv - INFO - 
head.onedecoder_head.det_refine.2.layers.0.bias - torch.Size([256]): 
The value is the same before and after calling `init_weights` of SparseDetector  
 
2026-06-16 15:08:03,473 - mmcv - INFO - 
head.onedecoder_head.det_refine.2.layers.2.weight - torch.Size([256, 256]): 
The value is the same before and after calling `init_weights` of SparseDetector  
 
2026-06-16 15:08:03,473 - mmcv - INFO - 
head.onedecoder_head.det_refine.2.layers.2.bias - torch.Size([256]): 
The value is the same before and after calling `init_weights` of SparseDetector  
 
2026-06-16 15:08:03,473 - mmcv - INFO - 
head.onedecoder_head.det_refine.2.layers.4.weight - torch.Size([256]): 
The value is the same before and after calling `init_weights` of SparseDetector  
 
2026-06-16 15:08:03,473 - mmcv - INFO - 
head.onedecoder_head.det_refine.2.layers.4.bias - torch.Size([256]): 
The value is the same before and after calling `init_weights` of SparseDetector  
 
2026-06-16 15:08:03,473 - mmcv - INFO - 
head.onedecoder_head.det_refine.2.layers.5.weight - torch.Size([256, 256]): 
The value is the same before and after calling `init_weights` of SparseDetector  
 
2026-06-16 15:08:03,473 - mmcv - INFO - 
head.onedecoder_head.det_refine.2.layers.5.bias - torch.Size([256]): 
The value is the same before and after calling `init_weights` of SparseDetector  
 
2026-06-16 15:08:03,473 - mmcv - INFO - 
head.onedecoder_head.det_refine.2.layers.7.weight - torch.Size([256, 256]): 
The value is the same before and after calling `init_weights` of SparseDetector  
 
2026-06-16 15:08:03,473 - mmcv - INFO - 
head.onedecoder_head.det_refine.2.layers.7.bias - torch.Size([256]): 
The value is the same before and after calling `init_weights` of SparseDetector  
 
2026-06-16 15:08:03,473 - mmcv - INFO - 
head.onedecoder_head.det_refine.2.layers.9.weight - torch.Size([256]): 
The value is the same before and after calling `init_weights` of SparseDetector  
 
2026-06-16 15:08:03,473 - mmcv - INFO - 
head.onedecoder_head.det_refine.2.layers.9.bias - torch.Size([256]): 
The value is the same before and after calling `init_weights` of SparseDetector  
 
2026-06-16 15:08:03,473 - mmcv - INFO - 
head.onedecoder_head.det_refine.2.layers.10.weight - torch.Size([11, 256]): 
The value is the same before and after calling `init_weights` of SparseDetector  
 
2026-06-16 15:08:03,473 - mmcv - INFO - 
head.onedecoder_head.det_refine.2.layers.10.bias - torch.Size([11]): 
The value is the same before and after calling `init_weights` of SparseDetector  
 
2026-06-16 15:08:03,473 - mmcv - INFO - 
head.onedecoder_head.det_refine.2.layers.11.scale - torch.Size([11]): 
The value is the same before and after calling `init_weights` of SparseDetector  
 
2026-06-16 15:08:03,473 - mmcv - INFO - 
head.onedecoder_head.det_refine.2.cls_layers.0.weight - torch.Size([256, 256]): 
The value is the same before and after calling `init_weights` of SparseDetector  
 
2026-06-16 15:08:03,473 - mmcv - INFO - 
head.onedecoder_head.det_refine.2.cls_layers.0.bias - torch.Size([256]): 
The value is the same before and after calling `init_weights` of SparseDetector  
 
2026-06-16 15:08:03,473 - mmcv - INFO - 
head.onedecoder_head.det_refine.2.cls_layers.2.weight - torch.Size([256]): 
The value is the same before and after calling `init_weights` of SparseDetector  
 
2026-06-16 15:08:03,474 - mmcv - INFO - 
head.onedecoder_head.det_refine.2.cls_layers.2.bias - torch.Size([256]): 
The value is the same before and after calling `init_weights` of SparseDetector  
 
2026-06-16 15:08:03,474 - mmcv - INFO - 
head.onedecoder_head.det_refine.2.cls_layers.3.weight - torch.Size([256, 256]): 
The value is the same before and after calling `init_weights` of SparseDetector  
 
2026-06-16 15:08:03,474 - mmcv - INFO - 
head.onedecoder_head.det_refine.2.cls_layers.3.bias - torch.Size([256]): 
The value is the same before and after calling `init_weights` of SparseDetector  
 
2026-06-16 15:08:03,474 - mmcv - INFO - 
head.onedecoder_head.det_refine.2.cls_layers.5.weight - torch.Size([256]): 
The value is the same before and after calling `init_weights` of SparseDetector  
 
2026-06-16 15:08:03,474 - mmcv - INFO - 
head.onedecoder_head.det_refine.2.cls_layers.5.bias - torch.Size([256]): 
The value is the same before and after calling `init_weights` of SparseDetector  
 
2026-06-16 15:08:03,474 - mmcv - INFO - 
head.onedecoder_head.det_refine.2.cls_layers.6.weight - torch.Size([10, 256]): 
The value is the same before and after calling `init_weights` of SparseDetector  
 
2026-06-16 15:08:03,474 - mmcv - INFO - 
head.onedecoder_head.det_refine.2.cls_layers.6.bias - torch.Size([10]): 
Initialized by user-defined `init_weights` in SparseHead  
 
2026-06-16 15:08:03,474 - mmcv - INFO - 
head.onedecoder_head.det_refine.2.quality_layers.0.weight - torch.Size([256, 256]): 
The value is the same before and after calling `init_weights` of SparseDetector  
 
2026-06-16 15:08:03,474 - mmcv - INFO - 
head.onedecoder_head.det_refine.2.quality_layers.0.bias - torch.Size([256]): 
The value is the same before and after calling `init_weights` of SparseDetector  
 
2026-06-16 15:08:03,474 - mmcv - INFO - 
head.onedecoder_head.det_refine.2.quality_layers.2.weight - torch.Size([256]): 
The value is the same before and after calling `init_weights` of SparseDetector  
 
2026-06-16 15:08:03,474 - mmcv - INFO - 
head.onedecoder_head.det_refine.2.quality_layers.2.bias - torch.Size([256]): 
The value is the same before and after calling `init_weights` of SparseDetector  
 
2026-06-16 15:08:03,474 - mmcv - INFO - 
head.onedecoder_head.det_refine.2.quality_layers.3.weight - torch.Size([256, 256]): 
The value is the same before and after calling `init_weights` of SparseDetector  
 
2026-06-16 15:08:03,474 - mmcv - INFO - 
head.onedecoder_head.det_refine.2.quality_layers.3.bias - torch.Size([256]): 
The value is the same before and after calling `init_weights` of SparseDetector  
 
2026-06-16 15:08:03,474 - mmcv - INFO - 
head.onedecoder_head.det_refine.2.quality_layers.5.weight - torch.Size([256]): 
The value is the same before and after calling `init_weights` of SparseDetector  
 
2026-06-16 15:08:03,474 - mmcv - INFO - 
head.onedecoder_head.det_refine.2.quality_layers.5.bias - torch.Size([256]): 
The value is the same before and after calling `init_weights` of SparseDetector  
 
2026-06-16 15:08:03,474 - mmcv - INFO - 
head.onedecoder_head.det_refine.2.quality_layers.6.weight - torch.Size([2, 256]): 
The value is the same before and after calling `init_weights` of SparseDetector  
 
2026-06-16 15:08:03,474 - mmcv - INFO - 
head.onedecoder_head.det_refine.2.quality_layers.6.bias - torch.Size([2]): 
The value is the same before and after calling `init_weights` of SparseDetector  
 
2026-06-16 15:08:03,474 - mmcv - INFO - 
head.onedecoder_head.det_refine.3.layers.0.weight - torch.Size([256, 256]): 
The value is the same before and after calling `init_weights` of SparseDetector  
 
2026-06-16 15:08:03,474 - mmcv - INFO - 
head.onedecoder_head.det_refine.3.layers.0.bias - torch.Size([256]): 
The value is the same before and after calling `init_weights` of SparseDetector  
 
2026-06-16 15:08:03,474 - mmcv - INFO - 
head.onedecoder_head.det_refine.3.layers.2.weight - torch.Size([256, 256]): 
The value is the same before and after calling `init_weights` of SparseDetector  
 
2026-06-16 15:08:03,474 - mmcv - INFO - 
head.onedecoder_head.det_refine.3.layers.2.bias - torch.Size([256]): 
The value is the same before and after calling `init_weights` of SparseDetector  
 
2026-06-16 15:08:03,474 - mmcv - INFO - 
head.onedecoder_head.det_refine.3.layers.4.weight - torch.Size([256]): 
The value is the same before and after calling `init_weights` of SparseDetector  
 
2026-06-16 15:08:03,474 - mmcv - INFO - 
head.onedecoder_head.det_refine.3.layers.4.bias - torch.Size([256]): 
The value is the same before and after calling `init_weights` of SparseDetector  
 
2026-06-16 15:08:03,474 - mmcv - INFO - 
head.onedecoder_head.det_refine.3.layers.5.weight - torch.Size([256, 256]): 
The value is the same before and after calling `init_weights` of SparseDetector  
 
2026-06-16 15:08:03,474 - mmcv - INFO - 
head.onedecoder_head.det_refine.3.layers.5.bias - torch.Size([256]): 
The value is the same before and after calling `init_weights` of SparseDetector  
 
2026-06-16 15:08:03,474 - mmcv - INFO - 
head.onedecoder_head.det_refine.3.layers.7.weight - torch.Size([256, 256]): 
The value is the same before and after calling `init_weights` of SparseDetector  
 
2026-06-16 15:08:03,474 - mmcv - INFO - 
head.onedecoder_head.det_refine.3.layers.7.bias - torch.Size([256]): 
The value is the same before and after calling `init_weights` of SparseDetector  
 
2026-06-16 15:08:03,474 - mmcv - INFO - 
head.onedecoder_head.det_refine.3.layers.9.weight - torch.Size([256]): 
The value is the same before and after calling `init_weights` of SparseDetector  
 
2026-06-16 15:08:03,474 - mmcv - INFO - 
head.onedecoder_head.det_refine.3.layers.9.bias - torch.Size([256]): 
The value is the same before and after calling `init_weights` of SparseDetector  
 
2026-06-16 15:08:03,474 - mmcv - INFO - 
head.onedecoder_head.det_refine.3.layers.10.weight - torch.Size([11, 256]): 
The value is the same before and after calling `init_weights` of SparseDetector  
 
2026-06-16 15:08:03,474 - mmcv - INFO - 
head.onedecoder_head.det_refine.3.layers.10.bias - torch.Size([11]): 
The value is the same before and after calling `init_weights` of SparseDetector  
 
2026-06-16 15:08:03,474 - mmcv - INFO - 
head.onedecoder_head.det_refine.3.layers.11.scale - torch.Size([11]): 
The value is the same before and after calling `init_weights` of SparseDetector  
 
2026-06-16 15:08:03,474 - mmcv - INFO - 
head.onedecoder_head.det_refine.3.cls_layers.0.weight - torch.Size([256, 256]): 
The value is the same before and after calling `init_weights` of SparseDetector  
 
2026-06-16 15:08:03,474 - mmcv - INFO - 
head.onedecoder_head.det_refine.3.cls_layers.0.bias - torch.Size([256]): 
The value is the same before and after calling `init_weights` of SparseDetector  
 
2026-06-16 15:08:03,474 - mmcv - INFO - 
head.onedecoder_head.det_refine.3.cls_layers.2.weight - torch.Size([256]): 
The value is the same before and after calling `init_weights` of SparseDetector  
 
2026-06-16 15:08:03,474 - mmcv - INFO - 
head.onedecoder_head.det_refine.3.cls_layers.2.bias - torch.Size([256]): 
The value is the same before and after calling `init_weights` of SparseDetector  
 
2026-06-16 15:08:03,474 - mmcv - INFO - 
head.onedecoder_head.det_refine.3.cls_layers.3.weight - torch.Size([256, 256]): 
The value is the same before and after calling `init_weights` of SparseDetector  
 
2026-06-16 15:08:03,474 - mmcv - INFO - 
head.onedecoder_head.det_refine.3.cls_layers.3.bias - torch.Size([256]): 
The value is the same before and after calling `init_weights` of SparseDetector  
 
2026-06-16 15:08:03,474 - mmcv - INFO - 
head.onedecoder_head.det_refine.3.cls_layers.5.weight - torch.Size([256]): 
The value is the same before and after calling `init_weights` of SparseDetector  
 
2026-06-16 15:08:03,475 - mmcv - INFO - 
head.onedecoder_head.det_refine.3.cls_layers.5.bias - torch.Size([256]): 
The value is the same before and after calling `init_weights` of SparseDetector  
 
2026-06-16 15:08:03,475 - mmcv - INFO - 
head.onedecoder_head.det_refine.3.cls_layers.6.weight - torch.Size([10, 256]): 
The value is the same before and after calling `init_weights` of SparseDetector  
 
2026-06-16 15:08:03,475 - mmcv - INFO - 
head.onedecoder_head.det_refine.3.cls_layers.6.bias - torch.Size([10]): 
Initialized by user-defined `init_weights` in SparseHead  
 
2026-06-16 15:08:03,475 - mmcv - INFO - 
head.onedecoder_head.det_refine.3.quality_layers.0.weight - torch.Size([256, 256]): 
The value is the same before and after calling `init_weights` of SparseDetector  
 
2026-06-16 15:08:03,475 - mmcv - INFO - 
head.onedecoder_head.det_refine.3.quality_layers.0.bias - torch.Size([256]): 
The value is the same before and after calling `init_weights` of SparseDetector  
 
2026-06-16 15:08:03,475 - mmcv - INFO - 
head.onedecoder_head.det_refine.3.quality_layers.2.weight - torch.Size([256]): 
The value is the same before and after calling `init_weights` of SparseDetector  
 
2026-06-16 15:08:03,475 - mmcv - INFO - 
head.onedecoder_head.det_refine.3.quality_layers.2.bias - torch.Size([256]): 
The value is the same before and after calling `init_weights` of SparseDetector  
 
2026-06-16 15:08:03,475 - mmcv - INFO - 
head.onedecoder_head.det_refine.3.quality_layers.3.weight - torch.Size([256, 256]): 
The value is the same before and after calling `init_weights` of SparseDetector  
 
2026-06-16 15:08:03,475 - mmcv - INFO - 
head.onedecoder_head.det_refine.3.quality_layers.3.bias - torch.Size([256]): 
The value is the same before and after calling `init_weights` of SparseDetector  
 
2026-06-16 15:08:03,475 - mmcv - INFO - 
head.onedecoder_head.det_refine.3.quality_layers.5.weight - torch.Size([256]): 
The value is the same before and after calling `init_weights` of SparseDetector  
 
2026-06-16 15:08:03,475 - mmcv - INFO - 
head.onedecoder_head.det_refine.3.quality_layers.5.bias - torch.Size([256]): 
The value is the same before and after calling `init_weights` of SparseDetector  
 
2026-06-16 15:08:03,475 - mmcv - INFO - 
head.onedecoder_head.det_refine.3.quality_layers.6.weight - torch.Size([2, 256]): 
The value is the same before and after calling `init_weights` of SparseDetector  
 
2026-06-16 15:08:03,475 - mmcv - INFO - 
head.onedecoder_head.det_refine.3.quality_layers.6.bias - torch.Size([2]): 
The value is the same before and after calling `init_weights` of SparseDetector  
 
2026-06-16 15:08:03,475 - mmcv - INFO - 
head.onedecoder_head.det_refine.4.layers.0.weight - torch.Size([256, 256]): 
The value is the same before and after calling `init_weights` of SparseDetector  
 
2026-06-16 15:08:03,475 - mmcv - INFO - 
head.onedecoder_head.det_refine.4.layers.0.bias - torch.Size([256]): 
The value is the same before and after calling `init_weights` of SparseDetector  
 
2026-06-16 15:08:03,475 - mmcv - INFO - 
head.onedecoder_head.det_refine.4.layers.2.weight - torch.Size([256, 256]): 
The value is the same before and after calling `init_weights` of SparseDetector  
 
2026-06-16 15:08:03,475 - mmcv - INFO - 
head.onedecoder_head.det_refine.4.layers.2.bias - torch.Size([256]): 
The value is the same before and after calling `init_weights` of SparseDetector  
 
2026-06-16 15:08:03,475 - mmcv - INFO - 
head.onedecoder_head.det_refine.4.layers.4.weight - torch.Size([256]): 
The value is the same before and after calling `init_weights` of SparseDetector  
 
2026-06-16 15:08:03,475 - mmcv - INFO - 
head.onedecoder_head.det_refine.4.layers.4.bias - torch.Size([256]): 
The value is the same before and after calling `init_weights` of SparseDetector  
 
2026-06-16 15:08:03,475 - mmcv - INFO - 
head.onedecoder_head.det_refine.4.layers.5.weight - torch.Size([256, 256]): 
The value is the same before and after calling `init_weights` of SparseDetector  
 
2026-06-16 15:08:03,475 - mmcv - INFO - 
head.onedecoder_head.det_refine.4.layers.5.bias - torch.Size([256]): 
The value is the same before and after calling `init_weights` of SparseDetector  
 
2026-06-16 15:08:03,475 - mmcv - INFO - 
head.onedecoder_head.det_refine.4.layers.7.weight - torch.Size([256, 256]): 
The value is the same before and after calling `init_weights` of SparseDetector  
 
2026-06-16 15:08:03,475 - mmcv - INFO - 
head.onedecoder_head.det_refine.4.layers.7.bias - torch.Size([256]): 
The value is the same before and after calling `init_weights` of SparseDetector  
 
2026-06-16 15:08:03,475 - mmcv - INFO - 
head.onedecoder_head.det_refine.4.layers.9.weight - torch.Size([256]): 
The value is the same before and after calling `init_weights` of SparseDetector  
 
2026-06-16 15:08:03,475 - mmcv - INFO - 
head.onedecoder_head.det_refine.4.layers.9.bias - torch.Size([256]): 
The value is the same before and after calling `init_weights` of SparseDetector  
 
2026-06-16 15:08:03,475 - mmcv - INFO - 
head.onedecoder_head.det_refine.4.layers.10.weight - torch.Size([11, 256]): 
The value is the same before and after calling `init_weights` of SparseDetector  
 
2026-06-16 15:08:03,475 - mmcv - INFO - 
head.onedecoder_head.det_refine.4.layers.10.bias - torch.Size([11]): 
The value is the same before and after calling `init_weights` of SparseDetector  
 
2026-06-16 15:08:03,475 - mmcv - INFO - 
head.onedecoder_head.det_refine.4.layers.11.scale - torch.Size([11]): 
The value is the same before and after calling `init_weights` of SparseDetector  
 
2026-06-16 15:08:03,475 - mmcv - INFO - 
head.onedecoder_head.det_refine.4.cls_layers.0.weight - torch.Size([256, 256]): 
The value is the same before and after calling `init_weights` of SparseDetector  
 
2026-06-16 15:08:03,475 - mmcv - INFO - 
head.onedecoder_head.det_refine.4.cls_layers.0.bias - torch.Size([256]): 
The value is the same before and after calling `init_weights` of SparseDetector  
 
2026-06-16 15:08:03,475 - mmcv - INFO - 
head.onedecoder_head.det_refine.4.cls_layers.2.weight - torch.Size([256]): 
The value is the same before and after calling `init_weights` of SparseDetector  
 
2026-06-16 15:08:03,475 - mmcv - INFO - 
head.onedecoder_head.det_refine.4.cls_layers.2.bias - torch.Size([256]): 
The value is the same before and after calling `init_weights` of SparseDetector  
 
2026-06-16 15:08:03,475 - mmcv - INFO - 
head.onedecoder_head.det_refine.4.cls_layers.3.weight - torch.Size([256, 256]): 
The value is the same before and after calling `init_weights` of SparseDetector  
 
2026-06-16 15:08:03,475 - mmcv - INFO - 
head.onedecoder_head.det_refine.4.cls_layers.3.bias - torch.Size([256]): 
The value is the same before and after calling `init_weights` of SparseDetector  
 
2026-06-16 15:08:03,475 - mmcv - INFO - 
head.onedecoder_head.det_refine.4.cls_layers.5.weight - torch.Size([256]): 
The value is the same before and after calling `init_weights` of SparseDetector  
 
2026-06-16 15:08:03,475 - mmcv - INFO - 
head.onedecoder_head.det_refine.4.cls_layers.5.bias - torch.Size([256]): 
The value is the same before and after calling `init_weights` of SparseDetector  
 
2026-06-16 15:08:03,475 - mmcv - INFO - 
head.onedecoder_head.det_refine.4.cls_layers.6.weight - torch.Size([10, 256]): 
The value is the same before and after calling `init_weights` of SparseDetector  
 
2026-06-16 15:08:03,475 - mmcv - INFO - 
head.onedecoder_head.det_refine.4.cls_layers.6.bias - torch.Size([10]): 
Initialized by user-defined `init_weights` in SparseHead  
 
2026-06-16 15:08:03,476 - mmcv - INFO - 
head.onedecoder_head.det_refine.4.quality_layers.0.weight - torch.Size([256, 256]): 
The value is the same before and after calling `init_weights` of SparseDetector  
 
2026-06-16 15:08:03,476 - mmcv - INFO - 
head.onedecoder_head.det_refine.4.quality_layers.0.bias - torch.Size([256]): 
The value is the same before and after calling `init_weights` of SparseDetector  
 
2026-06-16 15:08:03,476 - mmcv - INFO - 
head.onedecoder_head.det_refine.4.quality_layers.2.weight - torch.Size([256]): 
The value is the same before and after calling `init_weights` of SparseDetector  
 
2026-06-16 15:08:03,476 - mmcv - INFO - 
head.onedecoder_head.det_refine.4.quality_layers.2.bias - torch.Size([256]): 
The value is the same before and after calling `init_weights` of SparseDetector  
 
2026-06-16 15:08:03,476 - mmcv - INFO - 
head.onedecoder_head.det_refine.4.quality_layers.3.weight - torch.Size([256, 256]): 
The value is the same before and after calling `init_weights` of SparseDetector  
 
2026-06-16 15:08:03,476 - mmcv - INFO - 
head.onedecoder_head.det_refine.4.quality_layers.3.bias - torch.Size([256]): 
The value is the same before and after calling `init_weights` of SparseDetector  
 
2026-06-16 15:08:03,476 - mmcv - INFO - 
head.onedecoder_head.det_refine.4.quality_layers.5.weight - torch.Size([256]): 
The value is the same before and after calling `init_weights` of SparseDetector  
 
2026-06-16 15:08:03,476 - mmcv - INFO - 
head.onedecoder_head.det_refine.4.quality_layers.5.bias - torch.Size([256]): 
The value is the same before and after calling `init_weights` of SparseDetector  
 
2026-06-16 15:08:03,476 - mmcv - INFO - 
head.onedecoder_head.det_refine.4.quality_layers.6.weight - torch.Size([2, 256]): 
The value is the same before and after calling `init_weights` of SparseDetector  
 
2026-06-16 15:08:03,476 - mmcv - INFO - 
head.onedecoder_head.det_refine.4.quality_layers.6.bias - torch.Size([2]): 
The value is the same before and after calling `init_weights` of SparseDetector  
 
2026-06-16 15:08:03,476 - mmcv - INFO - 
head.onedecoder_head.det_refine.5.layers.0.weight - torch.Size([256, 256]): 
The value is the same before and after calling `init_weights` of SparseDetector  
 
2026-06-16 15:08:03,476 - mmcv - INFO - 
head.onedecoder_head.det_refine.5.layers.0.bias - torch.Size([256]): 
The value is the same before and after calling `init_weights` of SparseDetector  
 
2026-06-16 15:08:03,476 - mmcv - INFO - 
head.onedecoder_head.det_refine.5.layers.2.weight - torch.Size([256, 256]): 
The value is the same before and after calling `init_weights` of SparseDetector  
 
2026-06-16 15:08:03,476 - mmcv - INFO - 
head.onedecoder_head.det_refine.5.layers.2.bias - torch.Size([256]): 
The value is the same before and after calling `init_weights` of SparseDetector  
 
2026-06-16 15:08:03,476 - mmcv - INFO - 
head.onedecoder_head.det_refine.5.layers.4.weight - torch.Size([256]): 
The value is the same before and after calling `init_weights` of SparseDetector  
 
2026-06-16 15:08:03,476 - mmcv - INFO - 
head.onedecoder_head.det_refine.5.layers.4.bias - torch.Size([256]): 
The value is the same before and after calling `init_weights` of SparseDetector  
 
2026-06-16 15:08:03,476 - mmcv - INFO - 
head.onedecoder_head.det_refine.5.layers.5.weight - torch.Size([256, 256]): 
The value is the same before and after calling `init_weights` of SparseDetector  
 
2026-06-16 15:08:03,476 - mmcv - INFO - 
head.onedecoder_head.det_refine.5.layers.5.bias - torch.Size([256]): 
The value is the same before and after calling `init_weights` of SparseDetector  
 
2026-06-16 15:08:03,476 - mmcv - INFO - 
head.onedecoder_head.det_refine.5.layers.7.weight - torch.Size([256, 256]): 
The value is the same before and after calling `init_weights` of SparseDetector  
 
2026-06-16 15:08:03,476 - mmcv - INFO - 
head.onedecoder_head.det_refine.5.layers.7.bias - torch.Size([256]): 
The value is the same before and after calling `init_weights` of SparseDetector  
 
2026-06-16 15:08:03,476 - mmcv - INFO - 
head.onedecoder_head.det_refine.5.layers.9.weight - torch.Size([256]): 
The value is the same before and after calling `init_weights` of SparseDetector  
 
2026-06-16 15:08:03,476 - mmcv - INFO - 
head.onedecoder_head.det_refine.5.layers.9.bias - torch.Size([256]): 
The value is the same before and after calling `init_weights` of SparseDetector  
 
2026-06-16 15:08:03,476 - mmcv - INFO - 
head.onedecoder_head.det_refine.5.layers.10.weight - torch.Size([11, 256]): 
The value is the same before and after calling `init_weights` of SparseDetector  
 
2026-06-16 15:08:03,476 - mmcv - INFO - 
head.onedecoder_head.det_refine.5.layers.10.bias - torch.Size([11]): 
The value is the same before and after calling `init_weights` of SparseDetector  
 
2026-06-16 15:08:03,476 - mmcv - INFO - 
head.onedecoder_head.det_refine.5.layers.11.scale - torch.Size([11]): 
The value is the same before and after calling `init_weights` of SparseDetector  
 
2026-06-16 15:08:03,476 - mmcv - INFO - 
head.onedecoder_head.det_refine.5.cls_layers.0.weight - torch.Size([256, 256]): 
The value is the same before and after calling `init_weights` of SparseDetector  
 
2026-06-16 15:08:03,476 - mmcv - INFO - 
head.onedecoder_head.det_refine.5.cls_layers.0.bias - torch.Size([256]): 
The value is the same before and after calling `init_weights` of SparseDetector  
 
2026-06-16 15:08:03,476 - mmcv - INFO - 
head.onedecoder_head.det_refine.5.cls_layers.2.weight - torch.Size([256]): 
The value is the same before and after calling `init_weights` of SparseDetector  
 
2026-06-16 15:08:03,476 - mmcv - INFO - 
head.onedecoder_head.det_refine.5.cls_layers.2.bias - torch.Size([256]): 
The value is the same before and after calling `init_weights` of SparseDetector  
 
2026-06-16 15:08:03,476 - mmcv - INFO - 
head.onedecoder_head.det_refine.5.cls_layers.3.weight - torch.Size([256, 256]): 
The value is the same before and after calling `init_weights` of SparseDetector  
 
2026-06-16 15:08:03,476 - mmcv - INFO - 
head.onedecoder_head.det_refine.5.cls_layers.3.bias - torch.Size([256]): 
The value is the same before and after calling `init_weights` of SparseDetector  
 
2026-06-16 15:08:03,476 - mmcv - INFO - 
head.onedecoder_head.det_refine.5.cls_layers.5.weight - torch.Size([256]): 
The value is the same before and after calling `init_weights` of SparseDetector  
 
2026-06-16 15:08:03,476 - mmcv - INFO - 
head.onedecoder_head.det_refine.5.cls_layers.5.bias - torch.Size([256]): 
The value is the same before and after calling `init_weights` of SparseDetector  
 
2026-06-16 15:08:03,476 - mmcv - INFO - 
head.onedecoder_head.det_refine.5.cls_layers.6.weight - torch.Size([10, 256]): 
The value is the same before and after calling `init_weights` of SparseDetector  
 
2026-06-16 15:08:03,476 - mmcv - INFO - 
head.onedecoder_head.det_refine.5.cls_layers.6.bias - torch.Size([10]): 
Initialized by user-defined `init_weights` in SparseHead  
 
2026-06-16 15:08:03,476 - mmcv - INFO - 
head.onedecoder_head.det_refine.5.quality_layers.0.weight - torch.Size([256, 256]): 
The value is the same before and after calling `init_weights` of SparseDetector  
 
2026-06-16 15:08:03,476 - mmcv - INFO - 
head.onedecoder_head.det_refine.5.quality_layers.0.bias - torch.Size([256]): 
The value is the same before and after calling `init_weights` of SparseDetector  
 
2026-06-16 15:08:03,476 - mmcv - INFO - 
head.onedecoder_head.det_refine.5.quality_layers.2.weight - torch.Size([256]): 
The value is the same before and after calling `init_weights` of SparseDetector  
 
2026-06-16 15:08:03,476 - mmcv - INFO - 
head.onedecoder_head.det_refine.5.quality_layers.2.bias - torch.Size([256]): 
The value is the same before and after calling `init_weights` of SparseDetector  
 
2026-06-16 15:08:03,476 - mmcv - INFO - 
head.onedecoder_head.det_refine.5.quality_layers.3.weight - torch.Size([256, 256]): 
The value is the same before and after calling `init_weights` of SparseDetector  
 
2026-06-16 15:08:03,477 - mmcv - INFO - 
head.onedecoder_head.det_refine.5.quality_layers.3.bias - torch.Size([256]): 
The value is the same before and after calling `init_weights` of SparseDetector  
 
2026-06-16 15:08:03,477 - mmcv - INFO - 
head.onedecoder_head.det_refine.5.quality_layers.5.weight - torch.Size([256]): 
The value is the same before and after calling `init_weights` of SparseDetector  
 
2026-06-16 15:08:03,477 - mmcv - INFO - 
head.onedecoder_head.det_refine.5.quality_layers.5.bias - torch.Size([256]): 
The value is the same before and after calling `init_weights` of SparseDetector  
 
2026-06-16 15:08:03,477 - mmcv - INFO - 
head.onedecoder_head.det_refine.5.quality_layers.6.weight - torch.Size([2, 256]): 
The value is the same before and after calling `init_weights` of SparseDetector  
 
2026-06-16 15:08:03,477 - mmcv - INFO - 
head.onedecoder_head.det_refine.5.quality_layers.6.bias - torch.Size([2]): 
The value is the same before and after calling `init_weights` of SparseDetector  
 
2026-06-16 15:08:03,477 - mmcv - INFO - 
head.onedecoder_head.map_instance_bank.anchor - torch.Size([100, 40]): 
The value is the same before and after calling `init_weights` of SparseDetector  
 
2026-06-16 15:08:03,477 - mmcv - INFO - 
head.onedecoder_head.map_instance_bank.instance_feature - torch.Size([100, 256]): 
Initialized by user-defined `init_weights` in SparseHead  
 
2026-06-16 15:08:03,477 - mmcv - INFO - 
head.onedecoder_head.map_anchor_encoder.pos_fc.0.weight - torch.Size([256, 40]): 
The value is the same before and after calling `init_weights` of SparseDetector  
 
2026-06-16 15:08:03,477 - mmcv - INFO - 
head.onedecoder_head.map_anchor_encoder.pos_fc.0.bias - torch.Size([256]): 
The value is the same before and after calling `init_weights` of SparseDetector  
 
2026-06-16 15:08:03,477 - mmcv - INFO - 
head.onedecoder_head.map_anchor_encoder.pos_fc.2.weight - torch.Size([256]): 
The value is the same before and after calling `init_weights` of SparseDetector  
 
2026-06-16 15:08:03,477 - mmcv - INFO - 
head.onedecoder_head.map_anchor_encoder.pos_fc.2.bias - torch.Size([256]): 
The value is the same before and after calling `init_weights` of SparseDetector  
 
2026-06-16 15:08:03,477 - mmcv - INFO - 
head.onedecoder_head.map_anchor_encoder.pos_fc.3.weight - torch.Size([256, 256]): 
The value is the same before and after calling `init_weights` of SparseDetector  
 
2026-06-16 15:08:03,477 - mmcv - INFO - 
head.onedecoder_head.map_anchor_encoder.pos_fc.3.bias - torch.Size([256]): 
The value is the same before and after calling `init_weights` of SparseDetector  
 
2026-06-16 15:08:03,477 - mmcv - INFO - 
head.onedecoder_head.map_anchor_encoder.pos_fc.5.weight - torch.Size([256]): 
The value is the same before and after calling `init_weights` of SparseDetector  
 
2026-06-16 15:08:03,477 - mmcv - INFO - 
head.onedecoder_head.map_anchor_encoder.pos_fc.5.bias - torch.Size([256]): 
The value is the same before and after calling `init_weights` of SparseDetector  
 
2026-06-16 15:08:03,477 - mmcv - INFO - 
head.onedecoder_head.map_deformable.0.kps_generator.learnable_fc.weight - torch.Size([600, 256]): 
Initialized by user-defined `init_weights` in SparseHead  
 
2026-06-16 15:08:03,477 - mmcv - INFO - 
head.onedecoder_head.map_deformable.0.kps_generator.learnable_fc.bias - torch.Size([600]): 
Initialized by user-defined `init_weights` in SparseHead  
 
2026-06-16 15:08:03,477 - mmcv - INFO - 
head.onedecoder_head.map_deformable.0.output_proj.weight - torch.Size([256, 256]): 
Initialized by user-defined `init_weights` in SparseHead  
 
2026-06-16 15:08:03,477 - mmcv - INFO - 
head.onedecoder_head.map_deformable.0.output_proj.bias - torch.Size([256]): 
Initialized by user-defined `init_weights` in SparseHead  
 
2026-06-16 15:08:03,477 - mmcv - INFO - 
head.onedecoder_head.map_deformable.0.camera_encoder.0.weight - torch.Size([256, 12]): 
The value is the same before and after calling `init_weights` of SparseDetector  
 
2026-06-16 15:08:03,477 - mmcv - INFO - 
head.onedecoder_head.map_deformable.0.camera_encoder.0.bias - torch.Size([256]): 
The value is the same before and after calling `init_weights` of SparseDetector  
 
2026-06-16 15:08:03,477 - mmcv - INFO - 
head.onedecoder_head.map_deformable.0.camera_encoder.2.weight - torch.Size([256]): 
The value is the same before and after calling `init_weights` of SparseDetector  
 
2026-06-16 15:08:03,477 - mmcv - INFO - 
head.onedecoder_head.map_deformable.0.camera_encoder.2.bias - torch.Size([256]): 
The value is the same before and after calling `init_weights` of SparseDetector  
 
2026-06-16 15:08:03,477 - mmcv - INFO - 
head.onedecoder_head.map_deformable.0.camera_encoder.3.weight - torch.Size([256, 256]): 
The value is the same before and after calling `init_weights` of SparseDetector  
 
2026-06-16 15:08:03,477 - mmcv - INFO - 
head.onedecoder_head.map_deformable.0.camera_encoder.3.bias - torch.Size([256]): 
The value is the same before and after calling `init_weights` of SparseDetector  
 
2026-06-16 15:08:03,477 - mmcv - INFO - 
head.onedecoder_head.map_deformable.0.camera_encoder.5.weight - torch.Size([256]): 
The value is the same before and after calling `init_weights` of SparseDetector  
 
2026-06-16 15:08:03,477 - mmcv - INFO - 
head.onedecoder_head.map_deformable.0.camera_encoder.5.bias - torch.Size([256]): 
The value is the same before and after calling `init_weights` of SparseDetector  
 
2026-06-16 15:08:03,477 - mmcv - INFO - 
head.onedecoder_head.map_deformable.0.weights_fc.weight - torch.Size([9600, 256]): 
Initialized by user-defined `init_weights` in SparseHead  
 
2026-06-16 15:08:03,477 - mmcv - INFO - 
head.onedecoder_head.map_deformable.0.weights_fc.bias - torch.Size([9600]): 
Initialized by user-defined `init_weights` in SparseHead  
 
2026-06-16 15:08:03,477 - mmcv - INFO - 
head.onedecoder_head.map_deformable.1.kps_generator.learnable_fc.weight - torch.Size([600, 256]): 
Initialized by user-defined `init_weights` in SparseHead  
 
2026-06-16 15:08:03,477 - mmcv - INFO - 
head.onedecoder_head.map_deformable.1.kps_generator.learnable_fc.bias - torch.Size([600]): 
Initialized by user-defined `init_weights` in SparseHead  
 
2026-06-16 15:08:03,477 - mmcv - INFO - 
head.onedecoder_head.map_deformable.1.output_proj.weight - torch.Size([256, 256]): 
Initialized by user-defined `init_weights` in SparseHead  
 
2026-06-16 15:08:03,477 - mmcv - INFO - 
head.onedecoder_head.map_deformable.1.output_proj.bias - torch.Size([256]): 
Initialized by user-defined `init_weights` in SparseHead  
 
2026-06-16 15:08:03,477 - mmcv - INFO - 
head.onedecoder_head.map_deformable.1.camera_encoder.0.weight - torch.Size([256, 12]): 
The value is the same before and after calling `init_weights` of SparseDetector  
 
2026-06-16 15:08:03,477 - mmcv - INFO - 
head.onedecoder_head.map_deformable.1.camera_encoder.0.bias - torch.Size([256]): 
The value is the same before and after calling `init_weights` of SparseDetector  
 
2026-06-16 15:08:03,477 - mmcv - INFO - 
head.onedecoder_head.map_deformable.1.camera_encoder.2.weight - torch.Size([256]): 
The value is the same before and after calling `init_weights` of SparseDetector  
 
2026-06-16 15:08:03,477 - mmcv - INFO - 
head.onedecoder_head.map_deformable.1.camera_encoder.2.bias - torch.Size([256]): 
The value is the same before and after calling `init_weights` of SparseDetector  
 
2026-06-16 15:08:03,477 - mmcv - INFO - 
head.onedecoder_head.map_deformable.1.camera_encoder.3.weight - torch.Size([256, 256]): 
The value is the same before and after calling `init_weights` of SparseDetector  
 
2026-06-16 15:08:03,478 - mmcv - INFO - 
head.onedecoder_head.map_deformable.1.camera_encoder.3.bias - torch.Size([256]): 
The value is the same before and after calling `init_weights` of SparseDetector  
 
2026-06-16 15:08:03,478 - mmcv - INFO - 
head.onedecoder_head.map_deformable.1.camera_encoder.5.weight - torch.Size([256]): 
The value is the same before and after calling `init_weights` of SparseDetector  
 
2026-06-16 15:08:03,478 - mmcv - INFO - 
head.onedecoder_head.map_deformable.1.camera_encoder.5.bias - torch.Size([256]): 
The value is the same before and after calling `init_weights` of SparseDetector  
 
2026-06-16 15:08:03,478 - mmcv - INFO - 
head.onedecoder_head.map_deformable.1.weights_fc.weight - torch.Size([9600, 256]): 
Initialized by user-defined `init_weights` in SparseHead  
 
2026-06-16 15:08:03,478 - mmcv - INFO - 
head.onedecoder_head.map_deformable.1.weights_fc.bias - torch.Size([9600]): 
Initialized by user-defined `init_weights` in SparseHead  
 
2026-06-16 15:08:03,478 - mmcv - INFO - 
head.onedecoder_head.map_deformable.2.kps_generator.learnable_fc.weight - torch.Size([600, 256]): 
Initialized by user-defined `init_weights` in SparseHead  
 
2026-06-16 15:08:03,478 - mmcv - INFO - 
head.onedecoder_head.map_deformable.2.kps_generator.learnable_fc.bias - torch.Size([600]): 
Initialized by user-defined `init_weights` in SparseHead  
 
2026-06-16 15:08:03,478 - mmcv - INFO - 
head.onedecoder_head.map_deformable.2.output_proj.weight - torch.Size([256, 256]): 
Initialized by user-defined `init_weights` in SparseHead  
 
2026-06-16 15:08:03,478 - mmcv - INFO - 
head.onedecoder_head.map_deformable.2.output_proj.bias - torch.Size([256]): 
Initialized by user-defined `init_weights` in SparseHead  
 
2026-06-16 15:08:03,478 - mmcv - INFO - 
head.onedecoder_head.map_deformable.2.camera_encoder.0.weight - torch.Size([256, 12]): 
The value is the same before and after calling `init_weights` of SparseDetector  
 
2026-06-16 15:08:03,478 - mmcv - INFO - 
head.onedecoder_head.map_deformable.2.camera_encoder.0.bias - torch.Size([256]): 
The value is the same before and after calling `init_weights` of SparseDetector  
 
2026-06-16 15:08:03,478 - mmcv - INFO - 
head.onedecoder_head.map_deformable.2.camera_encoder.2.weight - torch.Size([256]): 
The value is the same before and after calling `init_weights` of SparseDetector  
 
2026-06-16 15:08:03,478 - mmcv - INFO - 
head.onedecoder_head.map_deformable.2.camera_encoder.2.bias - torch.Size([256]): 
The value is the same before and after calling `init_weights` of SparseDetector  
 
2026-06-16 15:08:03,478 - mmcv - INFO - 
head.onedecoder_head.map_deformable.2.camera_encoder.3.weight - torch.Size([256, 256]): 
The value is the same before and after calling `init_weights` of SparseDetector  
 
2026-06-16 15:08:03,478 - mmcv - INFO - 
head.onedecoder_head.map_deformable.2.camera_encoder.3.bias - torch.Size([256]): 
The value is the same before and after calling `init_weights` of SparseDetector  
 
2026-06-16 15:08:03,478 - mmcv - INFO - 
head.onedecoder_head.map_deformable.2.camera_encoder.5.weight - torch.Size([256]): 
The value is the same before and after calling `init_weights` of SparseDetector  
 
2026-06-16 15:08:03,478 - mmcv - INFO - 
head.onedecoder_head.map_deformable.2.camera_encoder.5.bias - torch.Size([256]): 
The value is the same before and after calling `init_weights` of SparseDetector  
 
2026-06-16 15:08:03,478 - mmcv - INFO - 
head.onedecoder_head.map_deformable.2.weights_fc.weight - torch.Size([9600, 256]): 
Initialized by user-defined `init_weights` in SparseHead  
 
2026-06-16 15:08:03,478 - mmcv - INFO - 
head.onedecoder_head.map_deformable.2.weights_fc.bias - torch.Size([9600]): 
Initialized by user-defined `init_weights` in SparseHead  
 
2026-06-16 15:08:03,478 - mmcv - INFO - 
head.onedecoder_head.map_deformable.3.kps_generator.learnable_fc.weight - torch.Size([600, 256]): 
Initialized by user-defined `init_weights` in SparseHead  
 
2026-06-16 15:08:03,478 - mmcv - INFO - 
head.onedecoder_head.map_deformable.3.kps_generator.learnable_fc.bias - torch.Size([600]): 
Initialized by user-defined `init_weights` in SparseHead  
 
2026-06-16 15:08:03,478 - mmcv - INFO - 
head.onedecoder_head.map_deformable.3.output_proj.weight - torch.Size([256, 256]): 
Initialized by user-defined `init_weights` in SparseHead  
 
2026-06-16 15:08:03,478 - mmcv - INFO - 
head.onedecoder_head.map_deformable.3.output_proj.bias - torch.Size([256]): 
Initialized by user-defined `init_weights` in SparseHead  
 
2026-06-16 15:08:03,478 - mmcv - INFO - 
head.onedecoder_head.map_deformable.3.camera_encoder.0.weight - torch.Size([256, 12]): 
The value is the same before and after calling `init_weights` of SparseDetector  
 
2026-06-16 15:08:03,478 - mmcv - INFO - 
head.onedecoder_head.map_deformable.3.camera_encoder.0.bias - torch.Size([256]): 
The value is the same before and after calling `init_weights` of SparseDetector  
 
2026-06-16 15:08:03,478 - mmcv - INFO - 
head.onedecoder_head.map_deformable.3.camera_encoder.2.weight - torch.Size([256]): 
The value is the same before and after calling `init_weights` of SparseDetector  
 
2026-06-16 15:08:03,478 - mmcv - INFO - 
head.onedecoder_head.map_deformable.3.camera_encoder.2.bias - torch.Size([256]): 
The value is the same before and after calling `init_weights` of SparseDetector  
 
2026-06-16 15:08:03,478 - mmcv - INFO - 
head.onedecoder_head.map_deformable.3.camera_encoder.3.weight - torch.Size([256, 256]): 
The value is the same before and after calling `init_weights` of SparseDetector  
 
2026-06-16 15:08:03,478 - mmcv - INFO - 
head.onedecoder_head.map_deformable.3.camera_encoder.3.bias - torch.Size([256]): 
The value is the same before and after calling `init_weights` of SparseDetector  
 
2026-06-16 15:08:03,478 - mmcv - INFO - 
head.onedecoder_head.map_deformable.3.camera_encoder.5.weight - torch.Size([256]): 
The value is the same before and after calling `init_weights` of SparseDetector  
 
2026-06-16 15:08:03,478 - mmcv - INFO - 
head.onedecoder_head.map_deformable.3.camera_encoder.5.bias - torch.Size([256]): 
The value is the same before and after calling `init_weights` of SparseDetector  
 
2026-06-16 15:08:03,478 - mmcv - INFO - 
head.onedecoder_head.map_deformable.3.weights_fc.weight - torch.Size([9600, 256]): 
Initialized by user-defined `init_weights` in SparseHead  
 
2026-06-16 15:08:03,478 - mmcv - INFO - 
head.onedecoder_head.map_deformable.3.weights_fc.bias - torch.Size([9600]): 
Initialized by user-defined `init_weights` in SparseHead  
 
2026-06-16 15:08:03,478 - mmcv - INFO - 
head.onedecoder_head.map_deformable.4.kps_generator.learnable_fc.weight - torch.Size([600, 256]): 
Initialized by user-defined `init_weights` in SparseHead  
 
2026-06-16 15:08:03,478 - mmcv - INFO - 
head.onedecoder_head.map_deformable.4.kps_generator.learnable_fc.bias - torch.Size([600]): 
Initialized by user-defined `init_weights` in SparseHead  
 
2026-06-16 15:08:03,478 - mmcv - INFO - 
head.onedecoder_head.map_deformable.4.output_proj.weight - torch.Size([256, 256]): 
Initialized by user-defined `init_weights` in SparseHead  
 
2026-06-16 15:08:03,478 - mmcv - INFO - 
head.onedecoder_head.map_deformable.4.output_proj.bias - torch.Size([256]): 
Initialized by user-defined `init_weights` in SparseHead  
 
2026-06-16 15:08:03,478 - mmcv - INFO - 
head.onedecoder_head.map_deformable.4.camera_encoder.0.weight - torch.Size([256, 12]): 
The value is the same before and after calling `init_weights` of SparseDetector  
 
2026-06-16 15:08:03,478 - mmcv - INFO - 
head.onedecoder_head.map_deformable.4.camera_encoder.0.bias - torch.Size([256]): 
The value is the same before and after calling `init_weights` of SparseDetector  
 
2026-06-16 15:08:03,478 - mmcv - INFO - 
head.onedecoder_head.map_deformable.4.camera_encoder.2.weight - torch.Size([256]): 
The value is the same before and after calling `init_weights` of SparseDetector  
 
2026-06-16 15:08:03,478 - mmcv - INFO - 
head.onedecoder_head.map_deformable.4.camera_encoder.2.bias - torch.Size([256]): 
The value is the same before and after calling `init_weights` of SparseDetector  
 
2026-06-16 15:08:03,479 - mmcv - INFO - 
head.onedecoder_head.map_deformable.4.camera_encoder.3.weight - torch.Size([256, 256]): 
The value is the same before and after calling `init_weights` of SparseDetector  
 
2026-06-16 15:08:03,479 - mmcv - INFO - 
head.onedecoder_head.map_deformable.4.camera_encoder.3.bias - torch.Size([256]): 
The value is the same before and after calling `init_weights` of SparseDetector  
 
2026-06-16 15:08:03,479 - mmcv - INFO - 
head.onedecoder_head.map_deformable.4.camera_encoder.5.weight - torch.Size([256]): 
The value is the same before and after calling `init_weights` of SparseDetector  
 
2026-06-16 15:08:03,479 - mmcv - INFO - 
head.onedecoder_head.map_deformable.4.camera_encoder.5.bias - torch.Size([256]): 
The value is the same before and after calling `init_weights` of SparseDetector  
 
2026-06-16 15:08:03,479 - mmcv - INFO - 
head.onedecoder_head.map_deformable.4.weights_fc.weight - torch.Size([9600, 256]): 
Initialized by user-defined `init_weights` in SparseHead  
 
2026-06-16 15:08:03,479 - mmcv - INFO - 
head.onedecoder_head.map_deformable.4.weights_fc.bias - torch.Size([9600]): 
Initialized by user-defined `init_weights` in SparseHead  
 
2026-06-16 15:08:03,479 - mmcv - INFO - 
head.onedecoder_head.map_deformable.5.kps_generator.learnable_fc.weight - torch.Size([600, 256]): 
Initialized by user-defined `init_weights` in SparseHead  
 
2026-06-16 15:08:03,479 - mmcv - INFO - 
head.onedecoder_head.map_deformable.5.kps_generator.learnable_fc.bias - torch.Size([600]): 
Initialized by user-defined `init_weights` in SparseHead  
 
2026-06-16 15:08:03,479 - mmcv - INFO - 
head.onedecoder_head.map_deformable.5.output_proj.weight - torch.Size([256, 256]): 
Initialized by user-defined `init_weights` in SparseHead  
 
2026-06-16 15:08:03,479 - mmcv - INFO - 
head.onedecoder_head.map_deformable.5.output_proj.bias - torch.Size([256]): 
Initialized by user-defined `init_weights` in SparseHead  
 
2026-06-16 15:08:03,479 - mmcv - INFO - 
head.onedecoder_head.map_deformable.5.camera_encoder.0.weight - torch.Size([256, 12]): 
The value is the same before and after calling `init_weights` of SparseDetector  
 
2026-06-16 15:08:03,479 - mmcv - INFO - 
head.onedecoder_head.map_deformable.5.camera_encoder.0.bias - torch.Size([256]): 
The value is the same before and after calling `init_weights` of SparseDetector  
 
2026-06-16 15:08:03,479 - mmcv - INFO - 
head.onedecoder_head.map_deformable.5.camera_encoder.2.weight - torch.Size([256]): 
The value is the same before and after calling `init_weights` of SparseDetector  
 
2026-06-16 15:08:03,479 - mmcv - INFO - 
head.onedecoder_head.map_deformable.5.camera_encoder.2.bias - torch.Size([256]): 
The value is the same before and after calling `init_weights` of SparseDetector  
 
2026-06-16 15:08:03,479 - mmcv - INFO - 
head.onedecoder_head.map_deformable.5.camera_encoder.3.weight - torch.Size([256, 256]): 
The value is the same before and after calling `init_weights` of SparseDetector  
 
2026-06-16 15:08:03,479 - mmcv - INFO - 
head.onedecoder_head.map_deformable.5.camera_encoder.3.bias - torch.Size([256]): 
The value is the same before and after calling `init_weights` of SparseDetector  
 
2026-06-16 15:08:03,479 - mmcv - INFO - 
head.onedecoder_head.map_deformable.5.camera_encoder.5.weight - torch.Size([256]): 
The value is the same before and after calling `init_weights` of SparseDetector  
 
2026-06-16 15:08:03,479 - mmcv - INFO - 
head.onedecoder_head.map_deformable.5.camera_encoder.5.bias - torch.Size([256]): 
The value is the same before and after calling `init_weights` of SparseDetector  
 
2026-06-16 15:08:03,479 - mmcv - INFO - 
head.onedecoder_head.map_deformable.5.weights_fc.weight - torch.Size([9600, 256]): 
Initialized by user-defined `init_weights` in SparseHead  
 
2026-06-16 15:08:03,479 - mmcv - INFO - 
head.onedecoder_head.map_deformable.5.weights_fc.bias - torch.Size([9600]): 
Initialized by user-defined `init_weights` in SparseHead  
 
2026-06-16 15:08:03,479 - mmcv - INFO - 
head.onedecoder_head.map_refine.0.layers.0.weight - torch.Size([256, 256]): 
The value is the same before and after calling `init_weights` of SparseDetector  
 
2026-06-16 15:08:03,479 - mmcv - INFO - 
head.onedecoder_head.map_refine.0.layers.0.bias - torch.Size([256]): 
The value is the same before and after calling `init_weights` of SparseDetector  
 
2026-06-16 15:08:03,479 - mmcv - INFO - 
head.onedecoder_head.map_refine.0.layers.2.weight - torch.Size([256, 256]): 
The value is the same before and after calling `init_weights` of SparseDetector  
 
2026-06-16 15:08:03,479 - mmcv - INFO - 
head.onedecoder_head.map_refine.0.layers.2.bias - torch.Size([256]): 
The value is the same before and after calling `init_weights` of SparseDetector  
 
2026-06-16 15:08:03,479 - mmcv - INFO - 
head.onedecoder_head.map_refine.0.layers.4.weight - torch.Size([256]): 
The value is the same before and after calling `init_weights` of SparseDetector  
 
2026-06-16 15:08:03,479 - mmcv - INFO - 
head.onedecoder_head.map_refine.0.layers.4.bias - torch.Size([256]): 
The value is the same before and after calling `init_weights` of SparseDetector  
 
2026-06-16 15:08:03,479 - mmcv - INFO - 
head.onedecoder_head.map_refine.0.layers.5.weight - torch.Size([256, 256]): 
The value is the same before and after calling `init_weights` of SparseDetector  
 
2026-06-16 15:08:03,479 - mmcv - INFO - 
head.onedecoder_head.map_refine.0.layers.5.bias - torch.Size([256]): 
The value is the same before and after calling `init_weights` of SparseDetector  
 
2026-06-16 15:08:03,479 - mmcv - INFO - 
head.onedecoder_head.map_refine.0.layers.7.weight - torch.Size([256, 256]): 
The value is the same before and after calling `init_weights` of SparseDetector  
 
2026-06-16 15:08:03,479 - mmcv - INFO - 
head.onedecoder_head.map_refine.0.layers.7.bias - torch.Size([256]): 
The value is the same before and after calling `init_weights` of SparseDetector  
 
2026-06-16 15:08:03,479 - mmcv - INFO - 
head.onedecoder_head.map_refine.0.layers.9.weight - torch.Size([256]): 
The value is the same before and after calling `init_weights` of SparseDetector  
 
2026-06-16 15:08:03,479 - mmcv - INFO - 
head.onedecoder_head.map_refine.0.layers.9.bias - torch.Size([256]): 
The value is the same before and after calling `init_weights` of SparseDetector  
 
2026-06-16 15:08:03,479 - mmcv - INFO - 
head.onedecoder_head.map_refine.0.layers.10.weight - torch.Size([40, 256]): 
The value is the same before and after calling `init_weights` of SparseDetector  
 
2026-06-16 15:08:03,479 - mmcv - INFO - 
head.onedecoder_head.map_refine.0.layers.10.bias - torch.Size([40]): 
The value is the same before and after calling `init_weights` of SparseDetector  
 
2026-06-16 15:08:03,479 - mmcv - INFO - 
head.onedecoder_head.map_refine.0.layers.11.scale - torch.Size([40]): 
The value is the same before and after calling `init_weights` of SparseDetector  
 
2026-06-16 15:08:03,479 - mmcv - INFO - 
head.onedecoder_head.map_refine.0.cls_layers.0.weight - torch.Size([256, 256]): 
The value is the same before and after calling `init_weights` of SparseDetector  
 
2026-06-16 15:08:03,479 - mmcv - INFO - 
head.onedecoder_head.map_refine.0.cls_layers.0.bias - torch.Size([256]): 
The value is the same before and after calling `init_weights` of SparseDetector  
 
2026-06-16 15:08:03,479 - mmcv - INFO - 
head.onedecoder_head.map_refine.0.cls_layers.2.weight - torch.Size([256]): 
The value is the same before and after calling `init_weights` of SparseDetector  
 
2026-06-16 15:08:03,479 - mmcv - INFO - 
head.onedecoder_head.map_refine.0.cls_layers.2.bias - torch.Size([256]): 
The value is the same before and after calling `init_weights` of SparseDetector  
 
2026-06-16 15:08:03,480 - mmcv - INFO - 
head.onedecoder_head.map_refine.0.cls_layers.3.weight - torch.Size([256, 256]): 
The value is the same before and after calling `init_weights` of SparseDetector  
 
2026-06-16 15:08:03,480 - mmcv - INFO - 
head.onedecoder_head.map_refine.0.cls_layers.3.bias - torch.Size([256]): 
The value is the same before and after calling `init_weights` of SparseDetector  
 
2026-06-16 15:08:03,480 - mmcv - INFO - 
head.onedecoder_head.map_refine.0.cls_layers.5.weight - torch.Size([256]): 
The value is the same before and after calling `init_weights` of SparseDetector  
 
2026-06-16 15:08:03,480 - mmcv - INFO - 
head.onedecoder_head.map_refine.0.cls_layers.5.bias - torch.Size([256]): 
The value is the same before and after calling `init_weights` of SparseDetector  
 
2026-06-16 15:08:03,480 - mmcv - INFO - 
head.onedecoder_head.map_refine.0.cls_layers.6.weight - torch.Size([3, 256]): 
The value is the same before and after calling `init_weights` of SparseDetector  
 
2026-06-16 15:08:03,480 - mmcv - INFO - 
head.onedecoder_head.map_refine.0.cls_layers.6.bias - torch.Size([3]): 
Initialized by user-defined `init_weights` in SparseHead  
 
2026-06-16 15:08:03,480 - mmcv - INFO - 
head.onedecoder_head.map_refine.1.layers.0.weight - torch.Size([256, 256]): 
The value is the same before and after calling `init_weights` of SparseDetector  
 
2026-06-16 15:08:03,480 - mmcv - INFO - 
head.onedecoder_head.map_refine.1.layers.0.bias - torch.Size([256]): 
The value is the same before and after calling `init_weights` of SparseDetector  
 
2026-06-16 15:08:03,480 - mmcv - INFO - 
head.onedecoder_head.map_refine.1.layers.2.weight - torch.Size([256, 256]): 
The value is the same before and after calling `init_weights` of SparseDetector  
 
2026-06-16 15:08:03,480 - mmcv - INFO - 
head.onedecoder_head.map_refine.1.layers.2.bias - torch.Size([256]): 
The value is the same before and after calling `init_weights` of SparseDetector  
 
2026-06-16 15:08:03,480 - mmcv - INFO - 
head.onedecoder_head.map_refine.1.layers.4.weight - torch.Size([256]): 
The value is the same before and after calling `init_weights` of SparseDetector  
 
2026-06-16 15:08:03,480 - mmcv - INFO - 
head.onedecoder_head.map_refine.1.layers.4.bias - torch.Size([256]): 
The value is the same before and after calling `init_weights` of SparseDetector  
 
2026-06-16 15:08:03,480 - mmcv - INFO - 
head.onedecoder_head.map_refine.1.layers.5.weight - torch.Size([256, 256]): 
The value is the same before and after calling `init_weights` of SparseDetector  
 
2026-06-16 15:08:03,480 - mmcv - INFO - 
head.onedecoder_head.map_refine.1.layers.5.bias - torch.Size([256]): 
The value is the same before and after calling `init_weights` of SparseDetector  
 
2026-06-16 15:08:03,480 - mmcv - INFO - 
head.onedecoder_head.map_refine.1.layers.7.weight - torch.Size([256, 256]): 
The value is the same before and after calling `init_weights` of SparseDetector  
 
2026-06-16 15:08:03,480 - mmcv - INFO - 
head.onedecoder_head.map_refine.1.layers.7.bias - torch.Size([256]): 
The value is the same before and after calling `init_weights` of SparseDetector  
 
2026-06-16 15:08:03,480 - mmcv - INFO - 
head.onedecoder_head.map_refine.1.layers.9.weight - torch.Size([256]): 
The value is the same before and after calling `init_weights` of SparseDetector  
 
2026-06-16 15:08:03,480 - mmcv - INFO - 
head.onedecoder_head.map_refine.1.layers.9.bias - torch.Size([256]): 
The value is the same before and after calling `init_weights` of SparseDetector  
 
2026-06-16 15:08:03,480 - mmcv - INFO - 
head.onedecoder_head.map_refine.1.layers.10.weight - torch.Size([40, 256]): 
The value is the same before and after calling `init_weights` of SparseDetector  
 
2026-06-16 15:08:03,480 - mmcv - INFO - 
head.onedecoder_head.map_refine.1.layers.10.bias - torch.Size([40]): 
The value is the same before and after calling `init_weights` of SparseDetector  
 
2026-06-16 15:08:03,480 - mmcv - INFO - 
head.onedecoder_head.map_refine.1.layers.11.scale - torch.Size([40]): 
The value is the same before and after calling `init_weights` of SparseDetector  
 
2026-06-16 15:08:03,480 - mmcv - INFO - 
head.onedecoder_head.map_refine.1.cls_layers.0.weight - torch.Size([256, 256]): 
The value is the same before and after calling `init_weights` of SparseDetector  
 
2026-06-16 15:08:03,480 - mmcv - INFO - 
head.onedecoder_head.map_refine.1.cls_layers.0.bias - torch.Size([256]): 
The value is the same before and after calling `init_weights` of SparseDetector  
 
2026-06-16 15:08:03,480 - mmcv - INFO - 
head.onedecoder_head.map_refine.1.cls_layers.2.weight - torch.Size([256]): 
The value is the same before and after calling `init_weights` of SparseDetector  
 
2026-06-16 15:08:03,480 - mmcv - INFO - 
head.onedecoder_head.map_refine.1.cls_layers.2.bias - torch.Size([256]): 
The value is the same before and after calling `init_weights` of SparseDetector  
 
2026-06-16 15:08:03,480 - mmcv - INFO - 
head.onedecoder_head.map_refine.1.cls_layers.3.weight - torch.Size([256, 256]): 
The value is the same before and after calling `init_weights` of SparseDetector  
 
2026-06-16 15:08:03,480 - mmcv - INFO - 
head.onedecoder_head.map_refine.1.cls_layers.3.bias - torch.Size([256]): 
The value is the same before and after calling `init_weights` of SparseDetector  
 
2026-06-16 15:08:03,480 - mmcv - INFO - 
head.onedecoder_head.map_refine.1.cls_layers.5.weight - torch.Size([256]): 
The value is the same before and after calling `init_weights` of SparseDetector  
 
2026-06-16 15:08:03,480 - mmcv - INFO - 
head.onedecoder_head.map_refine.1.cls_layers.5.bias - torch.Size([256]): 
The value is the same before and after calling `init_weights` of SparseDetector  
 
2026-06-16 15:08:03,480 - mmcv - INFO - 
head.onedecoder_head.map_refine.1.cls_layers.6.weight - torch.Size([3, 256]): 
The value is the same before and after calling `init_weights` of SparseDetector  
 
2026-06-16 15:08:03,480 - mmcv - INFO - 
head.onedecoder_head.map_refine.1.cls_layers.6.bias - torch.Size([3]): 
Initialized by user-defined `init_weights` in SparseHead  
 
2026-06-16 15:08:03,480 - mmcv - INFO - 
head.onedecoder_head.map_refine.2.layers.0.weight - torch.Size([256, 256]): 
The value is the same before and after calling `init_weights` of SparseDetector  
 
2026-06-16 15:08:03,480 - mmcv - INFO - 
head.onedecoder_head.map_refine.2.layers.0.bias - torch.Size([256]): 
The value is the same before and after calling `init_weights` of SparseDetector  
 
2026-06-16 15:08:03,480 - mmcv - INFO - 
head.onedecoder_head.map_refine.2.layers.2.weight - torch.Size([256, 256]): 
The value is the same before and after calling `init_weights` of SparseDetector  
 
2026-06-16 15:08:03,480 - mmcv - INFO - 
head.onedecoder_head.map_refine.2.layers.2.bias - torch.Size([256]): 
The value is the same before and after calling `init_weights` of SparseDetector  
 
2026-06-16 15:08:03,480 - mmcv - INFO - 
head.onedecoder_head.map_refine.2.layers.4.weight - torch.Size([256]): 
The value is the same before and after calling `init_weights` of SparseDetector  
 
2026-06-16 15:08:03,480 - mmcv - INFO - 
head.onedecoder_head.map_refine.2.layers.4.bias - torch.Size([256]): 
The value is the same before and after calling `init_weights` of SparseDetector  
 
2026-06-16 15:08:03,480 - mmcv - INFO - 
head.onedecoder_head.map_refine.2.layers.5.weight - torch.Size([256, 256]): 
The value is the same before and after calling `init_weights` of SparseDetector  
 
2026-06-16 15:08:03,481 - mmcv - INFO - 
head.onedecoder_head.map_refine.2.layers.5.bias - torch.Size([256]): 
The value is the same before and after calling `init_weights` of SparseDetector  
 
2026-06-16 15:08:03,481 - mmcv - INFO - 
head.onedecoder_head.map_refine.2.layers.7.weight - torch.Size([256, 256]): 
The value is the same before and after calling `init_weights` of SparseDetector  
 
2026-06-16 15:08:03,481 - mmcv - INFO - 
head.onedecoder_head.map_refine.2.layers.7.bias - torch.Size([256]): 
The value is the same before and after calling `init_weights` of SparseDetector  
 
2026-06-16 15:08:03,481 - mmcv - INFO - 
head.onedecoder_head.map_refine.2.layers.9.weight - torch.Size([256]): 
The value is the same before and after calling `init_weights` of SparseDetector  
 
2026-06-16 15:08:03,481 - mmcv - INFO - 
head.onedecoder_head.map_refine.2.layers.9.bias - torch.Size([256]): 
The value is the same before and after calling `init_weights` of SparseDetector  
 
2026-06-16 15:08:03,481 - mmcv - INFO - 
head.onedecoder_head.map_refine.2.layers.10.weight - torch.Size([40, 256]): 
The value is the same before and after calling `init_weights` of SparseDetector  
 
2026-06-16 15:08:03,481 - mmcv - INFO - 
head.onedecoder_head.map_refine.2.layers.10.bias - torch.Size([40]): 
The value is the same before and after calling `init_weights` of SparseDetector  
 
2026-06-16 15:08:03,481 - mmcv - INFO - 
head.onedecoder_head.map_refine.2.layers.11.scale - torch.Size([40]): 
The value is the same before and after calling `init_weights` of SparseDetector  
 
2026-06-16 15:08:03,481 - mmcv - INFO - 
head.onedecoder_head.map_refine.2.cls_layers.0.weight - torch.Size([256, 256]): 
The value is the same before and after calling `init_weights` of SparseDetector  
 
2026-06-16 15:08:03,481 - mmcv - INFO - 
head.onedecoder_head.map_refine.2.cls_layers.0.bias - torch.Size([256]): 
The value is the same before and after calling `init_weights` of SparseDetector  
 
2026-06-16 15:08:03,481 - mmcv - INFO - 
head.onedecoder_head.map_refine.2.cls_layers.2.weight - torch.Size([256]): 
The value is the same before and after calling `init_weights` of SparseDetector  
 
2026-06-16 15:08:03,481 - mmcv - INFO - 
head.onedecoder_head.map_refine.2.cls_layers.2.bias - torch.Size([256]): 
The value is the same before and after calling `init_weights` of SparseDetector  
 
2026-06-16 15:08:03,481 - mmcv - INFO - 
head.onedecoder_head.map_refine.2.cls_layers.3.weight - torch.Size([256, 256]): 
The value is the same before and after calling `init_weights` of SparseDetector  
 
2026-06-16 15:08:03,481 - mmcv - INFO - 
head.onedecoder_head.map_refine.2.cls_layers.3.bias - torch.Size([256]): 
The value is the same before and after calling `init_weights` of SparseDetector  
 
2026-06-16 15:08:03,481 - mmcv - INFO - 
head.onedecoder_head.map_refine.2.cls_layers.5.weight - torch.Size([256]): 
The value is the same before and after calling `init_weights` of SparseDetector  
 
2026-06-16 15:08:03,481 - mmcv - INFO - 
head.onedecoder_head.map_refine.2.cls_layers.5.bias - torch.Size([256]): 
The value is the same before and after calling `init_weights` of SparseDetector  
 
2026-06-16 15:08:03,481 - mmcv - INFO - 
head.onedecoder_head.map_refine.2.cls_layers.6.weight - torch.Size([3, 256]): 
The value is the same before and after calling `init_weights` of SparseDetector  
 
2026-06-16 15:08:03,481 - mmcv - INFO - 
head.onedecoder_head.map_refine.2.cls_layers.6.bias - torch.Size([3]): 
Initialized by user-defined `init_weights` in SparseHead  
 
2026-06-16 15:08:03,481 - mmcv - INFO - 
head.onedecoder_head.map_refine.3.layers.0.weight - torch.Size([256, 256]): 
The value is the same before and after calling `init_weights` of SparseDetector  
 
2026-06-16 15:08:03,481 - mmcv - INFO - 
head.onedecoder_head.map_refine.3.layers.0.bias - torch.Size([256]): 
The value is the same before and after calling `init_weights` of SparseDetector  
 
2026-06-16 15:08:03,481 - mmcv - INFO - 
head.onedecoder_head.map_refine.3.layers.2.weight - torch.Size([256, 256]): 
The value is the same before and after calling `init_weights` of SparseDetector  
 
2026-06-16 15:08:03,481 - mmcv - INFO - 
head.onedecoder_head.map_refine.3.layers.2.bias - torch.Size([256]): 
The value is the same before and after calling `init_weights` of SparseDetector  
 
2026-06-16 15:08:03,481 - mmcv - INFO - 
head.onedecoder_head.map_refine.3.layers.4.weight - torch.Size([256]): 
The value is the same before and after calling `init_weights` of SparseDetector  
 
2026-06-16 15:08:03,481 - mmcv - INFO - 
head.onedecoder_head.map_refine.3.layers.4.bias - torch.Size([256]): 
The value is the same before and after calling `init_weights` of SparseDetector  
 
2026-06-16 15:08:03,481 - mmcv - INFO - 
head.onedecoder_head.map_refine.3.layers.5.weight - torch.Size([256, 256]): 
The value is the same before and after calling `init_weights` of SparseDetector  
 
2026-06-16 15:08:03,481 - mmcv - INFO - 
head.onedecoder_head.map_refine.3.layers.5.bias - torch.Size([256]): 
The value is the same before and after calling `init_weights` of SparseDetector  
 
2026-06-16 15:08:03,481 - mmcv - INFO - 
head.onedecoder_head.map_refine.3.layers.7.weight - torch.Size([256, 256]): 
The value is the same before and after calling `init_weights` of SparseDetector  
 
2026-06-16 15:08:03,481 - mmcv - INFO - 
head.onedecoder_head.map_refine.3.layers.7.bias - torch.Size([256]): 
The value is the same before and after calling `init_weights` of SparseDetector  
 
2026-06-16 15:08:03,481 - mmcv - INFO - 
head.onedecoder_head.map_refine.3.layers.9.weight - torch.Size([256]): 
The value is the same before and after calling `init_weights` of SparseDetector  
 
2026-06-16 15:08:03,481 - mmcv - INFO - 
head.onedecoder_head.map_refine.3.layers.9.bias - torch.Size([256]): 
The value is the same before and after calling `init_weights` of SparseDetector  
 
2026-06-16 15:08:03,481 - mmcv - INFO - 
head.onedecoder_head.map_refine.3.layers.10.weight - torch.Size([40, 256]): 
The value is the same before and after calling `init_weights` of SparseDetector  
 
2026-06-16 15:08:03,481 - mmcv - INFO - 
head.onedecoder_head.map_refine.3.layers.10.bias - torch.Size([40]): 
The value is the same before and after calling `init_weights` of SparseDetector  
 
2026-06-16 15:08:03,481 - mmcv - INFO - 
head.onedecoder_head.map_refine.3.layers.11.scale - torch.Size([40]): 
The value is the same before and after calling `init_weights` of SparseDetector  
 
2026-06-16 15:08:03,481 - mmcv - INFO - 
head.onedecoder_head.map_refine.3.cls_layers.0.weight - torch.Size([256, 256]): 
The value is the same before and after calling `init_weights` of SparseDetector  
 
2026-06-16 15:08:03,481 - mmcv - INFO - 
head.onedecoder_head.map_refine.3.cls_layers.0.bias - torch.Size([256]): 
The value is the same before and after calling `init_weights` of SparseDetector  
 
2026-06-16 15:08:03,481 - mmcv - INFO - 
head.onedecoder_head.map_refine.3.cls_layers.2.weight - torch.Size([256]): 
The value is the same before and after calling `init_weights` of SparseDetector  
 
2026-06-16 15:08:03,481 - mmcv - INFO - 
head.onedecoder_head.map_refine.3.cls_layers.2.bias - torch.Size([256]): 
The value is the same before and after calling `init_weights` of SparseDetector  
 
2026-06-16 15:08:03,481 - mmcv - INFO - 
head.onedecoder_head.map_refine.3.cls_layers.3.weight - torch.Size([256, 256]): 
The value is the same before and after calling `init_weights` of SparseDetector  
 
2026-06-16 15:08:03,481 - mmcv - INFO - 
head.onedecoder_head.map_refine.3.cls_layers.3.bias - torch.Size([256]): 
The value is the same before and after calling `init_weights` of SparseDetector  
 
2026-06-16 15:08:03,482 - mmcv - INFO - 
head.onedecoder_head.map_refine.3.cls_layers.5.weight - torch.Size([256]): 
The value is the same before and after calling `init_weights` of SparseDetector  
 
2026-06-16 15:08:03,482 - mmcv - INFO - 
head.onedecoder_head.map_refine.3.cls_layers.5.bias - torch.Size([256]): 
The value is the same before and after calling `init_weights` of SparseDetector  
 
2026-06-16 15:08:03,482 - mmcv - INFO - 
head.onedecoder_head.map_refine.3.cls_layers.6.weight - torch.Size([3, 256]): 
The value is the same before and after calling `init_weights` of SparseDetector  
 
2026-06-16 15:08:03,482 - mmcv - INFO - 
head.onedecoder_head.map_refine.3.cls_layers.6.bias - torch.Size([3]): 
Initialized by user-defined `init_weights` in SparseHead  
 
2026-06-16 15:08:03,482 - mmcv - INFO - 
head.onedecoder_head.map_refine.4.layers.0.weight - torch.Size([256, 256]): 
The value is the same before and after calling `init_weights` of SparseDetector  
 
2026-06-16 15:08:03,482 - mmcv - INFO - 
head.onedecoder_head.map_refine.4.layers.0.bias - torch.Size([256]): 
The value is the same before and after calling `init_weights` of SparseDetector  
 
2026-06-16 15:08:03,482 - mmcv - INFO - 
head.onedecoder_head.map_refine.4.layers.2.weight - torch.Size([256, 256]): 
The value is the same before and after calling `init_weights` of SparseDetector  
 
2026-06-16 15:08:03,482 - mmcv - INFO - 
head.onedecoder_head.map_refine.4.layers.2.bias - torch.Size([256]): 
The value is the same before and after calling `init_weights` of SparseDetector  
 
2026-06-16 15:08:03,482 - mmcv - INFO - 
head.onedecoder_head.map_refine.4.layers.4.weight - torch.Size([256]): 
The value is the same before and after calling `init_weights` of SparseDetector  
 
2026-06-16 15:08:03,482 - mmcv - INFO - 
head.onedecoder_head.map_refine.4.layers.4.bias - torch.Size([256]): 
The value is the same before and after calling `init_weights` of SparseDetector  
 
2026-06-16 15:08:03,482 - mmcv - INFO - 
head.onedecoder_head.map_refine.4.layers.5.weight - torch.Size([256, 256]): 
The value is the same before and after calling `init_weights` of SparseDetector  
 
2026-06-16 15:08:03,482 - mmcv - INFO - 
head.onedecoder_head.map_refine.4.layers.5.bias - torch.Size([256]): 
The value is the same before and after calling `init_weights` of SparseDetector  
 
2026-06-16 15:08:03,482 - mmcv - INFO - 
head.onedecoder_head.map_refine.4.layers.7.weight - torch.Size([256, 256]): 
The value is the same before and after calling `init_weights` of SparseDetector  
 
2026-06-16 15:08:03,482 - mmcv - INFO - 
head.onedecoder_head.map_refine.4.layers.7.bias - torch.Size([256]): 
The value is the same before and after calling `init_weights` of SparseDetector  
 
2026-06-16 15:08:03,482 - mmcv - INFO - 
head.onedecoder_head.map_refine.4.layers.9.weight - torch.Size([256]): 
The value is the same before and after calling `init_weights` of SparseDetector  
 
2026-06-16 15:08:03,482 - mmcv - INFO - 
head.onedecoder_head.map_refine.4.layers.9.bias - torch.Size([256]): 
The value is the same before and after calling `init_weights` of SparseDetector  
 
2026-06-16 15:08:03,482 - mmcv - INFO - 
head.onedecoder_head.map_refine.4.layers.10.weight - torch.Size([40, 256]): 
The value is the same before and after calling `init_weights` of SparseDetector  
 
2026-06-16 15:08:03,482 - mmcv - INFO - 
head.onedecoder_head.map_refine.4.layers.10.bias - torch.Size([40]): 
The value is the same before and after calling `init_weights` of SparseDetector  
 
2026-06-16 15:08:03,482 - mmcv - INFO - 
head.onedecoder_head.map_refine.4.layers.11.scale - torch.Size([40]): 
The value is the same before and after calling `init_weights` of SparseDetector  
 
2026-06-16 15:08:03,482 - mmcv - INFO - 
head.onedecoder_head.map_refine.4.cls_layers.0.weight - torch.Size([256, 256]): 
The value is the same before and after calling `init_weights` of SparseDetector  
 
2026-06-16 15:08:03,482 - mmcv - INFO - 
head.onedecoder_head.map_refine.4.cls_layers.0.bias - torch.Size([256]): 
The value is the same before and after calling `init_weights` of SparseDetector  
 
2026-06-16 15:08:03,482 - mmcv - INFO - 
head.onedecoder_head.map_refine.4.cls_layers.2.weight - torch.Size([256]): 
The value is the same before and after calling `init_weights` of SparseDetector  
 
2026-06-16 15:08:03,482 - mmcv - INFO - 
head.onedecoder_head.map_refine.4.cls_layers.2.bias - torch.Size([256]): 
The value is the same before and after calling `init_weights` of SparseDetector  
 
2026-06-16 15:08:03,482 - mmcv - INFO - 
head.onedecoder_head.map_refine.4.cls_layers.3.weight - torch.Size([256, 256]): 
The value is the same before and after calling `init_weights` of SparseDetector  
 
2026-06-16 15:08:03,482 - mmcv - INFO - 
head.onedecoder_head.map_refine.4.cls_layers.3.bias - torch.Size([256]): 
The value is the same before and after calling `init_weights` of SparseDetector  
 
2026-06-16 15:08:03,482 - mmcv - INFO - 
head.onedecoder_head.map_refine.4.cls_layers.5.weight - torch.Size([256]): 
The value is the same before and after calling `init_weights` of SparseDetector  
 
2026-06-16 15:08:03,482 - mmcv - INFO - 
head.onedecoder_head.map_refine.4.cls_layers.5.bias - torch.Size([256]): 
The value is the same before and after calling `init_weights` of SparseDetector  
 
2026-06-16 15:08:03,482 - mmcv - INFO - 
head.onedecoder_head.map_refine.4.cls_layers.6.weight - torch.Size([3, 256]): 
The value is the same before and after calling `init_weights` of SparseDetector  
 
2026-06-16 15:08:03,482 - mmcv - INFO - 
head.onedecoder_head.map_refine.4.cls_layers.6.bias - torch.Size([3]): 
Initialized by user-defined `init_weights` in SparseHead  
 
2026-06-16 15:08:03,482 - mmcv - INFO - 
head.onedecoder_head.map_refine.5.layers.0.weight - torch.Size([256, 256]): 
The value is the same before and after calling `init_weights` of SparseDetector  
 
2026-06-16 15:08:03,482 - mmcv - INFO - 
head.onedecoder_head.map_refine.5.layers.0.bias - torch.Size([256]): 
The value is the same before and after calling `init_weights` of SparseDetector  
 
2026-06-16 15:08:03,482 - mmcv - INFO - 
head.onedecoder_head.map_refine.5.layers.2.weight - torch.Size([256, 256]): 
The value is the same before and after calling `init_weights` of SparseDetector  
 
2026-06-16 15:08:03,482 - mmcv - INFO - 
head.onedecoder_head.map_refine.5.layers.2.bias - torch.Size([256]): 
The value is the same before and after calling `init_weights` of SparseDetector  
 
2026-06-16 15:08:03,482 - mmcv - INFO - 
head.onedecoder_head.map_refine.5.layers.4.weight - torch.Size([256]): 
The value is the same before and after calling `init_weights` of SparseDetector  
 
2026-06-16 15:08:03,482 - mmcv - INFO - 
head.onedecoder_head.map_refine.5.layers.4.bias - torch.Size([256]): 
The value is the same before and after calling `init_weights` of SparseDetector  
 
2026-06-16 15:08:03,482 - mmcv - INFO - 
head.onedecoder_head.map_refine.5.layers.5.weight - torch.Size([256, 256]): 
The value is the same before and after calling `init_weights` of SparseDetector  
 
2026-06-16 15:08:03,482 - mmcv - INFO - 
head.onedecoder_head.map_refine.5.layers.5.bias - torch.Size([256]): 
The value is the same before and after calling `init_weights` of SparseDetector  
 
2026-06-16 15:08:03,482 - mmcv - INFO - 
head.onedecoder_head.map_refine.5.layers.7.weight - torch.Size([256, 256]): 
The value is the same before and after calling `init_weights` of SparseDetector  
 
2026-06-16 15:08:03,482 - mmcv - INFO - 
head.onedecoder_head.map_refine.5.layers.7.bias - torch.Size([256]): 
The value is the same before and after calling `init_weights` of SparseDetector  
 
2026-06-16 15:08:03,482 - mmcv - INFO - 
head.onedecoder_head.map_refine.5.layers.9.weight - torch.Size([256]): 
The value is the same before and after calling `init_weights` of SparseDetector  
 
2026-06-16 15:08:03,483 - mmcv - INFO - 
head.onedecoder_head.map_refine.5.layers.9.bias - torch.Size([256]): 
The value is the same before and after calling `init_weights` of SparseDetector  
 
2026-06-16 15:08:03,483 - mmcv - INFO - 
head.onedecoder_head.map_refine.5.layers.10.weight - torch.Size([40, 256]): 
The value is the same before and after calling `init_weights` of SparseDetector  
 
2026-06-16 15:08:03,483 - mmcv - INFO - 
head.onedecoder_head.map_refine.5.layers.10.bias - torch.Size([40]): 
The value is the same before and after calling `init_weights` of SparseDetector  
 
2026-06-16 15:08:03,483 - mmcv - INFO - 
head.onedecoder_head.map_refine.5.layers.11.scale - torch.Size([40]): 
The value is the same before and after calling `init_weights` of SparseDetector  
 
2026-06-16 15:08:03,483 - mmcv - INFO - 
head.onedecoder_head.map_refine.5.cls_layers.0.weight - torch.Size([256, 256]): 
The value is the same before and after calling `init_weights` of SparseDetector  
 
2026-06-16 15:08:03,483 - mmcv - INFO - 
head.onedecoder_head.map_refine.5.cls_layers.0.bias - torch.Size([256]): 
The value is the same before and after calling `init_weights` of SparseDetector  
 
2026-06-16 15:08:03,483 - mmcv - INFO - 
head.onedecoder_head.map_refine.5.cls_layers.2.weight - torch.Size([256]): 
The value is the same before and after calling `init_weights` of SparseDetector  
 
2026-06-16 15:08:03,483 - mmcv - INFO - 
head.onedecoder_head.map_refine.5.cls_layers.2.bias - torch.Size([256]): 
The value is the same before and after calling `init_weights` of SparseDetector  
 
2026-06-16 15:08:03,483 - mmcv - INFO - 
head.onedecoder_head.map_refine.5.cls_layers.3.weight - torch.Size([256, 256]): 
The value is the same before and after calling `init_weights` of SparseDetector  
 
2026-06-16 15:08:03,483 - mmcv - INFO - 
head.onedecoder_head.map_refine.5.cls_layers.3.bias - torch.Size([256]): 
The value is the same before and after calling `init_weights` of SparseDetector  
 
2026-06-16 15:08:03,483 - mmcv - INFO - 
head.onedecoder_head.map_refine.5.cls_layers.5.weight - torch.Size([256]): 
The value is the same before and after calling `init_weights` of SparseDetector  
 
2026-06-16 15:08:03,483 - mmcv - INFO - 
head.onedecoder_head.map_refine.5.cls_layers.5.bias - torch.Size([256]): 
The value is the same before and after calling `init_weights` of SparseDetector  
 
2026-06-16 15:08:03,483 - mmcv - INFO - 
head.onedecoder_head.map_refine.5.cls_layers.6.weight - torch.Size([3, 256]): 
The value is the same before and after calling `init_weights` of SparseDetector  
 
2026-06-16 15:08:03,483 - mmcv - INFO - 
head.onedecoder_head.map_refine.5.cls_layers.6.bias - torch.Size([3]): 
Initialized by user-defined `init_weights` in SparseHead  
 
2026-06-16 15:08:03,483 - mmcv - INFO - 
head.onedecoder_head.map_feature_anchor_proj.0.weight - torch.Size([256, 2]): 
The value is the same before and after calling `init_weights` of SparseDetector  
 
2026-06-16 15:08:03,483 - mmcv - INFO - 
head.onedecoder_head.map_feature_anchor_proj.0.bias - torch.Size([256]): 
The value is the same before and after calling `init_weights` of SparseDetector  
 
2026-06-16 15:08:03,483 - mmcv - INFO - 
head.onedecoder_head.map_feature_anchor_proj.2.weight - torch.Size([256, 256]): 
The value is the same before and after calling `init_weights` of SparseDetector  
 
2026-06-16 15:08:03,483 - mmcv - INFO - 
head.onedecoder_head.map_feature_anchor_proj.2.bias - torch.Size([256]): 
The value is the same before and after calling `init_weights` of SparseDetector  
 
2026-06-16 15:08:03,483 - mmcv - INFO - 
head.onedecoder_head.map_feature_point_token_proj.0.weight - torch.Size([256, 256]): 
The value is the same before and after calling `init_weights` of SparseDetector  
 
2026-06-16 15:08:03,483 - mmcv - INFO - 
head.onedecoder_head.map_feature_point_token_proj.0.bias - torch.Size([256]): 
The value is the same before and after calling `init_weights` of SparseDetector  
 
2026-06-16 15:08:03,483 - mmcv - INFO - 
head.onedecoder_head.map_feature_point_token_proj.2.weight - torch.Size([256, 256]): 
The value is the same before and after calling `init_weights` of SparseDetector  
 
2026-06-16 15:08:03,483 - mmcv - INFO - 
head.onedecoder_head.map_feature_point_token_proj.2.bias - torch.Size([256]): 
The value is the same before and after calling `init_weights` of SparseDetector  
 
2026-06-16 15:08:03,483 - mmcv - INFO - 
head.onedecoder_head.map_feature_point_aux_head.0.weight - torch.Size([256, 256]): 
The value is the same before and after calling `init_weights` of SparseDetector  
 
2026-06-16 15:08:03,483 - mmcv - INFO - 
head.onedecoder_head.map_feature_point_aux_head.0.bias - torch.Size([256]): 
The value is the same before and after calling `init_weights` of SparseDetector  
 
2026-06-16 15:08:03,483 - mmcv - INFO - 
head.onedecoder_head.map_feature_point_aux_head.2.weight - torch.Size([2, 256]): 
The value is the same before and after calling `init_weights` of SparseDetector  
 
2026-06-16 15:08:03,483 - mmcv - INFO - 
head.onedecoder_head.map_feature_point_aux_head.2.bias - torch.Size([2]): 
The value is the same before and after calling `init_weights` of SparseDetector  
 
2026-06-16 15:08:03,483 - mmcv - INFO - 
head.onedecoder_head.map_feature_student_proj.0.weight - torch.Size([256, 256]): 
The value is the same before and after calling `init_weights` of SparseDetector  
 
2026-06-16 15:08:03,483 - mmcv - INFO - 
head.onedecoder_head.map_feature_student_proj.0.bias - torch.Size([256]): 
The value is the same before and after calling `init_weights` of SparseDetector  
 
2026-06-16 15:08:03,483 - mmcv - INFO - 
head.onedecoder_head.ego_instance_bank.anchor - torch.Size([1, 11]): 
The value is the same before and after calling `init_weights` of SparseDetector  
 
2026-06-16 15:08:03,483 - mmcv - INFO - 
head.onedecoder_head.ego_instance_bank.plan_anchor - torch.Size([3, 6, 6, 2]): 
The value is the same before and after calling `init_weights` of SparseDetector  
 
2026-06-16 15:08:03,483 - mmcv - INFO - 
head.onedecoder_head.ego_instance_bank.ego_feature_encoder.0.weight - torch.Size([256, 256, 3, 3]): 
The value is the same before and after calling `init_weights` of SparseDetector  
 
2026-06-16 15:08:03,483 - mmcv - INFO - 
head.onedecoder_head.ego_instance_bank.ego_feature_encoder.1.weight - torch.Size([256]): 
The value is the same before and after calling `init_weights` of SparseDetector  
 
2026-06-16 15:08:03,483 - mmcv - INFO - 
head.onedecoder_head.ego_instance_bank.ego_feature_encoder.1.bias - torch.Size([256]): 
The value is the same before and after calling `init_weights` of SparseDetector  
 
2026-06-16 15:08:03,483 - mmcv - INFO - 
head.onedecoder_head.ego_instance_bank.ego_feature_encoder.2.weight - torch.Size([256, 256, 3, 3]): 
The value is the same before and after calling `init_weights` of SparseDetector  
 
2026-06-16 15:08:03,483 - mmcv - INFO - 
head.onedecoder_head.ego_instance_bank.ego_feature_encoder.3.weight - torch.Size([256]): 
The value is the same before and after calling `init_weights` of SparseDetector  
 
2026-06-16 15:08:03,483 - mmcv - INFO - 
head.onedecoder_head.ego_instance_bank.ego_feature_encoder.3.bias - torch.Size([256]): 
The value is the same before and after calling `init_weights` of SparseDetector  
 
2026-06-16 15:08:03,483 - mmcv - INFO - 
head.onedecoder_head.ego_instance_bank.plan_anchor_encoder.0.weight - torch.Size([256, 256]): 
The value is the same before and after calling `init_weights` of SparseDetector  
 
2026-06-16 15:08:03,483 - mmcv - INFO - 
head.onedecoder_head.ego_instance_bank.plan_anchor_encoder.0.bias - torch.Size([256]): 
The value is the same before and after calling `init_weights` of SparseDetector  
 
2026-06-16 15:08:03,484 - mmcv - INFO - 
head.onedecoder_head.ego_instance_bank.plan_anchor_encoder.2.weight - torch.Size([256]): 
The value is the same before and after calling `init_weights` of SparseDetector  
 
2026-06-16 15:08:03,484 - mmcv - INFO - 
head.onedecoder_head.ego_instance_bank.plan_anchor_encoder.2.bias - torch.Size([256]): 
The value is the same before and after calling `init_weights` of SparseDetector  
 
2026-06-16 15:08:03,484 - mmcv - INFO - 
head.onedecoder_head.ego_instance_bank.plan_anchor_encoder.3.weight - torch.Size([256, 256]): 
The value is the same before and after calling `init_weights` of SparseDetector  
 
2026-06-16 15:08:03,484 - mmcv - INFO - 
head.onedecoder_head.ego_instance_bank.plan_anchor_encoder.3.bias - torch.Size([256]): 
The value is the same before and after calling `init_weights` of SparseDetector  
 
2026-06-16 15:08:03,484 - mmcv - INFO - 
head.onedecoder_head.ego_deformable.0.kps_generator.fix_scale - torch.Size([1, 3]): 
The value is the same before and after calling `init_weights` of SparseDetector  
 
2026-06-16 15:08:03,484 - mmcv - INFO - 
head.onedecoder_head.ego_deformable.0.kps_generator.learnable_fc.weight - torch.Size([36, 256]): 
Initialized by user-defined `init_weights` in SparseHead  
 
2026-06-16 15:08:03,484 - mmcv - INFO - 
head.onedecoder_head.ego_deformable.0.kps_generator.learnable_fc.bias - torch.Size([36]): 
Initialized by user-defined `init_weights` in SparseHead  
 
2026-06-16 15:08:03,484 - mmcv - INFO - 
head.onedecoder_head.ego_deformable.0.output_proj.weight - torch.Size([256, 256]): 
Initialized by user-defined `init_weights` in SparseHead  
 
2026-06-16 15:08:03,484 - mmcv - INFO - 
head.onedecoder_head.ego_deformable.0.output_proj.bias - torch.Size([256]): 
Initialized by user-defined `init_weights` in SparseHead  
 
2026-06-16 15:08:03,484 - mmcv - INFO - 
head.onedecoder_head.ego_deformable.0.camera_encoder.0.weight - torch.Size([256, 12]): 
The value is the same before and after calling `init_weights` of SparseDetector  
 
2026-06-16 15:08:03,484 - mmcv - INFO - 
head.onedecoder_head.ego_deformable.0.camera_encoder.0.bias - torch.Size([256]): 
The value is the same before and after calling `init_weights` of SparseDetector  
 
2026-06-16 15:08:03,484 - mmcv - INFO - 
head.onedecoder_head.ego_deformable.0.camera_encoder.2.weight - torch.Size([256]): 
The value is the same before and after calling `init_weights` of SparseDetector  
 
2026-06-16 15:08:03,484 - mmcv - INFO - 
head.onedecoder_head.ego_deformable.0.camera_encoder.2.bias - torch.Size([256]): 
The value is the same before and after calling `init_weights` of SparseDetector  
 
2026-06-16 15:08:03,484 - mmcv - INFO - 
head.onedecoder_head.ego_deformable.0.camera_encoder.3.weight - torch.Size([256, 256]): 
The value is the same before and after calling `init_weights` of SparseDetector  
 
2026-06-16 15:08:03,484 - mmcv - INFO - 
head.onedecoder_head.ego_deformable.0.camera_encoder.3.bias - torch.Size([256]): 
The value is the same before and after calling `init_weights` of SparseDetector  
 
2026-06-16 15:08:03,484 - mmcv - INFO - 
head.onedecoder_head.ego_deformable.0.camera_encoder.5.weight - torch.Size([256]): 
The value is the same before and after calling `init_weights` of SparseDetector  
 
2026-06-16 15:08:03,484 - mmcv - INFO - 
head.onedecoder_head.ego_deformable.0.camera_encoder.5.bias - torch.Size([256]): 
The value is the same before and after calling `init_weights` of SparseDetector  
 
2026-06-16 15:08:03,484 - mmcv - INFO - 
head.onedecoder_head.ego_deformable.0.weights_fc.weight - torch.Size([416, 256]): 
Initialized by user-defined `init_weights` in SparseHead  
 
2026-06-16 15:08:03,484 - mmcv - INFO - 
head.onedecoder_head.ego_deformable.0.weights_fc.bias - torch.Size([416]): 
Initialized by user-defined `init_weights` in SparseHead  
 
2026-06-16 15:08:03,484 - mmcv - INFO - 
head.onedecoder_head.ego_deformable.1.kps_generator.fix_scale - torch.Size([1, 3]): 
The value is the same before and after calling `init_weights` of SparseDetector  
 
2026-06-16 15:08:03,484 - mmcv - INFO - 
head.onedecoder_head.ego_deformable.1.kps_generator.learnable_fc.weight - torch.Size([36, 256]): 
Initialized by user-defined `init_weights` in SparseHead  
 
2026-06-16 15:08:03,484 - mmcv - INFO - 
head.onedecoder_head.ego_deformable.1.kps_generator.learnable_fc.bias - torch.Size([36]): 
Initialized by user-defined `init_weights` in SparseHead  
 
2026-06-16 15:08:03,484 - mmcv - INFO - 
head.onedecoder_head.ego_deformable.1.output_proj.weight - torch.Size([256, 256]): 
Initialized by user-defined `init_weights` in SparseHead  
 
2026-06-16 15:08:03,484 - mmcv - INFO - 
head.onedecoder_head.ego_deformable.1.output_proj.bias - torch.Size([256]): 
Initialized by user-defined `init_weights` in SparseHead  
 
2026-06-16 15:08:03,484 - mmcv - INFO - 
head.onedecoder_head.ego_deformable.1.camera_encoder.0.weight - torch.Size([256, 12]): 
The value is the same before and after calling `init_weights` of SparseDetector  
 
2026-06-16 15:08:03,484 - mmcv - INFO - 
head.onedecoder_head.ego_deformable.1.camera_encoder.0.bias - torch.Size([256]): 
The value is the same before and after calling `init_weights` of SparseDetector  
 
2026-06-16 15:08:03,484 - mmcv - INFO - 
head.onedecoder_head.ego_deformable.1.camera_encoder.2.weight - torch.Size([256]): 
The value is the same before and after calling `init_weights` of SparseDetector  
 
2026-06-16 15:08:03,484 - mmcv - INFO - 
head.onedecoder_head.ego_deformable.1.camera_encoder.2.bias - torch.Size([256]): 
The value is the same before and after calling `init_weights` of SparseDetector  
 
2026-06-16 15:08:03,484 - mmcv - INFO - 
head.onedecoder_head.ego_deformable.1.camera_encoder.3.weight - torch.Size([256, 256]): 
The value is the same before and after calling `init_weights` of SparseDetector  
 
2026-06-16 15:08:03,484 - mmcv - INFO - 
head.onedecoder_head.ego_deformable.1.camera_encoder.3.bias - torch.Size([256]): 
The value is the same before and after calling `init_weights` of SparseDetector  
 
2026-06-16 15:08:03,484 - mmcv - INFO - 
head.onedecoder_head.ego_deformable.1.camera_encoder.5.weight - torch.Size([256]): 
The value is the same before and after calling `init_weights` of SparseDetector  
 
2026-06-16 15:08:03,484 - mmcv - INFO - 
head.onedecoder_head.ego_deformable.1.camera_encoder.5.bias - torch.Size([256]): 
The value is the same before and after calling `init_weights` of SparseDetector  
 
2026-06-16 15:08:03,484 - mmcv - INFO - 
head.onedecoder_head.ego_deformable.1.weights_fc.weight - torch.Size([416, 256]): 
Initialized by user-defined `init_weights` in SparseHead  
 
2026-06-16 15:08:03,484 - mmcv - INFO - 
head.onedecoder_head.ego_deformable.1.weights_fc.bias - torch.Size([416]): 
Initialized by user-defined `init_weights` in SparseHead  
 
2026-06-16 15:08:03,484 - mmcv - INFO - 
head.onedecoder_head.ego_deformable.2.kps_generator.fix_scale - torch.Size([1, 3]): 
The value is the same before and after calling `init_weights` of SparseDetector  
 
2026-06-16 15:08:03,484 - mmcv - INFO - 
head.onedecoder_head.ego_deformable.2.kps_generator.learnable_fc.weight - torch.Size([36, 256]): 
Initialized by user-defined `init_weights` in SparseHead  
 
2026-06-16 15:08:03,484 - mmcv - INFO - 
head.onedecoder_head.ego_deformable.2.kps_generator.learnable_fc.bias - torch.Size([36]): 
Initialized by user-defined `init_weights` in SparseHead  
 
2026-06-16 15:08:03,484 - mmcv - INFO - 
head.onedecoder_head.ego_deformable.2.output_proj.weight - torch.Size([256, 256]): 
Initialized by user-defined `init_weights` in SparseHead  
 
2026-06-16 15:08:03,485 - mmcv - INFO - 
head.onedecoder_head.ego_deformable.2.output_proj.bias - torch.Size([256]): 
Initialized by user-defined `init_weights` in SparseHead  
 
2026-06-16 15:08:03,485 - mmcv - INFO - 
head.onedecoder_head.ego_deformable.2.camera_encoder.0.weight - torch.Size([256, 12]): 
The value is the same before and after calling `init_weights` of SparseDetector  
 
2026-06-16 15:08:03,485 - mmcv - INFO - 
head.onedecoder_head.ego_deformable.2.camera_encoder.0.bias - torch.Size([256]): 
The value is the same before and after calling `init_weights` of SparseDetector  
 
2026-06-16 15:08:03,485 - mmcv - INFO - 
head.onedecoder_head.ego_deformable.2.camera_encoder.2.weight - torch.Size([256]): 
The value is the same before and after calling `init_weights` of SparseDetector  
 
2026-06-16 15:08:03,485 - mmcv - INFO - 
head.onedecoder_head.ego_deformable.2.camera_encoder.2.bias - torch.Size([256]): 
The value is the same before and after calling `init_weights` of SparseDetector  
 
2026-06-16 15:08:03,485 - mmcv - INFO - 
head.onedecoder_head.ego_deformable.2.camera_encoder.3.weight - torch.Size([256, 256]): 
The value is the same before and after calling `init_weights` of SparseDetector  
 
2026-06-16 15:08:03,485 - mmcv - INFO - 
head.onedecoder_head.ego_deformable.2.camera_encoder.3.bias - torch.Size([256]): 
The value is the same before and after calling `init_weights` of SparseDetector  
 
2026-06-16 15:08:03,485 - mmcv - INFO - 
head.onedecoder_head.ego_deformable.2.camera_encoder.5.weight - torch.Size([256]): 
The value is the same before and after calling `init_weights` of SparseDetector  
 
2026-06-16 15:08:03,485 - mmcv - INFO - 
head.onedecoder_head.ego_deformable.2.camera_encoder.5.bias - torch.Size([256]): 
The value is the same before and after calling `init_weights` of SparseDetector  
 
2026-06-16 15:08:03,485 - mmcv - INFO - 
head.onedecoder_head.ego_deformable.2.weights_fc.weight - torch.Size([416, 256]): 
Initialized by user-defined `init_weights` in SparseHead  
 
2026-06-16 15:08:03,485 - mmcv - INFO - 
head.onedecoder_head.ego_deformable.2.weights_fc.bias - torch.Size([416]): 
Initialized by user-defined `init_weights` in SparseHead  
 
2026-06-16 15:08:03,485 - mmcv - INFO - 
head.onedecoder_head.ego_deformable.3.kps_generator.fix_scale - torch.Size([1, 3]): 
The value is the same before and after calling `init_weights` of SparseDetector  
 
2026-06-16 15:08:03,485 - mmcv - INFO - 
head.onedecoder_head.ego_deformable.3.kps_generator.learnable_fc.weight - torch.Size([36, 256]): 
Initialized by user-defined `init_weights` in SparseHead  
 
2026-06-16 15:08:03,485 - mmcv - INFO - 
head.onedecoder_head.ego_deformable.3.kps_generator.learnable_fc.bias - torch.Size([36]): 
Initialized by user-defined `init_weights` in SparseHead  
 
2026-06-16 15:08:03,485 - mmcv - INFO - 
head.onedecoder_head.ego_deformable.3.output_proj.weight - torch.Size([256, 256]): 
Initialized by user-defined `init_weights` in SparseHead  
 
2026-06-16 15:08:03,485 - mmcv - INFO - 
head.onedecoder_head.ego_deformable.3.output_proj.bias - torch.Size([256]): 
Initialized by user-defined `init_weights` in SparseHead  
 
2026-06-16 15:08:03,485 - mmcv - INFO - 
head.onedecoder_head.ego_deformable.3.camera_encoder.0.weight - torch.Size([256, 12]): 
The value is the same before and after calling `init_weights` of SparseDetector  
 
2026-06-16 15:08:03,485 - mmcv - INFO - 
head.onedecoder_head.ego_deformable.3.camera_encoder.0.bias - torch.Size([256]): 
The value is the same before and after calling `init_weights` of SparseDetector  
 
2026-06-16 15:08:03,485 - mmcv - INFO - 
head.onedecoder_head.ego_deformable.3.camera_encoder.2.weight - torch.Size([256]): 
The value is the same before and after calling `init_weights` of SparseDetector  
 
2026-06-16 15:08:03,485 - mmcv - INFO - 
head.onedecoder_head.ego_deformable.3.camera_encoder.2.bias - torch.Size([256]): 
The value is the same before and after calling `init_weights` of SparseDetector  
 
2026-06-16 15:08:03,485 - mmcv - INFO - 
head.onedecoder_head.ego_deformable.3.camera_encoder.3.weight - torch.Size([256, 256]): 
The value is the same before and after calling `init_weights` of SparseDetector  
 
2026-06-16 15:08:03,485 - mmcv - INFO - 
head.onedecoder_head.ego_deformable.3.camera_encoder.3.bias - torch.Size([256]): 
The value is the same before and after calling `init_weights` of SparseDetector  
 
2026-06-16 15:08:03,485 - mmcv - INFO - 
head.onedecoder_head.ego_deformable.3.camera_encoder.5.weight - torch.Size([256]): 
The value is the same before and after calling `init_weights` of SparseDetector  
 
2026-06-16 15:08:03,485 - mmcv - INFO - 
head.onedecoder_head.ego_deformable.3.camera_encoder.5.bias - torch.Size([256]): 
The value is the same before and after calling `init_weights` of SparseDetector  
 
2026-06-16 15:08:03,485 - mmcv - INFO - 
head.onedecoder_head.ego_deformable.3.weights_fc.weight - torch.Size([416, 256]): 
Initialized by user-defined `init_weights` in SparseHead  
 
2026-06-16 15:08:03,485 - mmcv - INFO - 
head.onedecoder_head.ego_deformable.3.weights_fc.bias - torch.Size([416]): 
Initialized by user-defined `init_weights` in SparseHead  
 
2026-06-16 15:08:03,485 - mmcv - INFO - 
head.onedecoder_head.ego_deformable.4.kps_generator.fix_scale - torch.Size([1, 3]): 
The value is the same before and after calling `init_weights` of SparseDetector  
 
2026-06-16 15:08:03,485 - mmcv - INFO - 
head.onedecoder_head.ego_deformable.4.kps_generator.learnable_fc.weight - torch.Size([36, 256]): 
Initialized by user-defined `init_weights` in SparseHead  
 
2026-06-16 15:08:03,485 - mmcv - INFO - 
head.onedecoder_head.ego_deformable.4.kps_generator.learnable_fc.bias - torch.Size([36]): 
Initialized by user-defined `init_weights` in SparseHead  
 
2026-06-16 15:08:03,485 - mmcv - INFO - 
head.onedecoder_head.ego_deformable.4.output_proj.weight - torch.Size([256, 256]): 
Initialized by user-defined `init_weights` in SparseHead  
 
2026-06-16 15:08:03,485 - mmcv - INFO - 
head.onedecoder_head.ego_deformable.4.output_proj.bias - torch.Size([256]): 
Initialized by user-defined `init_weights` in SparseHead  
 
2026-06-16 15:08:03,485 - mmcv - INFO - 
head.onedecoder_head.ego_deformable.4.camera_encoder.0.weight - torch.Size([256, 12]): 
The value is the same before and after calling `init_weights` of SparseDetector  
 
2026-06-16 15:08:03,485 - mmcv - INFO - 
head.onedecoder_head.ego_deformable.4.camera_encoder.0.bias - torch.Size([256]): 
The value is the same before and after calling `init_weights` of SparseDetector  
 
2026-06-16 15:08:03,485 - mmcv - INFO - 
head.onedecoder_head.ego_deformable.4.camera_encoder.2.weight - torch.Size([256]): 
The value is the same before and after calling `init_weights` of SparseDetector  
 
2026-06-16 15:08:03,485 - mmcv - INFO - 
head.onedecoder_head.ego_deformable.4.camera_encoder.2.bias - torch.Size([256]): 
The value is the same before and after calling `init_weights` of SparseDetector  
 
2026-06-16 15:08:03,485 - mmcv - INFO - 
head.onedecoder_head.ego_deformable.4.camera_encoder.3.weight - torch.Size([256, 256]): 
The value is the same before and after calling `init_weights` of SparseDetector  
 
2026-06-16 15:08:03,485 - mmcv - INFO - 
head.onedecoder_head.ego_deformable.4.camera_encoder.3.bias - torch.Size([256]): 
The value is the same before and after calling `init_weights` of SparseDetector  
 
2026-06-16 15:08:03,485 - mmcv - INFO - 
head.onedecoder_head.ego_deformable.4.camera_encoder.5.weight - torch.Size([256]): 
The value is the same before and after calling `init_weights` of SparseDetector  
 
2026-06-16 15:08:03,485 - mmcv - INFO - 
head.onedecoder_head.ego_deformable.4.camera_encoder.5.bias - torch.Size([256]): 
The value is the same before and after calling `init_weights` of SparseDetector  
 
2026-06-16 15:08:03,486 - mmcv - INFO - 
head.onedecoder_head.ego_deformable.4.weights_fc.weight - torch.Size([416, 256]): 
Initialized by user-defined `init_weights` in SparseHead  
 
2026-06-16 15:08:03,486 - mmcv - INFO - 
head.onedecoder_head.ego_deformable.4.weights_fc.bias - torch.Size([416]): 
Initialized by user-defined `init_weights` in SparseHead  
 
2026-06-16 15:08:03,486 - mmcv - INFO - 
head.onedecoder_head.ego_deformable.5.kps_generator.fix_scale - torch.Size([1, 3]): 
The value is the same before and after calling `init_weights` of SparseDetector  
 
2026-06-16 15:08:03,486 - mmcv - INFO - 
head.onedecoder_head.ego_deformable.5.kps_generator.learnable_fc.weight - torch.Size([36, 256]): 
Initialized by user-defined `init_weights` in SparseHead  
 
2026-06-16 15:08:03,486 - mmcv - INFO - 
head.onedecoder_head.ego_deformable.5.kps_generator.learnable_fc.bias - torch.Size([36]): 
Initialized by user-defined `init_weights` in SparseHead  
 
2026-06-16 15:08:03,486 - mmcv - INFO - 
head.onedecoder_head.ego_deformable.5.output_proj.weight - torch.Size([256, 256]): 
Initialized by user-defined `init_weights` in SparseHead  
 
2026-06-16 15:08:03,486 - mmcv - INFO - 
head.onedecoder_head.ego_deformable.5.output_proj.bias - torch.Size([256]): 
Initialized by user-defined `init_weights` in SparseHead  
 
2026-06-16 15:08:03,486 - mmcv - INFO - 
head.onedecoder_head.ego_deformable.5.camera_encoder.0.weight - torch.Size([256, 12]): 
The value is the same before and after calling `init_weights` of SparseDetector  
 
2026-06-16 15:08:03,486 - mmcv - INFO - 
head.onedecoder_head.ego_deformable.5.camera_encoder.0.bias - torch.Size([256]): 
The value is the same before and after calling `init_weights` of SparseDetector  
 
2026-06-16 15:08:03,486 - mmcv - INFO - 
head.onedecoder_head.ego_deformable.5.camera_encoder.2.weight - torch.Size([256]): 
The value is the same before and after calling `init_weights` of SparseDetector  
 
2026-06-16 15:08:03,486 - mmcv - INFO - 
head.onedecoder_head.ego_deformable.5.camera_encoder.2.bias - torch.Size([256]): 
The value is the same before and after calling `init_weights` of SparseDetector  
 
2026-06-16 15:08:03,486 - mmcv - INFO - 
head.onedecoder_head.ego_deformable.5.camera_encoder.3.weight - torch.Size([256, 256]): 
The value is the same before and after calling `init_weights` of SparseDetector  
 
2026-06-16 15:08:03,486 - mmcv - INFO - 
head.onedecoder_head.ego_deformable.5.camera_encoder.3.bias - torch.Size([256]): 
The value is the same before and after calling `init_weights` of SparseDetector  
 
2026-06-16 15:08:03,486 - mmcv - INFO - 
head.onedecoder_head.ego_deformable.5.camera_encoder.5.weight - torch.Size([256]): 
The value is the same before and after calling `init_weights` of SparseDetector  
 
2026-06-16 15:08:03,486 - mmcv - INFO - 
head.onedecoder_head.ego_deformable.5.camera_encoder.5.bias - torch.Size([256]): 
The value is the same before and after calling `init_weights` of SparseDetector  
 
2026-06-16 15:08:03,486 - mmcv - INFO - 
head.onedecoder_head.ego_deformable.5.weights_fc.weight - torch.Size([416, 256]): 
Initialized by user-defined `init_weights` in SparseHead  
 
2026-06-16 15:08:03,486 - mmcv - INFO - 
head.onedecoder_head.ego_deformable.5.weights_fc.bias - torch.Size([416]): 
Initialized by user-defined `init_weights` in SparseHead  
 
2026-06-16 15:08:03,486 - mmcv - INFO - 
head.onedecoder_head.ego_refine.0.plan_status_branch.0.weight - torch.Size([256, 256]): 
The value is the same before and after calling `init_weights` of SparseDetector  
 
2026-06-16 15:08:03,486 - mmcv - INFO - 
head.onedecoder_head.ego_refine.0.plan_status_branch.0.bias - torch.Size([256]): 
The value is the same before and after calling `init_weights` of SparseDetector  
 
2026-06-16 15:08:03,486 - mmcv - INFO - 
head.onedecoder_head.ego_refine.0.plan_status_branch.2.weight - torch.Size([256, 256]): 
The value is the same before and after calling `init_weights` of SparseDetector  
 
2026-06-16 15:08:03,486 - mmcv - INFO - 
head.onedecoder_head.ego_refine.0.plan_status_branch.2.bias - torch.Size([256]): 
The value is the same before and after calling `init_weights` of SparseDetector  
 
2026-06-16 15:08:03,486 - mmcv - INFO - 
head.onedecoder_head.ego_refine.0.plan_status_branch.4.weight - torch.Size([6, 256]): 
The value is the same before and after calling `init_weights` of SparseDetector  
 
2026-06-16 15:08:03,486 - mmcv - INFO - 
head.onedecoder_head.ego_refine.0.plan_status_branch.4.bias - torch.Size([6]): 
The value is the same before and after calling `init_weights` of SparseDetector  
 
2026-06-16 15:08:03,486 - mmcv - INFO - 
head.onedecoder_head.ego_refine.1.plan_status_branch.0.weight - torch.Size([256, 256]): 
The value is the same before and after calling `init_weights` of SparseDetector  
 
2026-06-16 15:08:03,486 - mmcv - INFO - 
head.onedecoder_head.ego_refine.1.plan_status_branch.0.bias - torch.Size([256]): 
The value is the same before and after calling `init_weights` of SparseDetector  
 
2026-06-16 15:08:03,486 - mmcv - INFO - 
head.onedecoder_head.ego_refine.1.plan_status_branch.2.weight - torch.Size([256, 256]): 
The value is the same before and after calling `init_weights` of SparseDetector  
 
2026-06-16 15:08:03,486 - mmcv - INFO - 
head.onedecoder_head.ego_refine.1.plan_status_branch.2.bias - torch.Size([256]): 
The value is the same before and after calling `init_weights` of SparseDetector  
 
2026-06-16 15:08:03,486 - mmcv - INFO - 
head.onedecoder_head.ego_refine.1.plan_status_branch.4.weight - torch.Size([6, 256]): 
The value is the same before and after calling `init_weights` of SparseDetector  
 
2026-06-16 15:08:03,486 - mmcv - INFO - 
head.onedecoder_head.ego_refine.1.plan_status_branch.4.bias - torch.Size([6]): 
The value is the same before and after calling `init_weights` of SparseDetector  
 
2026-06-16 15:08:03,486 - mmcv - INFO - 
head.onedecoder_head.ego_refine.2.plan_status_branch.0.weight - torch.Size([256, 256]): 
The value is the same before and after calling `init_weights` of SparseDetector  
 
2026-06-16 15:08:03,486 - mmcv - INFO - 
head.onedecoder_head.ego_refine.2.plan_status_branch.0.bias - torch.Size([256]): 
The value is the same before and after calling `init_weights` of SparseDetector  
 
2026-06-16 15:08:03,486 - mmcv - INFO - 
head.onedecoder_head.ego_refine.2.plan_status_branch.2.weight - torch.Size([256, 256]): 
The value is the same before and after calling `init_weights` of SparseDetector  
 
2026-06-16 15:08:03,486 - mmcv - INFO - 
head.onedecoder_head.ego_refine.2.plan_status_branch.2.bias - torch.Size([256]): 
The value is the same before and after calling `init_weights` of SparseDetector  
 
2026-06-16 15:08:03,486 - mmcv - INFO - 
head.onedecoder_head.ego_refine.2.plan_status_branch.4.weight - torch.Size([6, 256]): 
The value is the same before and after calling `init_weights` of SparseDetector  
 
2026-06-16 15:08:03,486 - mmcv - INFO - 
head.onedecoder_head.ego_refine.2.plan_status_branch.4.bias - torch.Size([6]): 
The value is the same before and after calling `init_weights` of SparseDetector  
 
2026-06-16 15:08:03,486 - mmcv - INFO - 
head.onedecoder_head.ego_refine.3.plan_status_branch.0.weight - torch.Size([256, 256]): 
The value is the same before and after calling `init_weights` of SparseDetector  
 
2026-06-16 15:08:03,486 - mmcv - INFO - 
head.onedecoder_head.ego_refine.3.plan_status_branch.0.bias - torch.Size([256]): 
The value is the same before and after calling `init_weights` of SparseDetector  
 
2026-06-16 15:08:03,486 - mmcv - INFO - 
head.onedecoder_head.ego_refine.3.plan_status_branch.2.weight - torch.Size([256, 256]): 
The value is the same before and after calling `init_weights` of SparseDetector  
 
2026-06-16 15:08:03,486 - mmcv - INFO - 
head.onedecoder_head.ego_refine.3.plan_status_branch.2.bias - torch.Size([256]): 
The value is the same before and after calling `init_weights` of SparseDetector  
 
2026-06-16 15:08:03,487 - mmcv - INFO - 
head.onedecoder_head.ego_refine.3.plan_status_branch.4.weight - torch.Size([6, 256]): 
The value is the same before and after calling `init_weights` of SparseDetector  
 
2026-06-16 15:08:03,487 - mmcv - INFO - 
head.onedecoder_head.ego_refine.3.plan_status_branch.4.bias - torch.Size([6]): 
The value is the same before and after calling `init_weights` of SparseDetector  
 
2026-06-16 15:08:03,487 - mmcv - INFO - 
head.onedecoder_head.ego_refine.4.plan_status_branch.0.weight - torch.Size([256, 256]): 
The value is the same before and after calling `init_weights` of SparseDetector  
 
2026-06-16 15:08:03,487 - mmcv - INFO - 
head.onedecoder_head.ego_refine.4.plan_status_branch.0.bias - torch.Size([256]): 
The value is the same before and after calling `init_weights` of SparseDetector  
 
2026-06-16 15:08:03,487 - mmcv - INFO - 
head.onedecoder_head.ego_refine.4.plan_status_branch.2.weight - torch.Size([256, 256]): 
The value is the same before and after calling `init_weights` of SparseDetector  
 
2026-06-16 15:08:03,487 - mmcv - INFO - 
head.onedecoder_head.ego_refine.4.plan_status_branch.2.bias - torch.Size([256]): 
The value is the same before and after calling `init_weights` of SparseDetector  
 
2026-06-16 15:08:03,487 - mmcv - INFO - 
head.onedecoder_head.ego_refine.4.plan_status_branch.4.weight - torch.Size([6, 256]): 
The value is the same before and after calling `init_weights` of SparseDetector  
 
2026-06-16 15:08:03,487 - mmcv - INFO - 
head.onedecoder_head.ego_refine.4.plan_status_branch.4.bias - torch.Size([6]): 
The value is the same before and after calling `init_weights` of SparseDetector  
 
2026-06-16 15:08:03,487 - mmcv - INFO - 
head.onedecoder_head.ego_refine.5.plan_status_branch.0.weight - torch.Size([256, 256]): 
The value is the same before and after calling `init_weights` of SparseDetector  
 
2026-06-16 15:08:03,487 - mmcv - INFO - 
head.onedecoder_head.ego_refine.5.plan_status_branch.0.bias - torch.Size([256]): 
The value is the same before and after calling `init_weights` of SparseDetector  
 
2026-06-16 15:08:03,487 - mmcv - INFO - 
head.onedecoder_head.ego_refine.5.plan_status_branch.2.weight - torch.Size([256, 256]): 
The value is the same before and after calling `init_weights` of SparseDetector  
 
2026-06-16 15:08:03,487 - mmcv - INFO - 
head.onedecoder_head.ego_refine.5.plan_status_branch.2.bias - torch.Size([256]): 
The value is the same before and after calling `init_weights` of SparseDetector  
 
2026-06-16 15:08:03,487 - mmcv - INFO - 
head.onedecoder_head.ego_refine.5.plan_status_branch.4.weight - torch.Size([6, 256]): 
The value is the same before and after calling `init_weights` of SparseDetector  
 
2026-06-16 15:08:03,487 - mmcv - INFO - 
head.onedecoder_head.ego_refine.5.plan_status_branch.4.bias - torch.Size([6]): 
The value is the same before and after calling `init_weights` of SparseDetector  
 
2026-06-16 15:08:03,487 - mmcv - INFO - 
head.onedecoder_head.plan_instance_bank.anchor - torch.Size([18, 12]): 
The value is the same before and after calling `init_weights` of SparseDetector  
 
2026-06-16 15:08:03,487 - mmcv - INFO - 
head.onedecoder_head.plan_instance_bank.plan_feature_encoder.0.weight - torch.Size([256, 256, 3, 3]): 
The value is the same before and after calling `init_weights` of SparseDetector  
 
2026-06-16 15:08:03,487 - mmcv - INFO - 
head.onedecoder_head.plan_instance_bank.plan_feature_encoder.1.weight - torch.Size([256]): 
The value is the same before and after calling `init_weights` of SparseDetector  
 
2026-06-16 15:08:03,487 - mmcv - INFO - 
head.onedecoder_head.plan_instance_bank.plan_feature_encoder.1.bias - torch.Size([256]): 
The value is the same before and after calling `init_weights` of SparseDetector  
 
2026-06-16 15:08:03,487 - mmcv - INFO - 
head.onedecoder_head.plan_instance_bank.plan_feature_encoder.2.weight - torch.Size([256, 256, 3, 3]): 
The value is the same before and after calling `init_weights` of SparseDetector  
 
2026-06-16 15:08:03,487 - mmcv - INFO - 
head.onedecoder_head.plan_instance_bank.plan_feature_encoder.3.weight - torch.Size([256]): 
The value is the same before and after calling `init_weights` of SparseDetector  
 
2026-06-16 15:08:03,487 - mmcv - INFO - 
head.onedecoder_head.plan_instance_bank.plan_feature_encoder.3.bias - torch.Size([256]): 
The value is the same before and after calling `init_weights` of SparseDetector  
 
2026-06-16 15:08:03,487 - mmcv - INFO - 
head.onedecoder_head.plan_anchor_encoder.pos_fc.0.weight - torch.Size([256, 12]): 
The value is the same before and after calling `init_weights` of SparseDetector  
 
2026-06-16 15:08:03,487 - mmcv - INFO - 
head.onedecoder_head.plan_anchor_encoder.pos_fc.0.bias - torch.Size([256]): 
The value is the same before and after calling `init_weights` of SparseDetector  
 
2026-06-16 15:08:03,487 - mmcv - INFO - 
head.onedecoder_head.plan_anchor_encoder.pos_fc.2.weight - torch.Size([256]): 
The value is the same before and after calling `init_weights` of SparseDetector  
 
2026-06-16 15:08:03,487 - mmcv - INFO - 
head.onedecoder_head.plan_anchor_encoder.pos_fc.2.bias - torch.Size([256]): 
The value is the same before and after calling `init_weights` of SparseDetector  
 
2026-06-16 15:08:03,487 - mmcv - INFO - 
head.onedecoder_head.plan_anchor_encoder.pos_fc.3.weight - torch.Size([256, 256]): 
The value is the same before and after calling `init_weights` of SparseDetector  
 
2026-06-16 15:08:03,487 - mmcv - INFO - 
head.onedecoder_head.plan_anchor_encoder.pos_fc.3.bias - torch.Size([256]): 
The value is the same before and after calling `init_weights` of SparseDetector  
 
2026-06-16 15:08:03,487 - mmcv - INFO - 
head.onedecoder_head.plan_anchor_encoder.pos_fc.5.weight - torch.Size([256]): 
The value is the same before and after calling `init_weights` of SparseDetector  
 
2026-06-16 15:08:03,487 - mmcv - INFO - 
head.onedecoder_head.plan_anchor_encoder.pos_fc.5.bias - torch.Size([256]): 
The value is the same before and after calling `init_weights` of SparseDetector  
 
2026-06-16 15:08:03,487 - mmcv - INFO - 
head.onedecoder_head.plan_deformable.0.kps_generator.learnable_fc.weight - torch.Size([180, 256]): 
Initialized by user-defined `init_weights` in SparseHead  
 
2026-06-16 15:08:03,487 - mmcv - INFO - 
head.onedecoder_head.plan_deformable.0.kps_generator.learnable_fc.bias - torch.Size([180]): 
Initialized by user-defined `init_weights` in SparseHead  
 
2026-06-16 15:08:03,487 - mmcv - INFO - 
head.onedecoder_head.plan_deformable.0.output_proj.weight - torch.Size([256, 256]): 
Initialized by user-defined `init_weights` in SparseHead  
 
2026-06-16 15:08:03,487 - mmcv - INFO - 
head.onedecoder_head.plan_deformable.0.output_proj.bias - torch.Size([256]): 
Initialized by user-defined `init_weights` in SparseHead  
 
2026-06-16 15:08:03,487 - mmcv - INFO - 
head.onedecoder_head.plan_deformable.0.camera_encoder.0.weight - torch.Size([256, 12]): 
The value is the same before and after calling `init_weights` of SparseDetector  
 
2026-06-16 15:08:03,487 - mmcv - INFO - 
head.onedecoder_head.plan_deformable.0.camera_encoder.0.bias - torch.Size([256]): 
The value is the same before and after calling `init_weights` of SparseDetector  
 
2026-06-16 15:08:03,487 - mmcv - INFO - 
head.onedecoder_head.plan_deformable.0.camera_encoder.2.weight - torch.Size([256]): 
The value is the same before and after calling `init_weights` of SparseDetector  
 
2026-06-16 15:08:03,487 - mmcv - INFO - 
head.onedecoder_head.plan_deformable.0.camera_encoder.2.bias - torch.Size([256]): 
The value is the same before and after calling `init_weights` of SparseDetector  
 
2026-06-16 15:08:03,487 - mmcv - INFO - 
head.onedecoder_head.plan_deformable.0.camera_encoder.3.weight - torch.Size([256, 256]): 
The value is the same before and after calling `init_weights` of SparseDetector  
 
2026-06-16 15:08:03,488 - mmcv - INFO - 
head.onedecoder_head.plan_deformable.0.camera_encoder.3.bias - torch.Size([256]): 
The value is the same before and after calling `init_weights` of SparseDetector  
 
2026-06-16 15:08:03,488 - mmcv - INFO - 
head.onedecoder_head.plan_deformable.0.camera_encoder.5.weight - torch.Size([256]): 
The value is the same before and after calling `init_weights` of SparseDetector  
 
2026-06-16 15:08:03,488 - mmcv - INFO - 
head.onedecoder_head.plan_deformable.0.camera_encoder.5.bias - torch.Size([256]): 
The value is the same before and after calling `init_weights` of SparseDetector  
 
2026-06-16 15:08:03,488 - mmcv - INFO - 
head.onedecoder_head.plan_deformable.0.weights_fc.weight - torch.Size([2880, 256]): 
Initialized by user-defined `init_weights` in SparseHead  
 
2026-06-16 15:08:03,488 - mmcv - INFO - 
head.onedecoder_head.plan_deformable.0.weights_fc.bias - torch.Size([2880]): 
Initialized by user-defined `init_weights` in SparseHead  
 
2026-06-16 15:08:03,488 - mmcv - INFO - 
head.onedecoder_head.plan_deformable.1.kps_generator.learnable_fc.weight - torch.Size([180, 256]): 
Initialized by user-defined `init_weights` in SparseHead  
 
2026-06-16 15:08:03,488 - mmcv - INFO - 
head.onedecoder_head.plan_deformable.1.kps_generator.learnable_fc.bias - torch.Size([180]): 
Initialized by user-defined `init_weights` in SparseHead  
 
2026-06-16 15:08:03,488 - mmcv - INFO - 
head.onedecoder_head.plan_deformable.1.output_proj.weight - torch.Size([256, 256]): 
Initialized by user-defined `init_weights` in SparseHead  
 
2026-06-16 15:08:03,488 - mmcv - INFO - 
head.onedecoder_head.plan_deformable.1.output_proj.bias - torch.Size([256]): 
Initialized by user-defined `init_weights` in SparseHead  
 
2026-06-16 15:08:03,488 - mmcv - INFO - 
head.onedecoder_head.plan_deformable.1.camera_encoder.0.weight - torch.Size([256, 12]): 
The value is the same before and after calling `init_weights` of SparseDetector  
 
2026-06-16 15:08:03,488 - mmcv - INFO - 
head.onedecoder_head.plan_deformable.1.camera_encoder.0.bias - torch.Size([256]): 
The value is the same before and after calling `init_weights` of SparseDetector  
 
2026-06-16 15:08:03,488 - mmcv - INFO - 
head.onedecoder_head.plan_deformable.1.camera_encoder.2.weight - torch.Size([256]): 
The value is the same before and after calling `init_weights` of SparseDetector  
 
2026-06-16 15:08:03,488 - mmcv - INFO - 
head.onedecoder_head.plan_deformable.1.camera_encoder.2.bias - torch.Size([256]): 
The value is the same before and after calling `init_weights` of SparseDetector  
 
2026-06-16 15:08:03,488 - mmcv - INFO - 
head.onedecoder_head.plan_deformable.1.camera_encoder.3.weight - torch.Size([256, 256]): 
The value is the same before and after calling `init_weights` of SparseDetector  
 
2026-06-16 15:08:03,488 - mmcv - INFO - 
head.onedecoder_head.plan_deformable.1.camera_encoder.3.bias - torch.Size([256]): 
The value is the same before and after calling `init_weights` of SparseDetector  
 
2026-06-16 15:08:03,488 - mmcv - INFO - 
head.onedecoder_head.plan_deformable.1.camera_encoder.5.weight - torch.Size([256]): 
The value is the same before and after calling `init_weights` of SparseDetector  
 
2026-06-16 15:08:03,488 - mmcv - INFO - 
head.onedecoder_head.plan_deformable.1.camera_encoder.5.bias - torch.Size([256]): 
The value is the same before and after calling `init_weights` of SparseDetector  
 
2026-06-16 15:08:03,488 - mmcv - INFO - 
head.onedecoder_head.plan_deformable.1.weights_fc.weight - torch.Size([2880, 256]): 
Initialized by user-defined `init_weights` in SparseHead  
 
2026-06-16 15:08:03,488 - mmcv - INFO - 
head.onedecoder_head.plan_deformable.1.weights_fc.bias - torch.Size([2880]): 
Initialized by user-defined `init_weights` in SparseHead  
 
2026-06-16 15:08:03,488 - mmcv - INFO - 
head.onedecoder_head.plan_deformable.2.kps_generator.learnable_fc.weight - torch.Size([180, 256]): 
Initialized by user-defined `init_weights` in SparseHead  
 
2026-06-16 15:08:03,488 - mmcv - INFO - 
head.onedecoder_head.plan_deformable.2.kps_generator.learnable_fc.bias - torch.Size([180]): 
Initialized by user-defined `init_weights` in SparseHead  
 
2026-06-16 15:08:03,488 - mmcv - INFO - 
head.onedecoder_head.plan_deformable.2.output_proj.weight - torch.Size([256, 256]): 
Initialized by user-defined `init_weights` in SparseHead  
 
2026-06-16 15:08:03,488 - mmcv - INFO - 
head.onedecoder_head.plan_deformable.2.output_proj.bias - torch.Size([256]): 
Initialized by user-defined `init_weights` in SparseHead  
 
2026-06-16 15:08:03,488 - mmcv - INFO - 
head.onedecoder_head.plan_deformable.2.camera_encoder.0.weight - torch.Size([256, 12]): 
The value is the same before and after calling `init_weights` of SparseDetector  
 
2026-06-16 15:08:03,488 - mmcv - INFO - 
head.onedecoder_head.plan_deformable.2.camera_encoder.0.bias - torch.Size([256]): 
The value is the same before and after calling `init_weights` of SparseDetector  
 
2026-06-16 15:08:03,488 - mmcv - INFO - 
head.onedecoder_head.plan_deformable.2.camera_encoder.2.weight - torch.Size([256]): 
The value is the same before and after calling `init_weights` of SparseDetector  
 
2026-06-16 15:08:03,488 - mmcv - INFO - 
head.onedecoder_head.plan_deformable.2.camera_encoder.2.bias - torch.Size([256]): 
The value is the same before and after calling `init_weights` of SparseDetector  
 
2026-06-16 15:08:03,488 - mmcv - INFO - 
head.onedecoder_head.plan_deformable.2.camera_encoder.3.weight - torch.Size([256, 256]): 
The value is the same before and after calling `init_weights` of SparseDetector  
 
2026-06-16 15:08:03,488 - mmcv - INFO - 
head.onedecoder_head.plan_deformable.2.camera_encoder.3.bias - torch.Size([256]): 
The value is the same before and after calling `init_weights` of SparseDetector  
 
2026-06-16 15:08:03,488 - mmcv - INFO - 
head.onedecoder_head.plan_deformable.2.camera_encoder.5.weight - torch.Size([256]): 
The value is the same before and after calling `init_weights` of SparseDetector  
 
2026-06-16 15:08:03,488 - mmcv - INFO - 
head.onedecoder_head.plan_deformable.2.camera_encoder.5.bias - torch.Size([256]): 
The value is the same before and after calling `init_weights` of SparseDetector  
 
2026-06-16 15:08:03,488 - mmcv - INFO - 
head.onedecoder_head.plan_deformable.2.weights_fc.weight - torch.Size([2880, 256]): 
Initialized by user-defined `init_weights` in SparseHead  
 
2026-06-16 15:08:03,488 - mmcv - INFO - 
head.onedecoder_head.plan_deformable.2.weights_fc.bias - torch.Size([2880]): 
Initialized by user-defined `init_weights` in SparseHead  
 
2026-06-16 15:08:03,488 - mmcv - INFO - 
head.onedecoder_head.plan_deformable.3.kps_generator.learnable_fc.weight - torch.Size([180, 256]): 
Initialized by user-defined `init_weights` in SparseHead  
 
2026-06-16 15:08:03,488 - mmcv - INFO - 
head.onedecoder_head.plan_deformable.3.kps_generator.learnable_fc.bias - torch.Size([180]): 
Initialized by user-defined `init_weights` in SparseHead  
 
2026-06-16 15:08:03,488 - mmcv - INFO - 
head.onedecoder_head.plan_deformable.3.output_proj.weight - torch.Size([256, 256]): 
Initialized by user-defined `init_weights` in SparseHead  
 
2026-06-16 15:08:03,488 - mmcv - INFO - 
head.onedecoder_head.plan_deformable.3.output_proj.bias - torch.Size([256]): 
Initialized by user-defined `init_weights` in SparseHead  
 
2026-06-16 15:08:03,488 - mmcv - INFO - 
head.onedecoder_head.plan_deformable.3.camera_encoder.0.weight - torch.Size([256, 12]): 
The value is the same before and after calling `init_weights` of SparseDetector  
 
2026-06-16 15:08:03,488 - mmcv - INFO - 
head.onedecoder_head.plan_deformable.3.camera_encoder.0.bias - torch.Size([256]): 
The value is the same before and after calling `init_weights` of SparseDetector  
 
2026-06-16 15:08:03,489 - mmcv - INFO - 
head.onedecoder_head.plan_deformable.3.camera_encoder.2.weight - torch.Size([256]): 
The value is the same before and after calling `init_weights` of SparseDetector  
 
2026-06-16 15:08:03,489 - mmcv - INFO - 
head.onedecoder_head.plan_deformable.3.camera_encoder.2.bias - torch.Size([256]): 
The value is the same before and after calling `init_weights` of SparseDetector  
 
2026-06-16 15:08:03,489 - mmcv - INFO - 
head.onedecoder_head.plan_deformable.3.camera_encoder.3.weight - torch.Size([256, 256]): 
The value is the same before and after calling `init_weights` of SparseDetector  
 
2026-06-16 15:08:03,489 - mmcv - INFO - 
head.onedecoder_head.plan_deformable.3.camera_encoder.3.bias - torch.Size([256]): 
The value is the same before and after calling `init_weights` of SparseDetector  
 
2026-06-16 15:08:03,489 - mmcv - INFO - 
head.onedecoder_head.plan_deformable.3.camera_encoder.5.weight - torch.Size([256]): 
The value is the same before and after calling `init_weights` of SparseDetector  
 
2026-06-16 15:08:03,489 - mmcv - INFO - 
head.onedecoder_head.plan_deformable.3.camera_encoder.5.bias - torch.Size([256]): 
The value is the same before and after calling `init_weights` of SparseDetector  
 
2026-06-16 15:08:03,489 - mmcv - INFO - 
head.onedecoder_head.plan_deformable.3.weights_fc.weight - torch.Size([2880, 256]): 
Initialized by user-defined `init_weights` in SparseHead  
 
2026-06-16 15:08:03,489 - mmcv - INFO - 
head.onedecoder_head.plan_deformable.3.weights_fc.bias - torch.Size([2880]): 
Initialized by user-defined `init_weights` in SparseHead  
 
2026-06-16 15:08:03,489 - mmcv - INFO - 
head.onedecoder_head.plan_deformable.4.kps_generator.learnable_fc.weight - torch.Size([180, 256]): 
Initialized by user-defined `init_weights` in SparseHead  
 
2026-06-16 15:08:03,489 - mmcv - INFO - 
head.onedecoder_head.plan_deformable.4.kps_generator.learnable_fc.bias - torch.Size([180]): 
Initialized by user-defined `init_weights` in SparseHead  
 
2026-06-16 15:08:03,489 - mmcv - INFO - 
head.onedecoder_head.plan_deformable.4.output_proj.weight - torch.Size([256, 256]): 
Initialized by user-defined `init_weights` in SparseHead  
 
2026-06-16 15:08:03,489 - mmcv - INFO - 
head.onedecoder_head.plan_deformable.4.output_proj.bias - torch.Size([256]): 
Initialized by user-defined `init_weights` in SparseHead  
 
2026-06-16 15:08:03,489 - mmcv - INFO - 
head.onedecoder_head.plan_deformable.4.camera_encoder.0.weight - torch.Size([256, 12]): 
The value is the same before and after calling `init_weights` of SparseDetector  
 
2026-06-16 15:08:03,489 - mmcv - INFO - 
head.onedecoder_head.plan_deformable.4.camera_encoder.0.bias - torch.Size([256]): 
The value is the same before and after calling `init_weights` of SparseDetector  
 
2026-06-16 15:08:03,489 - mmcv - INFO - 
head.onedecoder_head.plan_deformable.4.camera_encoder.2.weight - torch.Size([256]): 
The value is the same before and after calling `init_weights` of SparseDetector  
 
2026-06-16 15:08:03,489 - mmcv - INFO - 
head.onedecoder_head.plan_deformable.4.camera_encoder.2.bias - torch.Size([256]): 
The value is the same before and after calling `init_weights` of SparseDetector  
 
2026-06-16 15:08:03,489 - mmcv - INFO - 
head.onedecoder_head.plan_deformable.4.camera_encoder.3.weight - torch.Size([256, 256]): 
The value is the same before and after calling `init_weights` of SparseDetector  
 
2026-06-16 15:08:03,489 - mmcv - INFO - 
head.onedecoder_head.plan_deformable.4.camera_encoder.3.bias - torch.Size([256]): 
The value is the same before and after calling `init_weights` of SparseDetector  
 
2026-06-16 15:08:03,489 - mmcv - INFO - 
head.onedecoder_head.plan_deformable.4.camera_encoder.5.weight - torch.Size([256]): 
The value is the same before and after calling `init_weights` of SparseDetector  
 
2026-06-16 15:08:03,489 - mmcv - INFO - 
head.onedecoder_head.plan_deformable.4.camera_encoder.5.bias - torch.Size([256]): 
The value is the same before and after calling `init_weights` of SparseDetector  
 
2026-06-16 15:08:03,489 - mmcv - INFO - 
head.onedecoder_head.plan_deformable.4.weights_fc.weight - torch.Size([2880, 256]): 
Initialized by user-defined `init_weights` in SparseHead  
 
2026-06-16 15:08:03,489 - mmcv - INFO - 
head.onedecoder_head.plan_deformable.4.weights_fc.bias - torch.Size([2880]): 
Initialized by user-defined `init_weights` in SparseHead  
 
2026-06-16 15:08:03,489 - mmcv - INFO - 
head.onedecoder_head.plan_deformable.5.kps_generator.learnable_fc.weight - torch.Size([180, 256]): 
Initialized by user-defined `init_weights` in SparseHead  
 
2026-06-16 15:08:03,489 - mmcv - INFO - 
head.onedecoder_head.plan_deformable.5.kps_generator.learnable_fc.bias - torch.Size([180]): 
Initialized by user-defined `init_weights` in SparseHead  
 
2026-06-16 15:08:03,489 - mmcv - INFO - 
head.onedecoder_head.plan_deformable.5.output_proj.weight - torch.Size([256, 256]): 
Initialized by user-defined `init_weights` in SparseHead  
 
2026-06-16 15:08:03,489 - mmcv - INFO - 
head.onedecoder_head.plan_deformable.5.output_proj.bias - torch.Size([256]): 
Initialized by user-defined `init_weights` in SparseHead  
 
2026-06-16 15:08:03,489 - mmcv - INFO - 
head.onedecoder_head.plan_deformable.5.camera_encoder.0.weight - torch.Size([256, 12]): 
The value is the same before and after calling `init_weights` of SparseDetector  
 
2026-06-16 15:08:03,489 - mmcv - INFO - 
head.onedecoder_head.plan_deformable.5.camera_encoder.0.bias - torch.Size([256]): 
The value is the same before and after calling `init_weights` of SparseDetector  
 
2026-06-16 15:08:03,489 - mmcv - INFO - 
head.onedecoder_head.plan_deformable.5.camera_encoder.2.weight - torch.Size([256]): 
The value is the same before and after calling `init_weights` of SparseDetector  
 
2026-06-16 15:08:03,489 - mmcv - INFO - 
head.onedecoder_head.plan_deformable.5.camera_encoder.2.bias - torch.Size([256]): 
The value is the same before and after calling `init_weights` of SparseDetector  
 
2026-06-16 15:08:03,489 - mmcv - INFO - 
head.onedecoder_head.plan_deformable.5.camera_encoder.3.weight - torch.Size([256, 256]): 
The value is the same before and after calling `init_weights` of SparseDetector  
 
2026-06-16 15:08:03,489 - mmcv - INFO - 
head.onedecoder_head.plan_deformable.5.camera_encoder.3.bias - torch.Size([256]): 
The value is the same before and after calling `init_weights` of SparseDetector  
 
2026-06-16 15:08:03,489 - mmcv - INFO - 
head.onedecoder_head.plan_deformable.5.camera_encoder.5.weight - torch.Size([256]): 
The value is the same before and after calling `init_weights` of SparseDetector  
 
2026-06-16 15:08:03,489 - mmcv - INFO - 
head.onedecoder_head.plan_deformable.5.camera_encoder.5.bias - torch.Size([256]): 
The value is the same before and after calling `init_weights` of SparseDetector  
 
2026-06-16 15:08:03,489 - mmcv - INFO - 
head.onedecoder_head.plan_deformable.5.weights_fc.weight - torch.Size([2880, 256]): 
Initialized by user-defined `init_weights` in SparseHead  
 
2026-06-16 15:08:03,489 - mmcv - INFO - 
head.onedecoder_head.plan_deformable.5.weights_fc.bias - torch.Size([2880]): 
Initialized by user-defined `init_weights` in SparseHead  
 
2026-06-16 15:08:03,489 - mmcv - INFO - 
head.onedecoder_head.plan_refine.0.plan_cls_branch.0.weight - torch.Size([256, 256]): 
The value is the same before and after calling `init_weights` of SparseDetector  
 
2026-06-16 15:08:03,489 - mmcv - INFO - 
head.onedecoder_head.plan_refine.0.plan_cls_branch.0.bias - torch.Size([256]): 
The value is the same before and after calling `init_weights` of SparseDetector  
 
2026-06-16 15:08:03,490 - mmcv - INFO - 
head.onedecoder_head.plan_refine.0.plan_cls_branch.2.weight - torch.Size([256]): 
The value is the same before and after calling `init_weights` of SparseDetector  
 
2026-06-16 15:08:03,490 - mmcv - INFO - 
head.onedecoder_head.plan_refine.0.plan_cls_branch.2.bias - torch.Size([256]): 
The value is the same before and after calling `init_weights` of SparseDetector  
 
2026-06-16 15:08:03,490 - mmcv - INFO - 
head.onedecoder_head.plan_refine.0.plan_cls_branch.3.weight - torch.Size([256, 256]): 
The value is the same before and after calling `init_weights` of SparseDetector  
 
2026-06-16 15:08:03,490 - mmcv - INFO - 
head.onedecoder_head.plan_refine.0.plan_cls_branch.3.bias - torch.Size([256]): 
The value is the same before and after calling `init_weights` of SparseDetector  
 
2026-06-16 15:08:03,490 - mmcv - INFO - 
head.onedecoder_head.plan_refine.0.plan_cls_branch.5.weight - torch.Size([256]): 
The value is the same before and after calling `init_weights` of SparseDetector  
 
2026-06-16 15:08:03,490 - mmcv - INFO - 
head.onedecoder_head.plan_refine.0.plan_cls_branch.5.bias - torch.Size([256]): 
The value is the same before and after calling `init_weights` of SparseDetector  
 
2026-06-16 15:08:03,490 - mmcv - INFO - 
head.onedecoder_head.plan_refine.0.plan_cls_branch.6.weight - torch.Size([1, 256]): 
The value is the same before and after calling `init_weights` of SparseDetector  
 
2026-06-16 15:08:03,490 - mmcv - INFO - 
head.onedecoder_head.plan_refine.0.plan_cls_branch.6.bias - torch.Size([1]): 
Initialized by user-defined `init_weights` in SparseHead  
 
2026-06-16 15:08:03,490 - mmcv - INFO - 
head.onedecoder_head.plan_refine.0.plan_reg_branch_temp_2hz.0.weight - torch.Size([256, 256]): 
The value is the same before and after calling `init_weights` of SparseDetector  
 
2026-06-16 15:08:03,490 - mmcv - INFO - 
head.onedecoder_head.plan_refine.0.plan_reg_branch_temp_2hz.0.bias - torch.Size([256]): 
The value is the same before and after calling `init_weights` of SparseDetector  
 
2026-06-16 15:08:03,490 - mmcv - INFO - 
head.onedecoder_head.plan_refine.0.plan_reg_branch_temp_2hz.2.weight - torch.Size([256, 256]): 
The value is the same before and after calling `init_weights` of SparseDetector  
 
2026-06-16 15:08:03,490 - mmcv - INFO - 
head.onedecoder_head.plan_refine.0.plan_reg_branch_temp_2hz.2.bias - torch.Size([256]): 
The value is the same before and after calling `init_weights` of SparseDetector  
 
2026-06-16 15:08:03,490 - mmcv - INFO - 
head.onedecoder_head.plan_refine.0.plan_reg_branch_temp_2hz.4.weight - torch.Size([256]): 
The value is the same before and after calling `init_weights` of SparseDetector  
 
2026-06-16 15:08:03,490 - mmcv - INFO - 
head.onedecoder_head.plan_refine.0.plan_reg_branch_temp_2hz.4.bias - torch.Size([256]): 
The value is the same before and after calling `init_weights` of SparseDetector  
 
2026-06-16 15:08:03,490 - mmcv - INFO - 
head.onedecoder_head.plan_refine.0.plan_reg_branch_temp_2hz.5.weight - torch.Size([256, 256]): 
The value is the same before and after calling `init_weights` of SparseDetector  
 
2026-06-16 15:08:03,490 - mmcv - INFO - 
head.onedecoder_head.plan_refine.0.plan_reg_branch_temp_2hz.5.bias - torch.Size([256]): 
The value is the same before and after calling `init_weights` of SparseDetector  
 
2026-06-16 15:08:03,490 - mmcv - INFO - 
head.onedecoder_head.plan_refine.0.plan_reg_branch_temp_2hz.7.weight - torch.Size([256, 256]): 
The value is the same before and after calling `init_weights` of SparseDetector  
 
2026-06-16 15:08:03,490 - mmcv - INFO - 
head.onedecoder_head.plan_refine.0.plan_reg_branch_temp_2hz.7.bias - torch.Size([256]): 
The value is the same before and after calling `init_weights` of SparseDetector  
 
2026-06-16 15:08:03,490 - mmcv - INFO - 
head.onedecoder_head.plan_refine.0.plan_reg_branch_temp_2hz.9.weight - torch.Size([256]): 
The value is the same before and after calling `init_weights` of SparseDetector  
 
2026-06-16 15:08:03,490 - mmcv - INFO - 
head.onedecoder_head.plan_refine.0.plan_reg_branch_temp_2hz.9.bias - torch.Size([256]): 
The value is the same before and after calling `init_weights` of SparseDetector  
 
2026-06-16 15:08:03,490 - mmcv - INFO - 
head.onedecoder_head.plan_refine.0.plan_reg_branch_temp_2hz.10.weight - torch.Size([12, 256]): 
The value is the same before and after calling `init_weights` of SparseDetector  
 
2026-06-16 15:08:03,490 - mmcv - INFO - 
head.onedecoder_head.plan_refine.0.plan_reg_branch_temp_2hz.10.bias - torch.Size([12]): 
The value is the same before and after calling `init_weights` of SparseDetector  
 
2026-06-16 15:08:03,490 - mmcv - INFO - 
head.onedecoder_head.plan_refine.0.plan_reg_branch_temp_2hz.11.scale - torch.Size([12]): 
The value is the same before and after calling `init_weights` of SparseDetector  
 
2026-06-16 15:08:03,490 - mmcv - INFO - 
head.onedecoder_head.plan_refine.1.plan_cls_branch.0.weight - torch.Size([256, 256]): 
The value is the same before and after calling `init_weights` of SparseDetector  
 
2026-06-16 15:08:03,490 - mmcv - INFO - 
head.onedecoder_head.plan_refine.1.plan_cls_branch.0.bias - torch.Size([256]): 
The value is the same before and after calling `init_weights` of SparseDetector  
 
2026-06-16 15:08:03,490 - mmcv - INFO - 
head.onedecoder_head.plan_refine.1.plan_cls_branch.2.weight - torch.Size([256]): 
The value is the same before and after calling `init_weights` of SparseDetector  
 
2026-06-16 15:08:03,490 - mmcv - INFO - 
head.onedecoder_head.plan_refine.1.plan_cls_branch.2.bias - torch.Size([256]): 
The value is the same before and after calling `init_weights` of SparseDetector  
 
2026-06-16 15:08:03,490 - mmcv - INFO - 
head.onedecoder_head.plan_refine.1.plan_cls_branch.3.weight - torch.Size([256, 256]): 
The value is the same before and after calling `init_weights` of SparseDetector  
 
2026-06-16 15:08:03,490 - mmcv - INFO - 
head.onedecoder_head.plan_refine.1.plan_cls_branch.3.bias - torch.Size([256]): 
The value is the same before and after calling `init_weights` of SparseDetector  
 
2026-06-16 15:08:03,490 - mmcv - INFO - 
head.onedecoder_head.plan_refine.1.plan_cls_branch.5.weight - torch.Size([256]): 
The value is the same before and after calling `init_weights` of SparseDetector  
 
2026-06-16 15:08:03,490 - mmcv - INFO - 
head.onedecoder_head.plan_refine.1.plan_cls_branch.5.bias - torch.Size([256]): 
The value is the same before and after calling `init_weights` of SparseDetector  
 
2026-06-16 15:08:03,490 - mmcv - INFO - 
head.onedecoder_head.plan_refine.1.plan_cls_branch.6.weight - torch.Size([1, 256]): 
The value is the same before and after calling `init_weights` of SparseDetector  
 
2026-06-16 15:08:03,490 - mmcv - INFO - 
head.onedecoder_head.plan_refine.1.plan_cls_branch.6.bias - torch.Size([1]): 
Initialized by user-defined `init_weights` in SparseHead  
 
2026-06-16 15:08:03,490 - mmcv - INFO - 
head.onedecoder_head.plan_refine.1.plan_reg_branch_temp_2hz.0.weight - torch.Size([256, 256]): 
The value is the same before and after calling `init_weights` of SparseDetector  
 
2026-06-16 15:08:03,490 - mmcv - INFO - 
head.onedecoder_head.plan_refine.1.plan_reg_branch_temp_2hz.0.bias - torch.Size([256]): 
The value is the same before and after calling `init_weights` of SparseDetector  
 
2026-06-16 15:08:03,490 - mmcv - INFO - 
head.onedecoder_head.plan_refine.1.plan_reg_branch_temp_2hz.2.weight - torch.Size([256, 256]): 
The value is the same before and after calling `init_weights` of SparseDetector  
 
2026-06-16 15:08:03,490 - mmcv - INFO - 
head.onedecoder_head.plan_refine.1.plan_reg_branch_temp_2hz.2.bias - torch.Size([256]): 
The value is the same before and after calling `init_weights` of SparseDetector  
 
2026-06-16 15:08:03,490 - mmcv - INFO - 
head.onedecoder_head.plan_refine.1.plan_reg_branch_temp_2hz.4.weight - torch.Size([256]): 
The value is the same before and after calling `init_weights` of SparseDetector  
 
2026-06-16 15:08:03,490 - mmcv - INFO - 
head.onedecoder_head.plan_refine.1.plan_reg_branch_temp_2hz.4.bias - torch.Size([256]): 
The value is the same before and after calling `init_weights` of SparseDetector  
 
2026-06-16 15:08:03,490 - mmcv - INFO - 
head.onedecoder_head.plan_refine.1.plan_reg_branch_temp_2hz.5.weight - torch.Size([256, 256]): 
The value is the same before and after calling `init_weights` of SparseDetector  
 
2026-06-16 15:08:03,491 - mmcv - INFO - 
head.onedecoder_head.plan_refine.1.plan_reg_branch_temp_2hz.5.bias - torch.Size([256]): 
The value is the same before and after calling `init_weights` of SparseDetector  
 
2026-06-16 15:08:03,491 - mmcv - INFO - 
head.onedecoder_head.plan_refine.1.plan_reg_branch_temp_2hz.7.weight - torch.Size([256, 256]): 
The value is the same before and after calling `init_weights` of SparseDetector  
 
2026-06-16 15:08:03,491 - mmcv - INFO - 
head.onedecoder_head.plan_refine.1.plan_reg_branch_temp_2hz.7.bias - torch.Size([256]): 
The value is the same before and after calling `init_weights` of SparseDetector  
 
2026-06-16 15:08:03,491 - mmcv - INFO - 
head.onedecoder_head.plan_refine.1.plan_reg_branch_temp_2hz.9.weight - torch.Size([256]): 
The value is the same before and after calling `init_weights` of SparseDetector  
 
2026-06-16 15:08:03,491 - mmcv - INFO - 
head.onedecoder_head.plan_refine.1.plan_reg_branch_temp_2hz.9.bias - torch.Size([256]): 
The value is the same before and after calling `init_weights` of SparseDetector  
 
2026-06-16 15:08:03,491 - mmcv - INFO - 
head.onedecoder_head.plan_refine.1.plan_reg_branch_temp_2hz.10.weight - torch.Size([12, 256]): 
The value is the same before and after calling `init_weights` of SparseDetector  
 
2026-06-16 15:08:03,491 - mmcv - INFO - 
head.onedecoder_head.plan_refine.1.plan_reg_branch_temp_2hz.10.bias - torch.Size([12]): 
The value is the same before and after calling `init_weights` of SparseDetector  
 
2026-06-16 15:08:03,491 - mmcv - INFO - 
head.onedecoder_head.plan_refine.1.plan_reg_branch_temp_2hz.11.scale - torch.Size([12]): 
The value is the same before and after calling `init_weights` of SparseDetector  
 
2026-06-16 15:08:03,491 - mmcv - INFO - 
head.onedecoder_head.plan_refine.2.plan_cls_branch.0.weight - torch.Size([256, 256]): 
The value is the same before and after calling `init_weights` of SparseDetector  
 
2026-06-16 15:08:03,491 - mmcv - INFO - 
head.onedecoder_head.plan_refine.2.plan_cls_branch.0.bias - torch.Size([256]): 
The value is the same before and after calling `init_weights` of SparseDetector  
 
2026-06-16 15:08:03,491 - mmcv - INFO - 
head.onedecoder_head.plan_refine.2.plan_cls_branch.2.weight - torch.Size([256]): 
The value is the same before and after calling `init_weights` of SparseDetector  
 
2026-06-16 15:08:03,491 - mmcv - INFO - 
head.onedecoder_head.plan_refine.2.plan_cls_branch.2.bias - torch.Size([256]): 
The value is the same before and after calling `init_weights` of SparseDetector  
 
2026-06-16 15:08:03,491 - mmcv - INFO - 
head.onedecoder_head.plan_refine.2.plan_cls_branch.3.weight - torch.Size([256, 256]): 
The value is the same before and after calling `init_weights` of SparseDetector  
 
2026-06-16 15:08:03,491 - mmcv - INFO - 
head.onedecoder_head.plan_refine.2.plan_cls_branch.3.bias - torch.Size([256]): 
The value is the same before and after calling `init_weights` of SparseDetector  
 
2026-06-16 15:08:03,491 - mmcv - INFO - 
head.onedecoder_head.plan_refine.2.plan_cls_branch.5.weight - torch.Size([256]): 
The value is the same before and after calling `init_weights` of SparseDetector  
 
2026-06-16 15:08:03,491 - mmcv - INFO - 
head.onedecoder_head.plan_refine.2.plan_cls_branch.5.bias - torch.Size([256]): 
The value is the same before and after calling `init_weights` of SparseDetector  
 
2026-06-16 15:08:03,491 - mmcv - INFO - 
head.onedecoder_head.plan_refine.2.plan_cls_branch.6.weight - torch.Size([1, 256]): 
The value is the same before and after calling `init_weights` of SparseDetector  
 
2026-06-16 15:08:03,491 - mmcv - INFO - 
head.onedecoder_head.plan_refine.2.plan_cls_branch.6.bias - torch.Size([1]): 
Initialized by user-defined `init_weights` in SparseHead  
 
2026-06-16 15:08:03,491 - mmcv - INFO - 
head.onedecoder_head.plan_refine.2.plan_reg_branch_temp_2hz.0.weight - torch.Size([256, 256]): 
The value is the same before and after calling `init_weights` of SparseDetector  
 
2026-06-16 15:08:03,491 - mmcv - INFO - 
head.onedecoder_head.plan_refine.2.plan_reg_branch_temp_2hz.0.bias - torch.Size([256]): 
The value is the same before and after calling `init_weights` of SparseDetector  
 
2026-06-16 15:08:03,491 - mmcv - INFO - 
head.onedecoder_head.plan_refine.2.plan_reg_branch_temp_2hz.2.weight - torch.Size([256, 256]): 
The value is the same before and after calling `init_weights` of SparseDetector  
 
2026-06-16 15:08:03,491 - mmcv - INFO - 
head.onedecoder_head.plan_refine.2.plan_reg_branch_temp_2hz.2.bias - torch.Size([256]): 
The value is the same before and after calling `init_weights` of SparseDetector  
 
2026-06-16 15:08:03,491 - mmcv - INFO - 
head.onedecoder_head.plan_refine.2.plan_reg_branch_temp_2hz.4.weight - torch.Size([256]): 
The value is the same before and after calling `init_weights` of SparseDetector  
 
2026-06-16 15:08:03,491 - mmcv - INFO - 
head.onedecoder_head.plan_refine.2.plan_reg_branch_temp_2hz.4.bias - torch.Size([256]): 
The value is the same before and after calling `init_weights` of SparseDetector  
 
2026-06-16 15:08:03,491 - mmcv - INFO - 
head.onedecoder_head.plan_refine.2.plan_reg_branch_temp_2hz.5.weight - torch.Size([256, 256]): 
The value is the same before and after calling `init_weights` of SparseDetector  
 
2026-06-16 15:08:03,491 - mmcv - INFO - 
head.onedecoder_head.plan_refine.2.plan_reg_branch_temp_2hz.5.bias - torch.Size([256]): 
The value is the same before and after calling `init_weights` of SparseDetector  
 
2026-06-16 15:08:03,491 - mmcv - INFO - 
head.onedecoder_head.plan_refine.2.plan_reg_branch_temp_2hz.7.weight - torch.Size([256, 256]): 
The value is the same before and after calling `init_weights` of SparseDetector  
 
2026-06-16 15:08:03,491 - mmcv - INFO - 
head.onedecoder_head.plan_refine.2.plan_reg_branch_temp_2hz.7.bias - torch.Size([256]): 
The value is the same before and after calling `init_weights` of SparseDetector  
 
2026-06-16 15:08:03,491 - mmcv - INFO - 
head.onedecoder_head.plan_refine.2.plan_reg_branch_temp_2hz.9.weight - torch.Size([256]): 
The value is the same before and after calling `init_weights` of SparseDetector  
 
2026-06-16 15:08:03,491 - mmcv - INFO - 
head.onedecoder_head.plan_refine.2.plan_reg_branch_temp_2hz.9.bias - torch.Size([256]): 
The value is the same before and after calling `init_weights` of SparseDetector  
 
2026-06-16 15:08:03,491 - mmcv - INFO - 
head.onedecoder_head.plan_refine.2.plan_reg_branch_temp_2hz.10.weight - torch.Size([12, 256]): 
The value is the same before and after calling `init_weights` of SparseDetector  
 
2026-06-16 15:08:03,491 - mmcv - INFO - 
head.onedecoder_head.plan_refine.2.plan_reg_branch_temp_2hz.10.bias - torch.Size([12]): 
The value is the same before and after calling `init_weights` of SparseDetector  
 
2026-06-16 15:08:03,491 - mmcv - INFO - 
head.onedecoder_head.plan_refine.2.plan_reg_branch_temp_2hz.11.scale - torch.Size([12]): 
The value is the same before and after calling `init_weights` of SparseDetector  
 
2026-06-16 15:08:03,491 - mmcv - INFO - 
head.onedecoder_head.plan_refine.3.plan_cls_branch.0.weight - torch.Size([256, 256]): 
The value is the same before and after calling `init_weights` of SparseDetector  
 
2026-06-16 15:08:03,491 - mmcv - INFO - 
head.onedecoder_head.plan_refine.3.plan_cls_branch.0.bias - torch.Size([256]): 
The value is the same before and after calling `init_weights` of SparseDetector  
 
2026-06-16 15:08:03,491 - mmcv - INFO - 
head.onedecoder_head.plan_refine.3.plan_cls_branch.2.weight - torch.Size([256]): 
The value is the same before and after calling `init_weights` of SparseDetector  
 
2026-06-16 15:08:03,491 - mmcv - INFO - 
head.onedecoder_head.plan_refine.3.plan_cls_branch.2.bias - torch.Size([256]): 
The value is the same before and after calling `init_weights` of SparseDetector  
 
2026-06-16 15:08:03,491 - mmcv - INFO - 
head.onedecoder_head.plan_refine.3.plan_cls_branch.3.weight - torch.Size([256, 256]): 
The value is the same before and after calling `init_weights` of SparseDetector  
 
2026-06-16 15:08:03,491 - mmcv - INFO - 
head.onedecoder_head.plan_refine.3.plan_cls_branch.3.bias - torch.Size([256]): 
The value is the same before and after calling `init_weights` of SparseDetector  
 
2026-06-16 15:08:03,491 - mmcv - INFO - 
head.onedecoder_head.plan_refine.3.plan_cls_branch.5.weight - torch.Size([256]): 
The value is the same before and after calling `init_weights` of SparseDetector  
 
2026-06-16 15:08:03,492 - mmcv - INFO - 
head.onedecoder_head.plan_refine.3.plan_cls_branch.5.bias - torch.Size([256]): 
The value is the same before and after calling `init_weights` of SparseDetector  
 
2026-06-16 15:08:03,492 - mmcv - INFO - 
head.onedecoder_head.plan_refine.3.plan_cls_branch.6.weight - torch.Size([1, 256]): 
The value is the same before and after calling `init_weights` of SparseDetector  
 
2026-06-16 15:08:03,492 - mmcv - INFO - 
head.onedecoder_head.plan_refine.3.plan_cls_branch.6.bias - torch.Size([1]): 
Initialized by user-defined `init_weights` in SparseHead  
 
2026-06-16 15:08:03,492 - mmcv - INFO - 
head.onedecoder_head.plan_refine.3.plan_reg_branch_temp_2hz.0.weight - torch.Size([256, 256]): 
The value is the same before and after calling `init_weights` of SparseDetector  
 
2026-06-16 15:08:03,492 - mmcv - INFO - 
head.onedecoder_head.plan_refine.3.plan_reg_branch_temp_2hz.0.bias - torch.Size([256]): 
The value is the same before and after calling `init_weights` of SparseDetector  
 
2026-06-16 15:08:03,492 - mmcv - INFO - 
head.onedecoder_head.plan_refine.3.plan_reg_branch_temp_2hz.2.weight - torch.Size([256, 256]): 
The value is the same before and after calling `init_weights` of SparseDetector  
 
2026-06-16 15:08:03,492 - mmcv - INFO - 
head.onedecoder_head.plan_refine.3.plan_reg_branch_temp_2hz.2.bias - torch.Size([256]): 
The value is the same before and after calling `init_weights` of SparseDetector  
 
2026-06-16 15:08:03,492 - mmcv - INFO - 
head.onedecoder_head.plan_refine.3.plan_reg_branch_temp_2hz.4.weight - torch.Size([256]): 
The value is the same before and after calling `init_weights` of SparseDetector  
 
2026-06-16 15:08:03,492 - mmcv - INFO - 
head.onedecoder_head.plan_refine.3.plan_reg_branch_temp_2hz.4.bias - torch.Size([256]): 
The value is the same before and after calling `init_weights` of SparseDetector  
 
2026-06-16 15:08:03,492 - mmcv - INFO - 
head.onedecoder_head.plan_refine.3.plan_reg_branch_temp_2hz.5.weight - torch.Size([256, 256]): 
The value is the same before and after calling `init_weights` of SparseDetector  
 
2026-06-16 15:08:03,492 - mmcv - INFO - 
head.onedecoder_head.plan_refine.3.plan_reg_branch_temp_2hz.5.bias - torch.Size([256]): 
The value is the same before and after calling `init_weights` of SparseDetector  
 
2026-06-16 15:08:03,492 - mmcv - INFO - 
head.onedecoder_head.plan_refine.3.plan_reg_branch_temp_2hz.7.weight - torch.Size([256, 256]): 
The value is the same before and after calling `init_weights` of SparseDetector  
 
2026-06-16 15:08:03,492 - mmcv - INFO - 
head.onedecoder_head.plan_refine.3.plan_reg_branch_temp_2hz.7.bias - torch.Size([256]): 
The value is the same before and after calling `init_weights` of SparseDetector  
 
2026-06-16 15:08:03,492 - mmcv - INFO - 
head.onedecoder_head.plan_refine.3.plan_reg_branch_temp_2hz.9.weight - torch.Size([256]): 
The value is the same before and after calling `init_weights` of SparseDetector  
 
2026-06-16 15:08:03,492 - mmcv - INFO - 
head.onedecoder_head.plan_refine.3.plan_reg_branch_temp_2hz.9.bias - torch.Size([256]): 
The value is the same before and after calling `init_weights` of SparseDetector  
 
2026-06-16 15:08:03,492 - mmcv - INFO - 
head.onedecoder_head.plan_refine.3.plan_reg_branch_temp_2hz.10.weight - torch.Size([12, 256]): 
The value is the same before and after calling `init_weights` of SparseDetector  
 
2026-06-16 15:08:03,492 - mmcv - INFO - 
head.onedecoder_head.plan_refine.3.plan_reg_branch_temp_2hz.10.bias - torch.Size([12]): 
The value is the same before and after calling `init_weights` of SparseDetector  
 
2026-06-16 15:08:03,492 - mmcv - INFO - 
head.onedecoder_head.plan_refine.3.plan_reg_branch_temp_2hz.11.scale - torch.Size([12]): 
The value is the same before and after calling `init_weights` of SparseDetector  
 
2026-06-16 15:08:03,492 - mmcv - INFO - 
head.onedecoder_head.plan_refine.4.plan_cls_branch.0.weight - torch.Size([256, 256]): 
The value is the same before and after calling `init_weights` of SparseDetector  
 
2026-06-16 15:08:03,492 - mmcv - INFO - 
head.onedecoder_head.plan_refine.4.plan_cls_branch.0.bias - torch.Size([256]): 
The value is the same before and after calling `init_weights` of SparseDetector  
 
2026-06-16 15:08:03,492 - mmcv - INFO - 
head.onedecoder_head.plan_refine.4.plan_cls_branch.2.weight - torch.Size([256]): 
The value is the same before and after calling `init_weights` of SparseDetector  
 
2026-06-16 15:08:03,492 - mmcv - INFO - 
head.onedecoder_head.plan_refine.4.plan_cls_branch.2.bias - torch.Size([256]): 
The value is the same before and after calling `init_weights` of SparseDetector  
 
2026-06-16 15:08:03,492 - mmcv - INFO - 
head.onedecoder_head.plan_refine.4.plan_cls_branch.3.weight - torch.Size([256, 256]): 
The value is the same before and after calling `init_weights` of SparseDetector  
 
2026-06-16 15:08:03,492 - mmcv - INFO - 
head.onedecoder_head.plan_refine.4.plan_cls_branch.3.bias - torch.Size([256]): 
The value is the same before and after calling `init_weights` of SparseDetector  
 
2026-06-16 15:08:03,492 - mmcv - INFO - 
head.onedecoder_head.plan_refine.4.plan_cls_branch.5.weight - torch.Size([256]): 
The value is the same before and after calling `init_weights` of SparseDetector  
 
2026-06-16 15:08:03,492 - mmcv - INFO - 
head.onedecoder_head.plan_refine.4.plan_cls_branch.5.bias - torch.Size([256]): 
The value is the same before and after calling `init_weights` of SparseDetector  
 
2026-06-16 15:08:03,492 - mmcv - INFO - 
head.onedecoder_head.plan_refine.4.plan_cls_branch.6.weight - torch.Size([1, 256]): 
The value is the same before and after calling `init_weights` of SparseDetector  
 
2026-06-16 15:08:03,492 - mmcv - INFO - 
head.onedecoder_head.plan_refine.4.plan_cls_branch.6.bias - torch.Size([1]): 
Initialized by user-defined `init_weights` in SparseHead  
 
2026-06-16 15:08:03,492 - mmcv - INFO - 
head.onedecoder_head.plan_refine.4.plan_reg_branch_temp_2hz.0.weight - torch.Size([256, 256]): 
The value is the same before and after calling `init_weights` of SparseDetector  
 
2026-06-16 15:08:03,492 - mmcv - INFO - 
head.onedecoder_head.plan_refine.4.plan_reg_branch_temp_2hz.0.bias - torch.Size([256]): 
The value is the same before and after calling `init_weights` of SparseDetector  
 
2026-06-16 15:08:03,492 - mmcv - INFO - 
head.onedecoder_head.plan_refine.4.plan_reg_branch_temp_2hz.2.weight - torch.Size([256, 256]): 
The value is the same before and after calling `init_weights` of SparseDetector  
 
2026-06-16 15:08:03,492 - mmcv - INFO - 
head.onedecoder_head.plan_refine.4.plan_reg_branch_temp_2hz.2.bias - torch.Size([256]): 
The value is the same before and after calling `init_weights` of SparseDetector  
 
2026-06-16 15:08:03,492 - mmcv - INFO - 
head.onedecoder_head.plan_refine.4.plan_reg_branch_temp_2hz.4.weight - torch.Size([256]): 
The value is the same before and after calling `init_weights` of SparseDetector  
 
2026-06-16 15:08:03,492 - mmcv - INFO - 
head.onedecoder_head.plan_refine.4.plan_reg_branch_temp_2hz.4.bias - torch.Size([256]): 
The value is the same before and after calling `init_weights` of SparseDetector  
 
2026-06-16 15:08:03,492 - mmcv - INFO - 
head.onedecoder_head.plan_refine.4.plan_reg_branch_temp_2hz.5.weight - torch.Size([256, 256]): 
The value is the same before and after calling `init_weights` of SparseDetector  
 
2026-06-16 15:08:03,492 - mmcv - INFO - 
head.onedecoder_head.plan_refine.4.plan_reg_branch_temp_2hz.5.bias - torch.Size([256]): 
The value is the same before and after calling `init_weights` of SparseDetector  
 
2026-06-16 15:08:03,492 - mmcv - INFO - 
head.onedecoder_head.plan_refine.4.plan_reg_branch_temp_2hz.7.weight - torch.Size([256, 256]): 
The value is the same before and after calling `init_weights` of SparseDetector  
 
2026-06-16 15:08:03,492 - mmcv - INFO - 
head.onedecoder_head.plan_refine.4.plan_reg_branch_temp_2hz.7.bias - torch.Size([256]): 
The value is the same before and after calling `init_weights` of SparseDetector  
 
2026-06-16 15:08:03,492 - mmcv - INFO - 
head.onedecoder_head.plan_refine.4.plan_reg_branch_temp_2hz.9.weight - torch.Size([256]): 
The value is the same before and after calling `init_weights` of SparseDetector  
 
2026-06-16 15:08:03,492 - mmcv - INFO - 
head.onedecoder_head.plan_refine.4.plan_reg_branch_temp_2hz.9.bias - torch.Size([256]): 
The value is the same before and after calling `init_weights` of SparseDetector  
 
2026-06-16 15:08:03,493 - mmcv - INFO - 
head.onedecoder_head.plan_refine.4.plan_reg_branch_temp_2hz.10.weight - torch.Size([12, 256]): 
The value is the same before and after calling `init_weights` of SparseDetector  
 
2026-06-16 15:08:03,493 - mmcv - INFO - 
head.onedecoder_head.plan_refine.4.plan_reg_branch_temp_2hz.10.bias - torch.Size([12]): 
The value is the same before and after calling `init_weights` of SparseDetector  
 
2026-06-16 15:08:03,493 - mmcv - INFO - 
head.onedecoder_head.plan_refine.4.plan_reg_branch_temp_2hz.11.scale - torch.Size([12]): 
The value is the same before and after calling `init_weights` of SparseDetector  
 
2026-06-16 15:08:03,493 - mmcv - INFO - 
head.onedecoder_head.plan_refine.5.plan_cls_branch.0.weight - torch.Size([256, 256]): 
The value is the same before and after calling `init_weights` of SparseDetector  
 
2026-06-16 15:08:03,493 - mmcv - INFO - 
head.onedecoder_head.plan_refine.5.plan_cls_branch.0.bias - torch.Size([256]): 
The value is the same before and after calling `init_weights` of SparseDetector  
 
2026-06-16 15:08:03,493 - mmcv - INFO - 
head.onedecoder_head.plan_refine.5.plan_cls_branch.2.weight - torch.Size([256]): 
The value is the same before and after calling `init_weights` of SparseDetector  
 
2026-06-16 15:08:03,493 - mmcv - INFO - 
head.onedecoder_head.plan_refine.5.plan_cls_branch.2.bias - torch.Size([256]): 
The value is the same before and after calling `init_weights` of SparseDetector  
 
2026-06-16 15:08:03,493 - mmcv - INFO - 
head.onedecoder_head.plan_refine.5.plan_cls_branch.3.weight - torch.Size([256, 256]): 
The value is the same before and after calling `init_weights` of SparseDetector  
 
2026-06-16 15:08:03,493 - mmcv - INFO - 
head.onedecoder_head.plan_refine.5.plan_cls_branch.3.bias - torch.Size([256]): 
The value is the same before and after calling `init_weights` of SparseDetector  
 
2026-06-16 15:08:03,493 - mmcv - INFO - 
head.onedecoder_head.plan_refine.5.plan_cls_branch.5.weight - torch.Size([256]): 
The value is the same before and after calling `init_weights` of SparseDetector  
 
2026-06-16 15:08:03,493 - mmcv - INFO - 
head.onedecoder_head.plan_refine.5.plan_cls_branch.5.bias - torch.Size([256]): 
The value is the same before and after calling `init_weights` of SparseDetector  
 
2026-06-16 15:08:03,493 - mmcv - INFO - 
head.onedecoder_head.plan_refine.5.plan_cls_branch.6.weight - torch.Size([1, 256]): 
The value is the same before and after calling `init_weights` of SparseDetector  
 
2026-06-16 15:08:03,493 - mmcv - INFO - 
head.onedecoder_head.plan_refine.5.plan_cls_branch.6.bias - torch.Size([1]): 
Initialized by user-defined `init_weights` in SparseHead  
 
2026-06-16 15:08:03,493 - mmcv - INFO - 
head.onedecoder_head.plan_refine.5.plan_reg_branch_temp_2hz.0.weight - torch.Size([256, 256]): 
The value is the same before and after calling `init_weights` of SparseDetector  
 
2026-06-16 15:08:03,493 - mmcv - INFO - 
head.onedecoder_head.plan_refine.5.plan_reg_branch_temp_2hz.0.bias - torch.Size([256]): 
The value is the same before and after calling `init_weights` of SparseDetector  
 
2026-06-16 15:08:03,493 - mmcv - INFO - 
head.onedecoder_head.plan_refine.5.plan_reg_branch_temp_2hz.2.weight - torch.Size([256, 256]): 
The value is the same before and after calling `init_weights` of SparseDetector  
 
2026-06-16 15:08:03,493 - mmcv - INFO - 
head.onedecoder_head.plan_refine.5.plan_reg_branch_temp_2hz.2.bias - torch.Size([256]): 
The value is the same before and after calling `init_weights` of SparseDetector  
 
2026-06-16 15:08:03,493 - mmcv - INFO - 
head.onedecoder_head.plan_refine.5.plan_reg_branch_temp_2hz.4.weight - torch.Size([256]): 
The value is the same before and after calling `init_weights` of SparseDetector  
 
2026-06-16 15:08:03,493 - mmcv - INFO - 
head.onedecoder_head.plan_refine.5.plan_reg_branch_temp_2hz.4.bias - torch.Size([256]): 
The value is the same before and after calling `init_weights` of SparseDetector  
 
2026-06-16 15:08:03,493 - mmcv - INFO - 
head.onedecoder_head.plan_refine.5.plan_reg_branch_temp_2hz.5.weight - torch.Size([256, 256]): 
The value is the same before and after calling `init_weights` of SparseDetector  
 
2026-06-16 15:08:03,493 - mmcv - INFO - 
head.onedecoder_head.plan_refine.5.plan_reg_branch_temp_2hz.5.bias - torch.Size([256]): 
The value is the same before and after calling `init_weights` of SparseDetector  
 
2026-06-16 15:08:03,493 - mmcv - INFO - 
head.onedecoder_head.plan_refine.5.plan_reg_branch_temp_2hz.7.weight - torch.Size([256, 256]): 
The value is the same before and after calling `init_weights` of SparseDetector  
 
2026-06-16 15:08:03,493 - mmcv - INFO - 
head.onedecoder_head.plan_refine.5.plan_reg_branch_temp_2hz.7.bias - torch.Size([256]): 
The value is the same before and after calling `init_weights` of SparseDetector  
 
2026-06-16 15:08:03,493 - mmcv - INFO - 
head.onedecoder_head.plan_refine.5.plan_reg_branch_temp_2hz.9.weight - torch.Size([256]): 
The value is the same before and after calling `init_weights` of SparseDetector  
 
2026-06-16 15:08:03,493 - mmcv - INFO - 
head.onedecoder_head.plan_refine.5.plan_reg_branch_temp_2hz.9.bias - torch.Size([256]): 
The value is the same before and after calling `init_weights` of SparseDetector  
 
2026-06-16 15:08:03,493 - mmcv - INFO - 
head.onedecoder_head.plan_refine.5.plan_reg_branch_temp_2hz.10.weight - torch.Size([12, 256]): 
The value is the same before and after calling `init_weights` of SparseDetector  
 
2026-06-16 15:08:03,493 - mmcv - INFO - 
head.onedecoder_head.plan_refine.5.plan_reg_branch_temp_2hz.10.bias - torch.Size([12]): 
The value is the same before and after calling `init_weights` of SparseDetector  
 
2026-06-16 15:08:03,493 - mmcv - INFO - 
head.onedecoder_head.plan_refine.5.plan_reg_branch_temp_2hz.11.scale - torch.Size([12]): 
The value is the same before and after calling `init_weights` of SparseDetector  
 
2026-06-16 15:08:03,493 - mmcv - INFO - 
head.onedecoder_head.command_embed_encoder.0.weight - torch.Size([256, 3]): 
The value is the same before and after calling `init_weights` of SparseDetector  
 
2026-06-16 15:08:03,493 - mmcv - INFO - 
head.onedecoder_head.command_embed_encoder.0.bias - torch.Size([256]): 
The value is the same before and after calling `init_weights` of SparseDetector  
 
2026-06-16 15:08:03,493 - mmcv - INFO - 
head.onedecoder_head.command_embed_encoder.2.weight - torch.Size([256, 256]): 
The value is the same before and after calling `init_weights` of SparseDetector  
 
2026-06-16 15:08:03,493 - mmcv - INFO - 
head.onedecoder_head.command_embed_encoder.2.bias - torch.Size([256]): 
The value is the same before and after calling `init_weights` of SparseDetector  
 
2026-06-16 15:08:03,493 - mmcv - INFO - 
head.onedecoder_head.command_embed_encoder.4.weight - torch.Size([256]): 
The value is the same before and after calling `init_weights` of SparseDetector  
 
2026-06-16 15:08:03,493 - mmcv - INFO - 
head.onedecoder_head.command_embed_encoder.4.bias - torch.Size([256]): 
The value is the same before and after calling `init_weights` of SparseDetector  
 
2026-06-16 15:08:03,493 - mmcv - INFO - 
head.onedecoder_head.command_embed_encoder.5.weight - torch.Size([256, 256]): 
The value is the same before and after calling `init_weights` of SparseDetector  
 
2026-06-16 15:08:03,493 - mmcv - INFO - 
head.onedecoder_head.command_embed_encoder.5.bias - torch.Size([256]): 
The value is the same before and after calling `init_weights` of SparseDetector  
 
2026-06-16 15:08:03,493 - mmcv - INFO - 
head.onedecoder_head.motion_anchor_encoder.0.weight - torch.Size([256, 256]): 
The value is the same before and after calling `init_weights` of SparseDetector  
 
2026-06-16 15:08:03,493 - mmcv - INFO - 
head.onedecoder_head.motion_anchor_encoder.0.bias - torch.Size([256]): 
The value is the same before and after calling `init_weights` of SparseDetector  
 
2026-06-16 15:08:03,493 - mmcv - INFO - 
head.onedecoder_head.motion_anchor_encoder.2.weight - torch.Size([256]): 
The value is the same before and after calling `init_weights` of SparseDetector  
 
2026-06-16 15:08:03,493 - mmcv - INFO - 
head.onedecoder_head.motion_anchor_encoder.2.bias - torch.Size([256]): 
The value is the same before and after calling `init_weights` of SparseDetector  
 
2026-06-16 15:08:03,494 - mmcv - INFO - 
head.onedecoder_head.motion_anchor_encoder.3.weight - torch.Size([256, 256]): 
The value is the same before and after calling `init_weights` of SparseDetector  
 
2026-06-16 15:08:03,494 - mmcv - INFO - 
head.onedecoder_head.motion_anchor_encoder.3.bias - torch.Size([256]): 
The value is the same before and after calling `init_weights` of SparseDetector  
 
2026-06-16 15:08:03,494 - mmcv - INFO - 
head.onedecoder_head.motion_refine.0.motion_cls_branch.0.weight - torch.Size([256, 256]): 
The value is the same before and after calling `init_weights` of SparseDetector  
 
2026-06-16 15:08:03,494 - mmcv - INFO - 
head.onedecoder_head.motion_refine.0.motion_cls_branch.0.bias - torch.Size([256]): 
The value is the same before and after calling `init_weights` of SparseDetector  
 
2026-06-16 15:08:03,494 - mmcv - INFO - 
head.onedecoder_head.motion_refine.0.motion_cls_branch.2.weight - torch.Size([256]): 
The value is the same before and after calling `init_weights` of SparseDetector  
 
2026-06-16 15:08:03,494 - mmcv - INFO - 
head.onedecoder_head.motion_refine.0.motion_cls_branch.2.bias - torch.Size([256]): 
The value is the same before and after calling `init_weights` of SparseDetector  
 
2026-06-16 15:08:03,494 - mmcv - INFO - 
head.onedecoder_head.motion_refine.0.motion_cls_branch.3.weight - torch.Size([256, 256]): 
The value is the same before and after calling `init_weights` of SparseDetector  
 
2026-06-16 15:08:03,494 - mmcv - INFO - 
head.onedecoder_head.motion_refine.0.motion_cls_branch.3.bias - torch.Size([256]): 
The value is the same before and after calling `init_weights` of SparseDetector  
 
2026-06-16 15:08:03,494 - mmcv - INFO - 
head.onedecoder_head.motion_refine.0.motion_cls_branch.5.weight - torch.Size([256]): 
The value is the same before and after calling `init_weights` of SparseDetector  
 
2026-06-16 15:08:03,494 - mmcv - INFO - 
head.onedecoder_head.motion_refine.0.motion_cls_branch.5.bias - torch.Size([256]): 
The value is the same before and after calling `init_weights` of SparseDetector  
 
2026-06-16 15:08:03,494 - mmcv - INFO - 
head.onedecoder_head.motion_refine.0.motion_cls_branch.6.weight - torch.Size([1, 256]): 
The value is the same before and after calling `init_weights` of SparseDetector  
 
2026-06-16 15:08:03,494 - mmcv - INFO - 
head.onedecoder_head.motion_refine.0.motion_cls_branch.6.bias - torch.Size([1]): 
Initialized by user-defined `init_weights` in SparseHead  
 
2026-06-16 15:08:03,494 - mmcv - INFO - 
head.onedecoder_head.motion_refine.0.motion_reg_branch.0.weight - torch.Size([256, 256]): 
The value is the same before and after calling `init_weights` of SparseDetector  
 
2026-06-16 15:08:03,494 - mmcv - INFO - 
head.onedecoder_head.motion_refine.0.motion_reg_branch.0.bias - torch.Size([256]): 
The value is the same before and after calling `init_weights` of SparseDetector  
 
2026-06-16 15:08:03,494 - mmcv - INFO - 
head.onedecoder_head.motion_refine.0.motion_reg_branch.2.weight - torch.Size([256, 256]): 
The value is the same before and after calling `init_weights` of SparseDetector  
 
2026-06-16 15:08:03,494 - mmcv - INFO - 
head.onedecoder_head.motion_refine.0.motion_reg_branch.2.bias - torch.Size([256]): 
The value is the same before and after calling `init_weights` of SparseDetector  
 
2026-06-16 15:08:03,494 - mmcv - INFO - 
head.onedecoder_head.motion_refine.0.motion_reg_branch.4.weight - torch.Size([24, 256]): 
The value is the same before and after calling `init_weights` of SparseDetector  
 
2026-06-16 15:08:03,494 - mmcv - INFO - 
head.onedecoder_head.motion_refine.0.motion_reg_branch.4.bias - torch.Size([24]): 
The value is the same before and after calling `init_weights` of SparseDetector  
 
2026-06-16 15:08:03,494 - mmcv - INFO - 
head.onedecoder_head.motion_refine.1.motion_cls_branch.0.weight - torch.Size([256, 256]): 
The value is the same before and after calling `init_weights` of SparseDetector  
 
2026-06-16 15:08:03,494 - mmcv - INFO - 
head.onedecoder_head.motion_refine.1.motion_cls_branch.0.bias - torch.Size([256]): 
The value is the same before and after calling `init_weights` of SparseDetector  
 
2026-06-16 15:08:03,494 - mmcv - INFO - 
head.onedecoder_head.motion_refine.1.motion_cls_branch.2.weight - torch.Size([256]): 
The value is the same before and after calling `init_weights` of SparseDetector  
 
2026-06-16 15:08:03,494 - mmcv - INFO - 
head.onedecoder_head.motion_refine.1.motion_cls_branch.2.bias - torch.Size([256]): 
The value is the same before and after calling `init_weights` of SparseDetector  
 
2026-06-16 15:08:03,494 - mmcv - INFO - 
head.onedecoder_head.motion_refine.1.motion_cls_branch.3.weight - torch.Size([256, 256]): 
The value is the same before and after calling `init_weights` of SparseDetector  
 
2026-06-16 15:08:03,494 - mmcv - INFO - 
head.onedecoder_head.motion_refine.1.motion_cls_branch.3.bias - torch.Size([256]): 
The value is the same before and after calling `init_weights` of SparseDetector  
 
2026-06-16 15:08:03,494 - mmcv - INFO - 
head.onedecoder_head.motion_refine.1.motion_cls_branch.5.weight - torch.Size([256]): 
The value is the same before and after calling `init_weights` of SparseDetector  
 
2026-06-16 15:08:03,494 - mmcv - INFO - 
head.onedecoder_head.motion_refine.1.motion_cls_branch.5.bias - torch.Size([256]): 
The value is the same before and after calling `init_weights` of SparseDetector  
 
2026-06-16 15:08:03,494 - mmcv - INFO - 
head.onedecoder_head.motion_refine.1.motion_cls_branch.6.weight - torch.Size([1, 256]): 
The value is the same before and after calling `init_weights` of SparseDetector  
 
2026-06-16 15:08:03,494 - mmcv - INFO - 
head.onedecoder_head.motion_refine.1.motion_cls_branch.6.bias - torch.Size([1]): 
Initialized by user-defined `init_weights` in SparseHead  
 
2026-06-16 15:08:03,494 - mmcv - INFO - 
head.onedecoder_head.motion_refine.1.motion_reg_branch.0.weight - torch.Size([256, 256]): 
The value is the same before and after calling `init_weights` of SparseDetector  
 
2026-06-16 15:08:03,494 - mmcv - INFO - 
head.onedecoder_head.motion_refine.1.motion_reg_branch.0.bias - torch.Size([256]): 
The value is the same before and after calling `init_weights` of SparseDetector  
 
2026-06-16 15:08:03,494 - mmcv - INFO - 
head.onedecoder_head.motion_refine.1.motion_reg_branch.2.weight - torch.Size([256, 256]): 
The value is the same before and after calling `init_weights` of SparseDetector  
 
2026-06-16 15:08:03,494 - mmcv - INFO - 
head.onedecoder_head.motion_refine.1.motion_reg_branch.2.bias - torch.Size([256]): 
The value is the same before and after calling `init_weights` of SparseDetector  
 
2026-06-16 15:08:03,494 - mmcv - INFO - 
head.onedecoder_head.motion_refine.1.motion_reg_branch.4.weight - torch.Size([24, 256]): 
The value is the same before and after calling `init_weights` of SparseDetector  
 
2026-06-16 15:08:03,494 - mmcv - INFO - 
head.onedecoder_head.motion_refine.1.motion_reg_branch.4.bias - torch.Size([24]): 
The value is the same before and after calling `init_weights` of SparseDetector  
 
2026-06-16 15:08:03,494 - mmcv - INFO - 
head.onedecoder_head.motion_refine.2.motion_cls_branch.0.weight - torch.Size([256, 256]): 
The value is the same before and after calling `init_weights` of SparseDetector  
 
2026-06-16 15:08:03,494 - mmcv - INFO - 
head.onedecoder_head.motion_refine.2.motion_cls_branch.0.bias - torch.Size([256]): 
The value is the same before and after calling `init_weights` of SparseDetector  
 
2026-06-16 15:08:03,494 - mmcv - INFO - 
head.onedecoder_head.motion_refine.2.motion_cls_branch.2.weight - torch.Size([256]): 
The value is the same before and after calling `init_weights` of SparseDetector  
 
2026-06-16 15:08:03,494 - mmcv - INFO - 
head.onedecoder_head.motion_refine.2.motion_cls_branch.2.bias - torch.Size([256]): 
The value is the same before and after calling `init_weights` of SparseDetector  
 
2026-06-16 15:08:03,494 - mmcv - INFO - 
head.onedecoder_head.motion_refine.2.motion_cls_branch.3.weight - torch.Size([256, 256]): 
The value is the same before and after calling `init_weights` of SparseDetector  
 
2026-06-16 15:08:03,495 - mmcv - INFO - 
head.onedecoder_head.motion_refine.2.motion_cls_branch.3.bias - torch.Size([256]): 
The value is the same before and after calling `init_weights` of SparseDetector  
 
2026-06-16 15:08:03,495 - mmcv - INFO - 
head.onedecoder_head.motion_refine.2.motion_cls_branch.5.weight - torch.Size([256]): 
The value is the same before and after calling `init_weights` of SparseDetector  
 
2026-06-16 15:08:03,495 - mmcv - INFO - 
head.onedecoder_head.motion_refine.2.motion_cls_branch.5.bias - torch.Size([256]): 
The value is the same before and after calling `init_weights` of SparseDetector  
 
2026-06-16 15:08:03,495 - mmcv - INFO - 
head.onedecoder_head.motion_refine.2.motion_cls_branch.6.weight - torch.Size([1, 256]): 
The value is the same before and after calling `init_weights` of SparseDetector  
 
2026-06-16 15:08:03,495 - mmcv - INFO - 
head.onedecoder_head.motion_refine.2.motion_cls_branch.6.bias - torch.Size([1]): 
Initialized by user-defined `init_weights` in SparseHead  
 
2026-06-16 15:08:03,495 - mmcv - INFO - 
head.onedecoder_head.motion_refine.2.motion_reg_branch.0.weight - torch.Size([256, 256]): 
The value is the same before and after calling `init_weights` of SparseDetector  
 
2026-06-16 15:08:03,495 - mmcv - INFO - 
head.onedecoder_head.motion_refine.2.motion_reg_branch.0.bias - torch.Size([256]): 
The value is the same before and after calling `init_weights` of SparseDetector  
 
2026-06-16 15:08:03,495 - mmcv - INFO - 
head.onedecoder_head.motion_refine.2.motion_reg_branch.2.weight - torch.Size([256, 256]): 
The value is the same before and after calling `init_weights` of SparseDetector  
 
2026-06-16 15:08:03,495 - mmcv - INFO - 
head.onedecoder_head.motion_refine.2.motion_reg_branch.2.bias - torch.Size([256]): 
The value is the same before and after calling `init_weights` of SparseDetector  
 
2026-06-16 15:08:03,495 - mmcv - INFO - 
head.onedecoder_head.motion_refine.2.motion_reg_branch.4.weight - torch.Size([24, 256]): 
The value is the same before and after calling `init_weights` of SparseDetector  
 
2026-06-16 15:08:03,495 - mmcv - INFO - 
head.onedecoder_head.motion_refine.2.motion_reg_branch.4.bias - torch.Size([24]): 
The value is the same before and after calling `init_weights` of SparseDetector  
 
2026-06-16 15:08:03,495 - mmcv - INFO - 
head.onedecoder_head.motion_refine.3.motion_cls_branch.0.weight - torch.Size([256, 256]): 
The value is the same before and after calling `init_weights` of SparseDetector  
 
2026-06-16 15:08:03,495 - mmcv - INFO - 
head.onedecoder_head.motion_refine.3.motion_cls_branch.0.bias - torch.Size([256]): 
The value is the same before and after calling `init_weights` of SparseDetector  
 
2026-06-16 15:08:03,495 - mmcv - INFO - 
head.onedecoder_head.motion_refine.3.motion_cls_branch.2.weight - torch.Size([256]): 
The value is the same before and after calling `init_weights` of SparseDetector  
 
2026-06-16 15:08:03,495 - mmcv - INFO - 
head.onedecoder_head.motion_refine.3.motion_cls_branch.2.bias - torch.Size([256]): 
The value is the same before and after calling `init_weights` of SparseDetector  
 
2026-06-16 15:08:03,495 - mmcv - INFO - 
head.onedecoder_head.motion_refine.3.motion_cls_branch.3.weight - torch.Size([256, 256]): 
The value is the same before and after calling `init_weights` of SparseDetector  
 
2026-06-16 15:08:03,495 - mmcv - INFO - 
head.onedecoder_head.motion_refine.3.motion_cls_branch.3.bias - torch.Size([256]): 
The value is the same before and after calling `init_weights` of SparseDetector  
 
2026-06-16 15:08:03,495 - mmcv - INFO - 
head.onedecoder_head.motion_refine.3.motion_cls_branch.5.weight - torch.Size([256]): 
The value is the same before and after calling `init_weights` of SparseDetector  
 
2026-06-16 15:08:03,495 - mmcv - INFO - 
head.onedecoder_head.motion_refine.3.motion_cls_branch.5.bias - torch.Size([256]): 
The value is the same before and after calling `init_weights` of SparseDetector  
 
2026-06-16 15:08:03,495 - mmcv - INFO - 
head.onedecoder_head.motion_refine.3.motion_cls_branch.6.weight - torch.Size([1, 256]): 
The value is the same before and after calling `init_weights` of SparseDetector  
 
2026-06-16 15:08:03,495 - mmcv - INFO - 
head.onedecoder_head.motion_refine.3.motion_cls_branch.6.bias - torch.Size([1]): 
Initialized by user-defined `init_weights` in SparseHead  
 
2026-06-16 15:08:03,495 - mmcv - INFO - 
head.onedecoder_head.motion_refine.3.motion_reg_branch.0.weight - torch.Size([256, 256]): 
The value is the same before and after calling `init_weights` of SparseDetector  
 
2026-06-16 15:08:03,495 - mmcv - INFO - 
head.onedecoder_head.motion_refine.3.motion_reg_branch.0.bias - torch.Size([256]): 
The value is the same before and after calling `init_weights` of SparseDetector  
 
2026-06-16 15:08:03,495 - mmcv - INFO - 
head.onedecoder_head.motion_refine.3.motion_reg_branch.2.weight - torch.Size([256, 256]): 
The value is the same before and after calling `init_weights` of SparseDetector  
 
2026-06-16 15:08:03,495 - mmcv - INFO - 
head.onedecoder_head.motion_refine.3.motion_reg_branch.2.bias - torch.Size([256]): 
The value is the same before and after calling `init_weights` of SparseDetector  
 
2026-06-16 15:08:03,495 - mmcv - INFO - 
head.onedecoder_head.motion_refine.3.motion_reg_branch.4.weight - torch.Size([24, 256]): 
The value is the same before and after calling `init_weights` of SparseDetector  
 
2026-06-16 15:08:03,495 - mmcv - INFO - 
head.onedecoder_head.motion_refine.3.motion_reg_branch.4.bias - torch.Size([24]): 
The value is the same before and after calling `init_weights` of SparseDetector  
 
2026-06-16 15:08:03,495 - mmcv - INFO - 
head.onedecoder_head.motion_refine.4.motion_cls_branch.0.weight - torch.Size([256, 256]): 
The value is the same before and after calling `init_weights` of SparseDetector  
 
2026-06-16 15:08:03,495 - mmcv - INFO - 
head.onedecoder_head.motion_refine.4.motion_cls_branch.0.bias - torch.Size([256]): 
The value is the same before and after calling `init_weights` of SparseDetector  
 
2026-06-16 15:08:03,495 - mmcv - INFO - 
head.onedecoder_head.motion_refine.4.motion_cls_branch.2.weight - torch.Size([256]): 
The value is the same before and after calling `init_weights` of SparseDetector  
 
2026-06-16 15:08:03,495 - mmcv - INFO - 
head.onedecoder_head.motion_refine.4.motion_cls_branch.2.bias - torch.Size([256]): 
The value is the same before and after calling `init_weights` of SparseDetector  
 
2026-06-16 15:08:03,495 - mmcv - INFO - 
head.onedecoder_head.motion_refine.4.motion_cls_branch.3.weight - torch.Size([256, 256]): 
The value is the same before and after calling `init_weights` of SparseDetector  
 
2026-06-16 15:08:03,495 - mmcv - INFO - 
head.onedecoder_head.motion_refine.4.motion_cls_branch.3.bias - torch.Size([256]): 
The value is the same before and after calling `init_weights` of SparseDetector  
 
2026-06-16 15:08:03,495 - mmcv - INFO - 
head.onedecoder_head.motion_refine.4.motion_cls_branch.5.weight - torch.Size([256]): 
The value is the same before and after calling `init_weights` of SparseDetector  
 
2026-06-16 15:08:03,495 - mmcv - INFO - 
head.onedecoder_head.motion_refine.4.motion_cls_branch.5.bias - torch.Size([256]): 
The value is the same before and after calling `init_weights` of SparseDetector  
 
2026-06-16 15:08:03,495 - mmcv - INFO - 
head.onedecoder_head.motion_refine.4.motion_cls_branch.6.weight - torch.Size([1, 256]): 
The value is the same before and after calling `init_weights` of SparseDetector  
 
2026-06-16 15:08:03,495 - mmcv - INFO - 
head.onedecoder_head.motion_refine.4.motion_cls_branch.6.bias - torch.Size([1]): 
Initialized by user-defined `init_weights` in SparseHead  
 
2026-06-16 15:08:03,495 - mmcv - INFO - 
head.onedecoder_head.motion_refine.4.motion_reg_branch.0.weight - torch.Size([256, 256]): 
The value is the same before and after calling `init_weights` of SparseDetector  
 
2026-06-16 15:08:03,495 - mmcv - INFO - 
head.onedecoder_head.motion_refine.4.motion_reg_branch.0.bias - torch.Size([256]): 
The value is the same before and after calling `init_weights` of SparseDetector  
 
2026-06-16 15:08:03,495 - mmcv - INFO - 
head.onedecoder_head.motion_refine.4.motion_reg_branch.2.weight - torch.Size([256, 256]): 
The value is the same before and after calling `init_weights` of SparseDetector  
 
2026-06-16 15:08:03,496 - mmcv - INFO - 
head.onedecoder_head.motion_refine.4.motion_reg_branch.2.bias - torch.Size([256]): 
The value is the same before and after calling `init_weights` of SparseDetector  
 
2026-06-16 15:08:03,496 - mmcv - INFO - 
head.onedecoder_head.motion_refine.4.motion_reg_branch.4.weight - torch.Size([24, 256]): 
The value is the same before and after calling `init_weights` of SparseDetector  
 
2026-06-16 15:08:03,496 - mmcv - INFO - 
head.onedecoder_head.motion_refine.4.motion_reg_branch.4.bias - torch.Size([24]): 
The value is the same before and after calling `init_weights` of SparseDetector  
 
2026-06-16 15:08:03,496 - mmcv - INFO - 
head.onedecoder_head.motion_refine.5.motion_cls_branch.0.weight - torch.Size([256, 256]): 
The value is the same before and after calling `init_weights` of SparseDetector  
 
2026-06-16 15:08:03,496 - mmcv - INFO - 
head.onedecoder_head.motion_refine.5.motion_cls_branch.0.bias - torch.Size([256]): 
The value is the same before and after calling `init_weights` of SparseDetector  
 
2026-06-16 15:08:03,496 - mmcv - INFO - 
head.onedecoder_head.motion_refine.5.motion_cls_branch.2.weight - torch.Size([256]): 
The value is the same before and after calling `init_weights` of SparseDetector  
 
2026-06-16 15:08:03,496 - mmcv - INFO - 
head.onedecoder_head.motion_refine.5.motion_cls_branch.2.bias - torch.Size([256]): 
The value is the same before and after calling `init_weights` of SparseDetector  
 
2026-06-16 15:08:03,496 - mmcv - INFO - 
head.onedecoder_head.motion_refine.5.motion_cls_branch.3.weight - torch.Size([256, 256]): 
The value is the same before and after calling `init_weights` of SparseDetector  
 
2026-06-16 15:08:03,496 - mmcv - INFO - 
head.onedecoder_head.motion_refine.5.motion_cls_branch.3.bias - torch.Size([256]): 
The value is the same before and after calling `init_weights` of SparseDetector  
 
2026-06-16 15:08:03,496 - mmcv - INFO - 
head.onedecoder_head.motion_refine.5.motion_cls_branch.5.weight - torch.Size([256]): 
The value is the same before and after calling `init_weights` of SparseDetector  
 
2026-06-16 15:08:03,496 - mmcv - INFO - 
head.onedecoder_head.motion_refine.5.motion_cls_branch.5.bias - torch.Size([256]): 
The value is the same before and after calling `init_weights` of SparseDetector  
 
2026-06-16 15:08:03,496 - mmcv - INFO - 
head.onedecoder_head.motion_refine.5.motion_cls_branch.6.weight - torch.Size([1, 256]): 
The value is the same before and after calling `init_weights` of SparseDetector  
 
2026-06-16 15:08:03,496 - mmcv - INFO - 
head.onedecoder_head.motion_refine.5.motion_cls_branch.6.bias - torch.Size([1]): 
Initialized by user-defined `init_weights` in SparseHead  
 
2026-06-16 15:08:03,496 - mmcv - INFO - 
head.onedecoder_head.motion_refine.5.motion_reg_branch.0.weight - torch.Size([256, 256]): 
The value is the same before and after calling `init_weights` of SparseDetector  
 
2026-06-16 15:08:03,496 - mmcv - INFO - 
head.onedecoder_head.motion_refine.5.motion_reg_branch.0.bias - torch.Size([256]): 
The value is the same before and after calling `init_weights` of SparseDetector  
 
2026-06-16 15:08:03,496 - mmcv - INFO - 
head.onedecoder_head.motion_refine.5.motion_reg_branch.2.weight - torch.Size([256, 256]): 
The value is the same before and after calling `init_weights` of SparseDetector  
 
2026-06-16 15:08:03,496 - mmcv - INFO - 
head.onedecoder_head.motion_refine.5.motion_reg_branch.2.bias - torch.Size([256]): 
The value is the same before and after calling `init_weights` of SparseDetector  
 
2026-06-16 15:08:03,496 - mmcv - INFO - 
head.onedecoder_head.motion_refine.5.motion_reg_branch.4.weight - torch.Size([24, 256]): 
The value is the same before and after calling `init_weights` of SparseDetector  
 
2026-06-16 15:08:03,496 - mmcv - INFO - 
head.onedecoder_head.motion_refine.5.motion_reg_branch.4.bias - torch.Size([24]): 
The value is the same before and after calling `init_weights` of SparseDetector  
 
2026-06-16 15:08:03,496 - mmcv - INFO - 
head.onedecoder_head.layers.1.attns.0.attn.in_proj_weight - torch.Size([1536, 512]): 
Initialized by user-defined `init_weights` in SparseHead  
 
2026-06-16 15:08:03,496 - mmcv - INFO - 
head.onedecoder_head.layers.1.attns.0.attn.in_proj_bias - torch.Size([1536]): 
The value is the same before and after calling `init_weights` of SparseDetector  
 
2026-06-16 15:08:03,496 - mmcv - INFO - 
head.onedecoder_head.layers.1.attns.0.attn.out_proj.weight - torch.Size([512, 512]): 
Initialized by user-defined `init_weights` in SparseHead  
 
2026-06-16 15:08:03,496 - mmcv - INFO - 
head.onedecoder_head.layers.1.attns.0.attn.out_proj.bias - torch.Size([512]): 
The value is the same before and after calling `init_weights` of SparseDetector  
 
2026-06-16 15:08:03,496 - mmcv - INFO - 
head.onedecoder_head.layers.1.attns.1.attn.in_proj_weight - torch.Size([768, 256]): 
Initialized by user-defined `init_weights` in SparseHead  
 
2026-06-16 15:08:03,496 - mmcv - INFO - 
head.onedecoder_head.layers.1.attns.1.attn.in_proj_bias - torch.Size([768]): 
The value is the same before and after calling `init_weights` of SparseDetector  
 
2026-06-16 15:08:03,496 - mmcv - INFO - 
head.onedecoder_head.layers.1.attns.1.attn.out_proj.weight - torch.Size([256, 256]): 
Initialized by user-defined `init_weights` in SparseHead  
 
2026-06-16 15:08:03,496 - mmcv - INFO - 
head.onedecoder_head.layers.1.attns.1.attn.out_proj.bias - torch.Size([256]): 
The value is the same before and after calling `init_weights` of SparseDetector  
 
2026-06-16 15:08:03,496 - mmcv - INFO - 
head.onedecoder_head.layers.1.attns.2.attn.in_proj_weight - torch.Size([768, 256]): 
Initialized by user-defined `init_weights` in SparseHead  
 
2026-06-16 15:08:03,496 - mmcv - INFO - 
head.onedecoder_head.layers.1.attns.2.attn.in_proj_bias - torch.Size([768]): 
The value is the same before and after calling `init_weights` of SparseDetector  
 
2026-06-16 15:08:03,496 - mmcv - INFO - 
head.onedecoder_head.layers.1.attns.2.attn.out_proj.weight - torch.Size([256, 256]): 
Initialized by user-defined `init_weights` in SparseHead  
 
2026-06-16 15:08:03,496 - mmcv - INFO - 
head.onedecoder_head.layers.1.attns.2.attn.out_proj.bias - torch.Size([256]): 
The value is the same before and after calling `init_weights` of SparseDetector  
 
2026-06-16 15:08:03,496 - mmcv - INFO - 
head.onedecoder_head.layers.2.attns.0.attn.in_proj_weight - torch.Size([768, 256]): 
Initialized by user-defined `init_weights` in SparseHead  
 
2026-06-16 15:08:03,496 - mmcv - INFO - 
head.onedecoder_head.layers.2.attns.0.attn.in_proj_bias - torch.Size([768]): 
The value is the same before and after calling `init_weights` of SparseDetector  
 
2026-06-16 15:08:03,496 - mmcv - INFO - 
head.onedecoder_head.layers.2.attns.0.attn.out_proj.weight - torch.Size([256, 256]): 
Initialized by user-defined `init_weights` in SparseHead  
 
2026-06-16 15:08:03,496 - mmcv - INFO - 
head.onedecoder_head.layers.2.attns.0.attn.out_proj.bias - torch.Size([256]): 
The value is the same before and after calling `init_weights` of SparseDetector  
 
2026-06-16 15:08:03,496 - mmcv - INFO - 
head.onedecoder_head.layers.3.weight - torch.Size([256]): 
The value is the same before and after calling `init_weights` of SparseDetector  
 
2026-06-16 15:08:03,496 - mmcv - INFO - 
head.onedecoder_head.layers.3.bias - torch.Size([256]): 
The value is the same before and after calling `init_weights` of SparseDetector  
 
2026-06-16 15:08:03,497 - mmcv - INFO - 
head.onedecoder_head.layers.7.pre_norm.weight - torch.Size([512]): 
The value is the same before and after calling `init_weights` of SparseDetector  
 
2026-06-16 15:08:03,497 - mmcv - INFO - 
head.onedecoder_head.layers.7.pre_norm.bias - torch.Size([512]): 
The value is the same before and after calling `init_weights` of SparseDetector  
 
2026-06-16 15:08:03,497 - mmcv - INFO - 
head.onedecoder_head.layers.7.layers.0.0.weight - torch.Size([1024, 512]): 
Initialized by user-defined `init_weights` in SparseHead  
 
2026-06-16 15:08:03,497 - mmcv - INFO - 
head.onedecoder_head.layers.7.layers.0.0.bias - torch.Size([1024]): 
The value is the same before and after calling `init_weights` of SparseDetector  
 
2026-06-16 15:08:03,497 - mmcv - INFO - 
head.onedecoder_head.layers.7.layers.1.weight - torch.Size([256, 1024]): 
Initialized by user-defined `init_weights` in SparseHead  
 
2026-06-16 15:08:03,497 - mmcv - INFO - 
head.onedecoder_head.layers.7.layers.1.bias - torch.Size([256]): 
The value is the same before and after calling `init_weights` of SparseDetector  
 
2026-06-16 15:08:03,497 - mmcv - INFO - 
head.onedecoder_head.layers.7.identity_fc.weight - torch.Size([256, 512]): 
Initialized by user-defined `init_weights` in SparseHead  
 
2026-06-16 15:08:03,497 - mmcv - INFO - 
head.onedecoder_head.layers.7.identity_fc.bias - torch.Size([256]): 
The value is the same before and after calling `init_weights` of SparseDetector  
 
2026-06-16 15:08:03,497 - mmcv - INFO - 
head.onedecoder_head.layers.8.weight - torch.Size([256]): 
The value is the same before and after calling `init_weights` of SparseDetector  
 
2026-06-16 15:08:03,497 - mmcv - INFO - 
head.onedecoder_head.layers.8.bias - torch.Size([256]): 
The value is the same before and after calling `init_weights` of SparseDetector  
 
2026-06-16 15:08:03,497 - mmcv - INFO - 
head.onedecoder_head.layers.12.attns.0.attn.in_proj_weight - torch.Size([1536, 512]): 
Initialized by user-defined `init_weights` in SparseHead  
 
2026-06-16 15:08:03,497 - mmcv - INFO - 
head.onedecoder_head.layers.12.attns.0.attn.in_proj_bias - torch.Size([1536]): 
The value is the same before and after calling `init_weights` of SparseDetector  
 
2026-06-16 15:08:03,497 - mmcv - INFO - 
head.onedecoder_head.layers.12.attns.0.attn.out_proj.weight - torch.Size([512, 512]): 
Initialized by user-defined `init_weights` in SparseHead  
 
2026-06-16 15:08:03,497 - mmcv - INFO - 
head.onedecoder_head.layers.12.attns.0.attn.out_proj.bias - torch.Size([512]): 
The value is the same before and after calling `init_weights` of SparseDetector  
 
2026-06-16 15:08:03,497 - mmcv - INFO - 
head.onedecoder_head.layers.12.attns.1.attn.in_proj_weight - torch.Size([768, 256]): 
Initialized by user-defined `init_weights` in SparseHead  
 
2026-06-16 15:08:03,497 - mmcv - INFO - 
head.onedecoder_head.layers.12.attns.1.attn.in_proj_bias - torch.Size([768]): 
The value is the same before and after calling `init_weights` of SparseDetector  
 
2026-06-16 15:08:03,497 - mmcv - INFO - 
head.onedecoder_head.layers.12.attns.1.attn.out_proj.weight - torch.Size([256, 256]): 
Initialized by user-defined `init_weights` in SparseHead  
 
2026-06-16 15:08:03,497 - mmcv - INFO - 
head.onedecoder_head.layers.12.attns.1.attn.out_proj.bias - torch.Size([256]): 
The value is the same before and after calling `init_weights` of SparseDetector  
 
2026-06-16 15:08:03,497 - mmcv - INFO - 
head.onedecoder_head.layers.12.attns.2.attn.in_proj_weight - torch.Size([768, 256]): 
Initialized by user-defined `init_weights` in SparseHead  
 
2026-06-16 15:08:03,497 - mmcv - INFO - 
head.onedecoder_head.layers.12.attns.2.attn.in_proj_bias - torch.Size([768]): 
The value is the same before and after calling `init_weights` of SparseDetector  
 
2026-06-16 15:08:03,497 - mmcv - INFO - 
head.onedecoder_head.layers.12.attns.2.attn.out_proj.weight - torch.Size([256, 256]): 
Initialized by user-defined `init_weights` in SparseHead  
 
2026-06-16 15:08:03,497 - mmcv - INFO - 
head.onedecoder_head.layers.12.attns.2.attn.out_proj.bias - torch.Size([256]): 
The value is the same before and after calling `init_weights` of SparseDetector  
 
2026-06-16 15:08:03,497 - mmcv - INFO - 
head.onedecoder_head.layers.12.attns.3.attn.in_proj_weight - torch.Size([768, 256]): 
Initialized by user-defined `init_weights` in SparseHead  
 
2026-06-16 15:08:03,497 - mmcv - INFO - 
head.onedecoder_head.layers.12.attns.3.attn.in_proj_bias - torch.Size([768]): 
The value is the same before and after calling `init_weights` of SparseDetector  
 
2026-06-16 15:08:03,497 - mmcv - INFO - 
head.onedecoder_head.layers.12.attns.3.attn.out_proj.weight - torch.Size([256, 256]): 
Initialized by user-defined `init_weights` in SparseHead  
 
2026-06-16 15:08:03,497 - mmcv - INFO - 
head.onedecoder_head.layers.12.attns.3.attn.out_proj.bias - torch.Size([256]): 
The value is the same before and after calling `init_weights` of SparseDetector  
 
2026-06-16 15:08:03,497 - mmcv - INFO - 
head.onedecoder_head.layers.13.attns.0.attn.in_proj_weight - torch.Size([1536, 512]): 
Initialized by user-defined `init_weights` in SparseHead  
 
2026-06-16 15:08:03,497 - mmcv - INFO - 
head.onedecoder_head.layers.13.attns.0.attn.in_proj_bias - torch.Size([1536]): 
The value is the same before and after calling `init_weights` of SparseDetector  
 
2026-06-16 15:08:03,497 - mmcv - INFO - 
head.onedecoder_head.layers.13.attns.0.attn.out_proj.weight - torch.Size([512, 512]): 
Initialized by user-defined `init_weights` in SparseHead  
 
2026-06-16 15:08:03,497 - mmcv - INFO - 
head.onedecoder_head.layers.13.attns.0.attn.out_proj.bias - torch.Size([512]): 
The value is the same before and after calling `init_weights` of SparseDetector  
 
2026-06-16 15:08:03,497 - mmcv - INFO - 
head.onedecoder_head.layers.13.attns.1.attn.in_proj_weight - torch.Size([768, 256]): 
Initialized by user-defined `init_weights` in SparseHead  
 
2026-06-16 15:08:03,497 - mmcv - INFO - 
head.onedecoder_head.layers.13.attns.1.attn.in_proj_bias - torch.Size([768]): 
The value is the same before and after calling `init_weights` of SparseDetector  
 
2026-06-16 15:08:03,497 - mmcv - INFO - 
head.onedecoder_head.layers.13.attns.1.attn.out_proj.weight - torch.Size([256, 256]): 
Initialized by user-defined `init_weights` in SparseHead  
 
2026-06-16 15:08:03,497 - mmcv - INFO - 
head.onedecoder_head.layers.13.attns.1.attn.out_proj.bias - torch.Size([256]): 
The value is the same before and after calling `init_weights` of SparseDetector  
 
2026-06-16 15:08:03,497 - mmcv - INFO - 
head.onedecoder_head.layers.13.attns.2.attn.in_proj_weight - torch.Size([768, 256]): 
Initialized by user-defined `init_weights` in SparseHead  
 
2026-06-16 15:08:03,497 - mmcv - INFO - 
head.onedecoder_head.layers.13.attns.2.attn.in_proj_bias - torch.Size([768]): 
The value is the same before and after calling `init_weights` of SparseDetector  
 
2026-06-16 15:08:03,497 - mmcv - INFO - 
head.onedecoder_head.layers.13.attns.2.attn.out_proj.weight - torch.Size([256, 256]): 
Initialized by user-defined `init_weights` in SparseHead  
 
2026-06-16 15:08:03,497 - mmcv - INFO - 
head.onedecoder_head.layers.13.attns.2.attn.out_proj.bias - torch.Size([256]): 
The value is the same before and after calling `init_weights` of SparseDetector  
 
2026-06-16 15:08:03,498 - mmcv - INFO - 
head.onedecoder_head.layers.14.attns.0.attn.in_proj_weight - torch.Size([768, 256]): 
Initialized by user-defined `init_weights` in SparseHead  
 
2026-06-16 15:08:03,498 - mmcv - INFO - 
head.onedecoder_head.layers.14.attns.0.attn.in_proj_bias - torch.Size([768]): 
The value is the same before and after calling `init_weights` of SparseDetector  
 
2026-06-16 15:08:03,498 - mmcv - INFO - 
head.onedecoder_head.layers.14.attns.0.attn.out_proj.weight - torch.Size([256, 256]): 
Initialized by user-defined `init_weights` in SparseHead  
 
2026-06-16 15:08:03,498 - mmcv - INFO - 
head.onedecoder_head.layers.14.attns.0.attn.out_proj.bias - torch.Size([256]): 
The value is the same before and after calling `init_weights` of SparseDetector  
 
2026-06-16 15:08:03,498 - mmcv - INFO - 
head.onedecoder_head.layers.15.weight - torch.Size([256]): 
The value is the same before and after calling `init_weights` of SparseDetector  
 
2026-06-16 15:08:03,498 - mmcv - INFO - 
head.onedecoder_head.layers.15.bias - torch.Size([256]): 
The value is the same before and after calling `init_weights` of SparseDetector  
 
2026-06-16 15:08:03,498 - mmcv - INFO - 
head.onedecoder_head.layers.19.pre_norm.weight - torch.Size([512]): 
The value is the same before and after calling `init_weights` of SparseDetector  
 
2026-06-16 15:08:03,498 - mmcv - INFO - 
head.onedecoder_head.layers.19.pre_norm.bias - torch.Size([512]): 
The value is the same before and after calling `init_weights` of SparseDetector  
 
2026-06-16 15:08:03,498 - mmcv - INFO - 
head.onedecoder_head.layers.19.layers.0.0.weight - torch.Size([1024, 512]): 
Initialized by user-defined `init_weights` in SparseHead  
 
2026-06-16 15:08:03,498 - mmcv - INFO - 
head.onedecoder_head.layers.19.layers.0.0.bias - torch.Size([1024]): 
The value is the same before and after calling `init_weights` of SparseDetector  
 
2026-06-16 15:08:03,498 - mmcv - INFO - 
head.onedecoder_head.layers.19.layers.1.weight - torch.Size([256, 1024]): 
Initialized by user-defined `init_weights` in SparseHead  
 
2026-06-16 15:08:03,498 - mmcv - INFO - 
head.onedecoder_head.layers.19.layers.1.bias - torch.Size([256]): 
The value is the same before and after calling `init_weights` of SparseDetector  
 
2026-06-16 15:08:03,498 - mmcv - INFO - 
head.onedecoder_head.layers.19.identity_fc.weight - torch.Size([256, 512]): 
Initialized by user-defined `init_weights` in SparseHead  
 
2026-06-16 15:08:03,498 - mmcv - INFO - 
head.onedecoder_head.layers.19.identity_fc.bias - torch.Size([256]): 
The value is the same before and after calling `init_weights` of SparseDetector  
 
2026-06-16 15:08:03,498 - mmcv - INFO - 
head.onedecoder_head.layers.20.weight - torch.Size([256]): 
The value is the same before and after calling `init_weights` of SparseDetector  
 
2026-06-16 15:08:03,498 - mmcv - INFO - 
head.onedecoder_head.layers.20.bias - torch.Size([256]): 
The value is the same before and after calling `init_weights` of SparseDetector  
 
2026-06-16 15:08:03,498 - mmcv - INFO - 
head.onedecoder_head.layers.24.attns.0.attn.in_proj_weight - torch.Size([1536, 512]): 
Initialized by user-defined `init_weights` in SparseHead  
 
2026-06-16 15:08:03,498 - mmcv - INFO - 
head.onedecoder_head.layers.24.attns.0.attn.in_proj_bias - torch.Size([1536]): 
The value is the same before and after calling `init_weights` of SparseDetector  
 
2026-06-16 15:08:03,498 - mmcv - INFO - 
head.onedecoder_head.layers.24.attns.0.attn.out_proj.weight - torch.Size([512, 512]): 
Initialized by user-defined `init_weights` in SparseHead  
 
2026-06-16 15:08:03,498 - mmcv - INFO - 
head.onedecoder_head.layers.24.attns.0.attn.out_proj.bias - torch.Size([512]): 
The value is the same before and after calling `init_weights` of SparseDetector  
 
2026-06-16 15:08:03,498 - mmcv - INFO - 
head.onedecoder_head.layers.24.attns.1.attn.in_proj_weight - torch.Size([768, 256]): 
Initialized by user-defined `init_weights` in SparseHead  
 
2026-06-16 15:08:03,498 - mmcv - INFO - 
head.onedecoder_head.layers.24.attns.1.attn.in_proj_bias - torch.Size([768]): 
The value is the same before and after calling `init_weights` of SparseDetector  
 
2026-06-16 15:08:03,498 - mmcv - INFO - 
head.onedecoder_head.layers.24.attns.1.attn.out_proj.weight - torch.Size([256, 256]): 
Initialized by user-defined `init_weights` in SparseHead  
 
2026-06-16 15:08:03,498 - mmcv - INFO - 
head.onedecoder_head.layers.24.attns.1.attn.out_proj.bias - torch.Size([256]): 
The value is the same before and after calling `init_weights` of SparseDetector  
 
2026-06-16 15:08:03,498 - mmcv - INFO - 
head.onedecoder_head.layers.24.attns.2.attn.in_proj_weight - torch.Size([768, 256]): 
Initialized by user-defined `init_weights` in SparseHead  
 
2026-06-16 15:08:03,498 - mmcv - INFO - 
head.onedecoder_head.layers.24.attns.2.attn.in_proj_bias - torch.Size([768]): 
The value is the same before and after calling `init_weights` of SparseDetector  
 
2026-06-16 15:08:03,498 - mmcv - INFO - 
head.onedecoder_head.layers.24.attns.2.attn.out_proj.weight - torch.Size([256, 256]): 
Initialized by user-defined `init_weights` in SparseHead  
 
2026-06-16 15:08:03,498 - mmcv - INFO - 
head.onedecoder_head.layers.24.attns.2.attn.out_proj.bias - torch.Size([256]): 
The value is the same before and after calling `init_weights` of SparseDetector  
 
2026-06-16 15:08:03,498 - mmcv - INFO - 
head.onedecoder_head.layers.24.attns.3.attn.in_proj_weight - torch.Size([768, 256]): 
Initialized by user-defined `init_weights` in SparseHead  
 
2026-06-16 15:08:03,498 - mmcv - INFO - 
head.onedecoder_head.layers.24.attns.3.attn.in_proj_bias - torch.Size([768]): 
The value is the same before and after calling `init_weights` of SparseDetector  
 
2026-06-16 15:08:03,498 - mmcv - INFO - 
head.onedecoder_head.layers.24.attns.3.attn.out_proj.weight - torch.Size([256, 256]): 
Initialized by user-defined `init_weights` in SparseHead  
 
2026-06-16 15:08:03,498 - mmcv - INFO - 
head.onedecoder_head.layers.24.attns.3.attn.out_proj.bias - torch.Size([256]): 
The value is the same before and after calling `init_weights` of SparseDetector  
 
2026-06-16 15:08:03,498 - mmcv - INFO - 
head.onedecoder_head.layers.25.attns.0.attn.in_proj_weight - torch.Size([1536, 512]): 
Initialized by user-defined `init_weights` in SparseHead  
 
2026-06-16 15:08:03,498 - mmcv - INFO - 
head.onedecoder_head.layers.25.attns.0.attn.in_proj_bias - torch.Size([1536]): 
The value is the same before and after calling `init_weights` of SparseDetector  
 
2026-06-16 15:08:03,498 - mmcv - INFO - 
head.onedecoder_head.layers.25.attns.0.attn.out_proj.weight - torch.Size([512, 512]): 
Initialized by user-defined `init_weights` in SparseHead  
 
2026-06-16 15:08:03,498 - mmcv - INFO - 
head.onedecoder_head.layers.25.attns.0.attn.out_proj.bias - torch.Size([512]): 
The value is the same before and after calling `init_weights` of SparseDetector  
 
2026-06-16 15:08:03,498 - mmcv - INFO - 
head.onedecoder_head.layers.25.attns.1.attn.in_proj_weight - torch.Size([768, 256]): 
Initialized by user-defined `init_weights` in SparseHead  
 
2026-06-16 15:08:03,498 - mmcv - INFO - 
head.onedecoder_head.layers.25.attns.1.attn.in_proj_bias - torch.Size([768]): 
The value is the same before and after calling `init_weights` of SparseDetector  
 
2026-06-16 15:08:03,499 - mmcv - INFO - 
head.onedecoder_head.layers.25.attns.1.attn.out_proj.weight - torch.Size([256, 256]): 
Initialized by user-defined `init_weights` in SparseHead  
 
2026-06-16 15:08:03,499 - mmcv - INFO - 
head.onedecoder_head.layers.25.attns.1.attn.out_proj.bias - torch.Size([256]): 
The value is the same before and after calling `init_weights` of SparseDetector  
 
2026-06-16 15:08:03,499 - mmcv - INFO - 
head.onedecoder_head.layers.25.attns.2.attn.in_proj_weight - torch.Size([768, 256]): 
Initialized by user-defined `init_weights` in SparseHead  
 
2026-06-16 15:08:03,499 - mmcv - INFO - 
head.onedecoder_head.layers.25.attns.2.attn.in_proj_bias - torch.Size([768]): 
The value is the same before and after calling `init_weights` of SparseDetector  
 
2026-06-16 15:08:03,499 - mmcv - INFO - 
head.onedecoder_head.layers.25.attns.2.attn.out_proj.weight - torch.Size([256, 256]): 
Initialized by user-defined `init_weights` in SparseHead  
 
2026-06-16 15:08:03,499 - mmcv - INFO - 
head.onedecoder_head.layers.25.attns.2.attn.out_proj.bias - torch.Size([256]): 
The value is the same before and after calling `init_weights` of SparseDetector  
 
2026-06-16 15:08:03,499 - mmcv - INFO - 
head.onedecoder_head.layers.26.attns.0.attn.in_proj_weight - torch.Size([768, 256]): 
Initialized by user-defined `init_weights` in SparseHead  
 
2026-06-16 15:08:03,499 - mmcv - INFO - 
head.onedecoder_head.layers.26.attns.0.attn.in_proj_bias - torch.Size([768]): 
The value is the same before and after calling `init_weights` of SparseDetector  
 
2026-06-16 15:08:03,499 - mmcv - INFO - 
head.onedecoder_head.layers.26.attns.0.attn.out_proj.weight - torch.Size([256, 256]): 
Initialized by user-defined `init_weights` in SparseHead  
 
2026-06-16 15:08:03,499 - mmcv - INFO - 
head.onedecoder_head.layers.26.attns.0.attn.out_proj.bias - torch.Size([256]): 
The value is the same before and after calling `init_weights` of SparseDetector  
 
2026-06-16 15:08:03,499 - mmcv - INFO - 
head.onedecoder_head.layers.27.weight - torch.Size([256]): 
The value is the same before and after calling `init_weights` of SparseDetector  
 
2026-06-16 15:08:03,499 - mmcv - INFO - 
head.onedecoder_head.layers.27.bias - torch.Size([256]): 
The value is the same before and after calling `init_weights` of SparseDetector  
 
2026-06-16 15:08:03,499 - mmcv - INFO - 
head.onedecoder_head.layers.31.pre_norm.weight - torch.Size([512]): 
The value is the same before and after calling `init_weights` of SparseDetector  
 
2026-06-16 15:08:03,499 - mmcv - INFO - 
head.onedecoder_head.layers.31.pre_norm.bias - torch.Size([512]): 
The value is the same before and after calling `init_weights` of SparseDetector  
 
2026-06-16 15:08:03,499 - mmcv - INFO - 
head.onedecoder_head.layers.31.layers.0.0.weight - torch.Size([1024, 512]): 
Initialized by user-defined `init_weights` in SparseHead  
 
2026-06-16 15:08:03,499 - mmcv - INFO - 
head.onedecoder_head.layers.31.layers.0.0.bias - torch.Size([1024]): 
The value is the same before and after calling `init_weights` of SparseDetector  
 
2026-06-16 15:08:03,499 - mmcv - INFO - 
head.onedecoder_head.layers.31.layers.1.weight - torch.Size([256, 1024]): 
Initialized by user-defined `init_weights` in SparseHead  
 
2026-06-16 15:08:03,499 - mmcv - INFO - 
head.onedecoder_head.layers.31.layers.1.bias - torch.Size([256]): 
The value is the same before and after calling `init_weights` of SparseDetector  
 
2026-06-16 15:08:03,499 - mmcv - INFO - 
head.onedecoder_head.layers.31.identity_fc.weight - torch.Size([256, 512]): 
Initialized by user-defined `init_weights` in SparseHead  
 
2026-06-16 15:08:03,499 - mmcv - INFO - 
head.onedecoder_head.layers.31.identity_fc.bias - torch.Size([256]): 
The value is the same before and after calling `init_weights` of SparseDetector  
 
2026-06-16 15:08:03,499 - mmcv - INFO - 
head.onedecoder_head.layers.32.weight - torch.Size([256]): 
The value is the same before and after calling `init_weights` of SparseDetector  
 
2026-06-16 15:08:03,499 - mmcv - INFO - 
head.onedecoder_head.layers.32.bias - torch.Size([256]): 
The value is the same before and after calling `init_weights` of SparseDetector  
 
2026-06-16 15:08:03,499 - mmcv - INFO - 
head.onedecoder_head.layers.36.attns.0.attn.in_proj_weight - torch.Size([1536, 512]): 
Initialized by user-defined `init_weights` in SparseHead  
 
2026-06-16 15:08:03,499 - mmcv - INFO - 
head.onedecoder_head.layers.36.attns.0.attn.in_proj_bias - torch.Size([1536]): 
The value is the same before and after calling `init_weights` of SparseDetector  
 
2026-06-16 15:08:03,499 - mmcv - INFO - 
head.onedecoder_head.layers.36.attns.0.attn.out_proj.weight - torch.Size([512, 512]): 
Initialized by user-defined `init_weights` in SparseHead  
 
2026-06-16 15:08:03,499 - mmcv - INFO - 
head.onedecoder_head.layers.36.attns.0.attn.out_proj.bias - torch.Size([512]): 
The value is the same before and after calling `init_weights` of SparseDetector  
 
2026-06-16 15:08:03,499 - mmcv - INFO - 
head.onedecoder_head.layers.36.attns.1.attn.in_proj_weight - torch.Size([768, 256]): 
Initialized by user-defined `init_weights` in SparseHead  
 
2026-06-16 15:08:03,499 - mmcv - INFO - 
head.onedecoder_head.layers.36.attns.1.attn.in_proj_bias - torch.Size([768]): 
The value is the same before and after calling `init_weights` of SparseDetector  
 
2026-06-16 15:08:03,499 - mmcv - INFO - 
head.onedecoder_head.layers.36.attns.1.attn.out_proj.weight - torch.Size([256, 256]): 
Initialized by user-defined `init_weights` in SparseHead  
 
2026-06-16 15:08:03,499 - mmcv - INFO - 
head.onedecoder_head.layers.36.attns.1.attn.out_proj.bias - torch.Size([256]): 
The value is the same before and after calling `init_weights` of SparseDetector  
 
2026-06-16 15:08:03,499 - mmcv - INFO - 
head.onedecoder_head.layers.36.attns.2.attn.in_proj_weight - torch.Size([768, 256]): 
Initialized by user-defined `init_weights` in SparseHead  
 
2026-06-16 15:08:03,499 - mmcv - INFO - 
head.onedecoder_head.layers.36.attns.2.attn.in_proj_bias - torch.Size([768]): 
The value is the same before and after calling `init_weights` of SparseDetector  
 
2026-06-16 15:08:03,499 - mmcv - INFO - 
head.onedecoder_head.layers.36.attns.2.attn.out_proj.weight - torch.Size([256, 256]): 
Initialized by user-defined `init_weights` in SparseHead  
 
2026-06-16 15:08:03,499 - mmcv - INFO - 
head.onedecoder_head.layers.36.attns.2.attn.out_proj.bias - torch.Size([256]): 
The value is the same before and after calling `init_weights` of SparseDetector  
 
2026-06-16 15:08:03,499 - mmcv - INFO - 
head.onedecoder_head.layers.36.attns.3.attn.in_proj_weight - torch.Size([768, 256]): 
Initialized by user-defined `init_weights` in SparseHead  
 
2026-06-16 15:08:03,499 - mmcv - INFO - 
head.onedecoder_head.layers.36.attns.3.attn.in_proj_bias - torch.Size([768]): 
The value is the same before and after calling `init_weights` of SparseDetector  
 
2026-06-16 15:08:03,499 - mmcv - INFO - 
head.onedecoder_head.layers.36.attns.3.attn.out_proj.weight - torch.Size([256, 256]): 
Initialized by user-defined `init_weights` in SparseHead  
 
2026-06-16 15:08:03,499 - mmcv - INFO - 
head.onedecoder_head.layers.36.attns.3.attn.out_proj.bias - torch.Size([256]): 
The value is the same before and after calling `init_weights` of SparseDetector  
 
2026-06-16 15:08:03,500 - mmcv - INFO - 
head.onedecoder_head.layers.37.attns.0.attn.in_proj_weight - torch.Size([1536, 512]): 
Initialized by user-defined `init_weights` in SparseHead  
 
2026-06-16 15:08:03,500 - mmcv - INFO - 
head.onedecoder_head.layers.37.attns.0.attn.in_proj_bias - torch.Size([1536]): 
The value is the same before and after calling `init_weights` of SparseDetector  
 
2026-06-16 15:08:03,500 - mmcv - INFO - 
head.onedecoder_head.layers.37.attns.0.attn.out_proj.weight - torch.Size([512, 512]): 
Initialized by user-defined `init_weights` in SparseHead  
 
2026-06-16 15:08:03,500 - mmcv - INFO - 
head.onedecoder_head.layers.37.attns.0.attn.out_proj.bias - torch.Size([512]): 
The value is the same before and after calling `init_weights` of SparseDetector  
 
2026-06-16 15:08:03,500 - mmcv - INFO - 
head.onedecoder_head.layers.37.attns.1.attn.in_proj_weight - torch.Size([768, 256]): 
Initialized by user-defined `init_weights` in SparseHead  
 
2026-06-16 15:08:03,500 - mmcv - INFO - 
head.onedecoder_head.layers.37.attns.1.attn.in_proj_bias - torch.Size([768]): 
The value is the same before and after calling `init_weights` of SparseDetector  
 
2026-06-16 15:08:03,500 - mmcv - INFO - 
head.onedecoder_head.layers.37.attns.1.attn.out_proj.weight - torch.Size([256, 256]): 
Initialized by user-defined `init_weights` in SparseHead  
 
2026-06-16 15:08:03,500 - mmcv - INFO - 
head.onedecoder_head.layers.37.attns.1.attn.out_proj.bias - torch.Size([256]): 
The value is the same before and after calling `init_weights` of SparseDetector  
 
2026-06-16 15:08:03,500 - mmcv - INFO - 
head.onedecoder_head.layers.37.attns.2.attn.in_proj_weight - torch.Size([768, 256]): 
Initialized by user-defined `init_weights` in SparseHead  
 
2026-06-16 15:08:03,500 - mmcv - INFO - 
head.onedecoder_head.layers.37.attns.2.attn.in_proj_bias - torch.Size([768]): 
The value is the same before and after calling `init_weights` of SparseDetector  
 
2026-06-16 15:08:03,500 - mmcv - INFO - 
head.onedecoder_head.layers.37.attns.2.attn.out_proj.weight - torch.Size([256, 256]): 
Initialized by user-defined `init_weights` in SparseHead  
 
2026-06-16 15:08:03,500 - mmcv - INFO - 
head.onedecoder_head.layers.37.attns.2.attn.out_proj.bias - torch.Size([256]): 
The value is the same before and after calling `init_weights` of SparseDetector  
 
2026-06-16 15:08:03,500 - mmcv - INFO - 
head.onedecoder_head.layers.38.attns.0.attn.in_proj_weight - torch.Size([768, 256]): 
Initialized by user-defined `init_weights` in SparseHead  
 
2026-06-16 15:08:03,500 - mmcv - INFO - 
head.onedecoder_head.layers.38.attns.0.attn.in_proj_bias - torch.Size([768]): 
The value is the same before and after calling `init_weights` of SparseDetector  
 
2026-06-16 15:08:03,500 - mmcv - INFO - 
head.onedecoder_head.layers.38.attns.0.attn.out_proj.weight - torch.Size([256, 256]): 
Initialized by user-defined `init_weights` in SparseHead  
 
2026-06-16 15:08:03,500 - mmcv - INFO - 
head.onedecoder_head.layers.38.attns.0.attn.out_proj.bias - torch.Size([256]): 
The value is the same before and after calling `init_weights` of SparseDetector  
 
2026-06-16 15:08:03,500 - mmcv - INFO - 
head.onedecoder_head.layers.39.weight - torch.Size([256]): 
The value is the same before and after calling `init_weights` of SparseDetector  
 
2026-06-16 15:08:03,500 - mmcv - INFO - 
head.onedecoder_head.layers.39.bias - torch.Size([256]): 
The value is the same before and after calling `init_weights` of SparseDetector  
 
2026-06-16 15:08:03,500 - mmcv - INFO - 
head.onedecoder_head.layers.43.pre_norm.weight - torch.Size([512]): 
The value is the same before and after calling `init_weights` of SparseDetector  
 
2026-06-16 15:08:03,500 - mmcv - INFO - 
head.onedecoder_head.layers.43.pre_norm.bias - torch.Size([512]): 
The value is the same before and after calling `init_weights` of SparseDetector  
 
2026-06-16 15:08:03,500 - mmcv - INFO - 
head.onedecoder_head.layers.43.layers.0.0.weight - torch.Size([1024, 512]): 
Initialized by user-defined `init_weights` in SparseHead  
 
2026-06-16 15:08:03,500 - mmcv - INFO - 
head.onedecoder_head.layers.43.layers.0.0.bias - torch.Size([1024]): 
The value is the same before and after calling `init_weights` of SparseDetector  
 
2026-06-16 15:08:03,500 - mmcv - INFO - 
head.onedecoder_head.layers.43.layers.1.weight - torch.Size([256, 1024]): 
Initialized by user-defined `init_weights` in SparseHead  
 
2026-06-16 15:08:03,500 - mmcv - INFO - 
head.onedecoder_head.layers.43.layers.1.bias - torch.Size([256]): 
The value is the same before and after calling `init_weights` of SparseDetector  
 
2026-06-16 15:08:03,500 - mmcv - INFO - 
head.onedecoder_head.layers.43.identity_fc.weight - torch.Size([256, 512]): 
Initialized by user-defined `init_weights` in SparseHead  
 
2026-06-16 15:08:03,500 - mmcv - INFO - 
head.onedecoder_head.layers.43.identity_fc.bias - torch.Size([256]): 
The value is the same before and after calling `init_weights` of SparseDetector  
 
2026-06-16 15:08:03,500 - mmcv - INFO - 
head.onedecoder_head.layers.44.weight - torch.Size([256]): 
The value is the same before and after calling `init_weights` of SparseDetector  
 
2026-06-16 15:08:03,500 - mmcv - INFO - 
head.onedecoder_head.layers.44.bias - torch.Size([256]): 
The value is the same before and after calling `init_weights` of SparseDetector  
 
2026-06-16 15:08:03,500 - mmcv - INFO - 
head.onedecoder_head.layers.48.attns.0.attn.in_proj_weight - torch.Size([1536, 512]): 
Initialized by user-defined `init_weights` in SparseHead  
 
2026-06-16 15:08:03,500 - mmcv - INFO - 
head.onedecoder_head.layers.48.attns.0.attn.in_proj_bias - torch.Size([1536]): 
The value is the same before and after calling `init_weights` of SparseDetector  
 
2026-06-16 15:08:03,500 - mmcv - INFO - 
head.onedecoder_head.layers.48.attns.0.attn.out_proj.weight - torch.Size([512, 512]): 
Initialized by user-defined `init_weights` in SparseHead  
 
2026-06-16 15:08:03,500 - mmcv - INFO - 
head.onedecoder_head.layers.48.attns.0.attn.out_proj.bias - torch.Size([512]): 
The value is the same before and after calling `init_weights` of SparseDetector  
 
2026-06-16 15:08:03,500 - mmcv - INFO - 
head.onedecoder_head.layers.48.attns.1.attn.in_proj_weight - torch.Size([768, 256]): 
Initialized by user-defined `init_weights` in SparseHead  
 
2026-06-16 15:08:03,500 - mmcv - INFO - 
head.onedecoder_head.layers.48.attns.1.attn.in_proj_bias - torch.Size([768]): 
The value is the same before and after calling `init_weights` of SparseDetector  
 
2026-06-16 15:08:03,500 - mmcv - INFO - 
head.onedecoder_head.layers.48.attns.1.attn.out_proj.weight - torch.Size([256, 256]): 
Initialized by user-defined `init_weights` in SparseHead  
 
2026-06-16 15:08:03,500 - mmcv - INFO - 
head.onedecoder_head.layers.48.attns.1.attn.out_proj.bias - torch.Size([256]): 
The value is the same before and after calling `init_weights` of SparseDetector  
 
2026-06-16 15:08:03,500 - mmcv - INFO - 
head.onedecoder_head.layers.48.attns.2.attn.in_proj_weight - torch.Size([768, 256]): 
Initialized by user-defined `init_weights` in SparseHead  
 
2026-06-16 15:08:03,501 - mmcv - INFO - 
head.onedecoder_head.layers.48.attns.2.attn.in_proj_bias - torch.Size([768]): 
The value is the same before and after calling `init_weights` of SparseDetector  
 
2026-06-16 15:08:03,501 - mmcv - INFO - 
head.onedecoder_head.layers.48.attns.2.attn.out_proj.weight - torch.Size([256, 256]): 
Initialized by user-defined `init_weights` in SparseHead  
 
2026-06-16 15:08:03,501 - mmcv - INFO - 
head.onedecoder_head.layers.48.attns.2.attn.out_proj.bias - torch.Size([256]): 
The value is the same before and after calling `init_weights` of SparseDetector  
 
2026-06-16 15:08:03,501 - mmcv - INFO - 
head.onedecoder_head.layers.48.attns.3.attn.in_proj_weight - torch.Size([768, 256]): 
Initialized by user-defined `init_weights` in SparseHead  
 
2026-06-16 15:08:03,501 - mmcv - INFO - 
head.onedecoder_head.layers.48.attns.3.attn.in_proj_bias - torch.Size([768]): 
The value is the same before and after calling `init_weights` of SparseDetector  
 
2026-06-16 15:08:03,501 - mmcv - INFO - 
head.onedecoder_head.layers.48.attns.3.attn.out_proj.weight - torch.Size([256, 256]): 
Initialized by user-defined `init_weights` in SparseHead  
 
2026-06-16 15:08:03,501 - mmcv - INFO - 
head.onedecoder_head.layers.48.attns.3.attn.out_proj.bias - torch.Size([256]): 
The value is the same before and after calling `init_weights` of SparseDetector  
 
2026-06-16 15:08:03,501 - mmcv - INFO - 
head.onedecoder_head.layers.49.attns.0.attn.in_proj_weight - torch.Size([1536, 512]): 
Initialized by user-defined `init_weights` in SparseHead  
 
2026-06-16 15:08:03,501 - mmcv - INFO - 
head.onedecoder_head.layers.49.attns.0.attn.in_proj_bias - torch.Size([1536]): 
The value is the same before and after calling `init_weights` of SparseDetector  
 
2026-06-16 15:08:03,501 - mmcv - INFO - 
head.onedecoder_head.layers.49.attns.0.attn.out_proj.weight - torch.Size([512, 512]): 
Initialized by user-defined `init_weights` in SparseHead  
 
2026-06-16 15:08:03,501 - mmcv - INFO - 
head.onedecoder_head.layers.49.attns.0.attn.out_proj.bias - torch.Size([512]): 
The value is the same before and after calling `init_weights` of SparseDetector  
 
2026-06-16 15:08:03,501 - mmcv - INFO - 
head.onedecoder_head.layers.49.attns.1.attn.in_proj_weight - torch.Size([768, 256]): 
Initialized by user-defined `init_weights` in SparseHead  
 
2026-06-16 15:08:03,501 - mmcv - INFO - 
head.onedecoder_head.layers.49.attns.1.attn.in_proj_bias - torch.Size([768]): 
The value is the same before and after calling `init_weights` of SparseDetector  
 
2026-06-16 15:08:03,501 - mmcv - INFO - 
head.onedecoder_head.layers.49.attns.1.attn.out_proj.weight - torch.Size([256, 256]): 
Initialized by user-defined `init_weights` in SparseHead  
 
2026-06-16 15:08:03,501 - mmcv - INFO - 
head.onedecoder_head.layers.49.attns.1.attn.out_proj.bias - torch.Size([256]): 
The value is the same before and after calling `init_weights` of SparseDetector  
 
2026-06-16 15:08:03,501 - mmcv - INFO - 
head.onedecoder_head.layers.49.attns.2.attn.in_proj_weight - torch.Size([768, 256]): 
Initialized by user-defined `init_weights` in SparseHead  
 
2026-06-16 15:08:03,501 - mmcv - INFO - 
head.onedecoder_head.layers.49.attns.2.attn.in_proj_bias - torch.Size([768]): 
The value is the same before and after calling `init_weights` of SparseDetector  
 
2026-06-16 15:08:03,501 - mmcv - INFO - 
head.onedecoder_head.layers.49.attns.2.attn.out_proj.weight - torch.Size([256, 256]): 
Initialized by user-defined `init_weights` in SparseHead  
 
2026-06-16 15:08:03,501 - mmcv - INFO - 
head.onedecoder_head.layers.49.attns.2.attn.out_proj.bias - torch.Size([256]): 
The value is the same before and after calling `init_weights` of SparseDetector  
 
2026-06-16 15:08:03,501 - mmcv - INFO - 
head.onedecoder_head.layers.50.attns.0.attn.in_proj_weight - torch.Size([768, 256]): 
Initialized by user-defined `init_weights` in SparseHead  
 
2026-06-16 15:08:03,501 - mmcv - INFO - 
head.onedecoder_head.layers.50.attns.0.attn.in_proj_bias - torch.Size([768]): 
The value is the same before and after calling `init_weights` of SparseDetector  
 
2026-06-16 15:08:03,501 - mmcv - INFO - 
head.onedecoder_head.layers.50.attns.0.attn.out_proj.weight - torch.Size([256, 256]): 
Initialized by user-defined `init_weights` in SparseHead  
 
2026-06-16 15:08:03,501 - mmcv - INFO - 
head.onedecoder_head.layers.50.attns.0.attn.out_proj.bias - torch.Size([256]): 
The value is the same before and after calling `init_weights` of SparseDetector  
 
2026-06-16 15:08:03,501 - mmcv - INFO - 
head.onedecoder_head.layers.51.weight - torch.Size([256]): 
The value is the same before and after calling `init_weights` of SparseDetector  
 
2026-06-16 15:08:03,501 - mmcv - INFO - 
head.onedecoder_head.layers.51.bias - torch.Size([256]): 
The value is the same before and after calling `init_weights` of SparseDetector  
 
2026-06-16 15:08:03,501 - mmcv - INFO - 
head.onedecoder_head.layers.55.pre_norm.weight - torch.Size([512]): 
The value is the same before and after calling `init_weights` of SparseDetector  
 
2026-06-16 15:08:03,501 - mmcv - INFO - 
head.onedecoder_head.layers.55.pre_norm.bias - torch.Size([512]): 
The value is the same before and after calling `init_weights` of SparseDetector  
 
2026-06-16 15:08:03,501 - mmcv - INFO - 
head.onedecoder_head.layers.55.layers.0.0.weight - torch.Size([1024, 512]): 
Initialized by user-defined `init_weights` in SparseHead  
 
2026-06-16 15:08:03,501 - mmcv - INFO - 
head.onedecoder_head.layers.55.layers.0.0.bias - torch.Size([1024]): 
The value is the same before and after calling `init_weights` of SparseDetector  
 
2026-06-16 15:08:03,501 - mmcv - INFO - 
head.onedecoder_head.layers.55.layers.1.weight - torch.Size([256, 1024]): 
Initialized by user-defined `init_weights` in SparseHead  
 
2026-06-16 15:08:03,501 - mmcv - INFO - 
head.onedecoder_head.layers.55.layers.1.bias - torch.Size([256]): 
The value is the same before and after calling `init_weights` of SparseDetector  
 
2026-06-16 15:08:03,501 - mmcv - INFO - 
head.onedecoder_head.layers.55.identity_fc.weight - torch.Size([256, 512]): 
Initialized by user-defined `init_weights` in SparseHead  
 
2026-06-16 15:08:03,501 - mmcv - INFO - 
head.onedecoder_head.layers.55.identity_fc.bias - torch.Size([256]): 
The value is the same before and after calling `init_weights` of SparseDetector  
 
2026-06-16 15:08:03,501 - mmcv - INFO - 
head.onedecoder_head.layers.56.weight - torch.Size([256]): 
The value is the same before and after calling `init_weights` of SparseDetector  
 
2026-06-16 15:08:03,501 - mmcv - INFO - 
head.onedecoder_head.layers.56.bias - torch.Size([256]): 
The value is the same before and after calling `init_weights` of SparseDetector  
 
2026-06-16 15:08:03,501 - mmcv - INFO - 
head.onedecoder_head.layers.60.attns.0.attn.in_proj_weight - torch.Size([1536, 512]): 
Initialized by user-defined `init_weights` in SparseHead  
 
2026-06-16 15:08:03,501 - mmcv - INFO - 
head.onedecoder_head.layers.60.attns.0.attn.in_proj_bias - torch.Size([1536]): 
The value is the same before and after calling `init_weights` of SparseDetector  
 
2026-06-16 15:08:03,502 - mmcv - INFO - 
head.onedecoder_head.layers.60.attns.0.attn.out_proj.weight - torch.Size([512, 512]): 
Initialized by user-defined `init_weights` in SparseHead  
 
2026-06-16 15:08:03,502 - mmcv - INFO - 
head.onedecoder_head.layers.60.attns.0.attn.out_proj.bias - torch.Size([512]): 
The value is the same before and after calling `init_weights` of SparseDetector  
 
2026-06-16 15:08:03,502 - mmcv - INFO - 
head.onedecoder_head.layers.60.attns.1.attn.in_proj_weight - torch.Size([768, 256]): 
Initialized by user-defined `init_weights` in SparseHead  
 
2026-06-16 15:08:03,502 - mmcv - INFO - 
head.onedecoder_head.layers.60.attns.1.attn.in_proj_bias - torch.Size([768]): 
The value is the same before and after calling `init_weights` of SparseDetector  
 
2026-06-16 15:08:03,502 - mmcv - INFO - 
head.onedecoder_head.layers.60.attns.1.attn.out_proj.weight - torch.Size([256, 256]): 
Initialized by user-defined `init_weights` in SparseHead  
 
2026-06-16 15:08:03,502 - mmcv - INFO - 
head.onedecoder_head.layers.60.attns.1.attn.out_proj.bias - torch.Size([256]): 
The value is the same before and after calling `init_weights` of SparseDetector  
 
2026-06-16 15:08:03,502 - mmcv - INFO - 
head.onedecoder_head.layers.60.attns.2.attn.in_proj_weight - torch.Size([768, 256]): 
Initialized by user-defined `init_weights` in SparseHead  
 
2026-06-16 15:08:03,502 - mmcv - INFO - 
head.onedecoder_head.layers.60.attns.2.attn.in_proj_bias - torch.Size([768]): 
The value is the same before and after calling `init_weights` of SparseDetector  
 
2026-06-16 15:08:03,502 - mmcv - INFO - 
head.onedecoder_head.layers.60.attns.2.attn.out_proj.weight - torch.Size([256, 256]): 
Initialized by user-defined `init_weights` in SparseHead  
 
2026-06-16 15:08:03,502 - mmcv - INFO - 
head.onedecoder_head.layers.60.attns.2.attn.out_proj.bias - torch.Size([256]): 
The value is the same before and after calling `init_weights` of SparseDetector  
 
2026-06-16 15:08:03,502 - mmcv - INFO - 
head.onedecoder_head.layers.60.attns.3.attn.in_proj_weight - torch.Size([768, 256]): 
Initialized by user-defined `init_weights` in SparseHead  
 
2026-06-16 15:08:03,502 - mmcv - INFO - 
head.onedecoder_head.layers.60.attns.3.attn.in_proj_bias - torch.Size([768]): 
The value is the same before and after calling `init_weights` of SparseDetector  
 
2026-06-16 15:08:03,502 - mmcv - INFO - 
head.onedecoder_head.layers.60.attns.3.attn.out_proj.weight - torch.Size([256, 256]): 
Initialized by user-defined `init_weights` in SparseHead  
 
2026-06-16 15:08:03,502 - mmcv - INFO - 
head.onedecoder_head.layers.60.attns.3.attn.out_proj.bias - torch.Size([256]): 
The value is the same before and after calling `init_weights` of SparseDetector  
 
2026-06-16 15:08:03,502 - mmcv - INFO - 
head.onedecoder_head.layers.61.attns.0.attn.in_proj_weight - torch.Size([1536, 512]): 
Initialized by user-defined `init_weights` in SparseHead  
 
2026-06-16 15:08:03,502 - mmcv - INFO - 
head.onedecoder_head.layers.61.attns.0.attn.in_proj_bias - torch.Size([1536]): 
The value is the same before and after calling `init_weights` of SparseDetector  
 
2026-06-16 15:08:03,502 - mmcv - INFO - 
head.onedecoder_head.layers.61.attns.0.attn.out_proj.weight - torch.Size([512, 512]): 
Initialized by user-defined `init_weights` in SparseHead  
 
2026-06-16 15:08:03,502 - mmcv - INFO - 
head.onedecoder_head.layers.61.attns.0.attn.out_proj.bias - torch.Size([512]): 
The value is the same before and after calling `init_weights` of SparseDetector  
 
2026-06-16 15:08:03,502 - mmcv - INFO - 
head.onedecoder_head.layers.61.attns.1.attn.in_proj_weight - torch.Size([768, 256]): 
Initialized by user-defined `init_weights` in SparseHead  
 
2026-06-16 15:08:03,502 - mmcv - INFO - 
head.onedecoder_head.layers.61.attns.1.attn.in_proj_bias - torch.Size([768]): 
The value is the same before and after calling `init_weights` of SparseDetector  
 
2026-06-16 15:08:03,502 - mmcv - INFO - 
head.onedecoder_head.layers.61.attns.1.attn.out_proj.weight - torch.Size([256, 256]): 
Initialized by user-defined `init_weights` in SparseHead  
 
2026-06-16 15:08:03,502 - mmcv - INFO - 
head.onedecoder_head.layers.61.attns.1.attn.out_proj.bias - torch.Size([256]): 
The value is the same before and after calling `init_weights` of SparseDetector  
 
2026-06-16 15:08:03,502 - mmcv - INFO - 
head.onedecoder_head.layers.61.attns.2.attn.in_proj_weight - torch.Size([768, 256]): 
Initialized by user-defined `init_weights` in SparseHead  
 
2026-06-16 15:08:03,502 - mmcv - INFO - 
head.onedecoder_head.layers.61.attns.2.attn.in_proj_bias - torch.Size([768]): 
The value is the same before and after calling `init_weights` of SparseDetector  
 
2026-06-16 15:08:03,502 - mmcv - INFO - 
head.onedecoder_head.layers.61.attns.2.attn.out_proj.weight - torch.Size([256, 256]): 
Initialized by user-defined `init_weights` in SparseHead  
 
2026-06-16 15:08:03,502 - mmcv - INFO - 
head.onedecoder_head.layers.61.attns.2.attn.out_proj.bias - torch.Size([256]): 
The value is the same before and after calling `init_weights` of SparseDetector  
 
2026-06-16 15:08:03,502 - mmcv - INFO - 
head.onedecoder_head.layers.62.attns.0.attn.in_proj_weight - torch.Size([768, 256]): 
Initialized by user-defined `init_weights` in SparseHead  
 
2026-06-16 15:08:03,502 - mmcv - INFO - 
head.onedecoder_head.layers.62.attns.0.attn.in_proj_bias - torch.Size([768]): 
The value is the same before and after calling `init_weights` of SparseDetector  
 
2026-06-16 15:08:03,502 - mmcv - INFO - 
head.onedecoder_head.layers.62.attns.0.attn.out_proj.weight - torch.Size([256, 256]): 
Initialized by user-defined `init_weights` in SparseHead  
 
2026-06-16 15:08:03,502 - mmcv - INFO - 
head.onedecoder_head.layers.62.attns.0.attn.out_proj.bias - torch.Size([256]): 
The value is the same before and after calling `init_weights` of SparseDetector  
 
2026-06-16 15:08:03,502 - mmcv - INFO - 
head.onedecoder_head.layers.63.weight - torch.Size([256]): 
The value is the same before and after calling `init_weights` of SparseDetector  
 
2026-06-16 15:08:03,502 - mmcv - INFO - 
head.onedecoder_head.layers.63.bias - torch.Size([256]): 
The value is the same before and after calling `init_weights` of SparseDetector  
 
2026-06-16 15:08:03,502 - mmcv - INFO - 
head.onedecoder_head.layers.67.pre_norm.weight - torch.Size([512]): 
The value is the same before and after calling `init_weights` of SparseDetector  
 
2026-06-16 15:08:03,502 - mmcv - INFO - 
head.onedecoder_head.layers.67.pre_norm.bias - torch.Size([512]): 
The value is the same before and after calling `init_weights` of SparseDetector  
 
2026-06-16 15:08:03,502 - mmcv - INFO - 
head.onedecoder_head.layers.67.layers.0.0.weight - torch.Size([1024, 512]): 
Initialized by user-defined `init_weights` in SparseHead  
 
2026-06-16 15:08:03,502 - mmcv - INFO - 
head.onedecoder_head.layers.67.layers.0.0.bias - torch.Size([1024]): 
The value is the same before and after calling `init_weights` of SparseDetector  
 
2026-06-16 15:08:03,502 - mmcv - INFO - 
head.onedecoder_head.layers.67.layers.1.weight - torch.Size([256, 1024]): 
Initialized by user-defined `init_weights` in SparseHead  
 
2026-06-16 15:08:03,502 - mmcv - INFO - 
head.onedecoder_head.layers.67.layers.1.bias - torch.Size([256]): 
The value is the same before and after calling `init_weights` of SparseDetector  
 
2026-06-16 15:08:03,503 - mmcv - INFO - 
head.onedecoder_head.layers.67.identity_fc.weight - torch.Size([256, 512]): 
Initialized by user-defined `init_weights` in SparseHead  
 
2026-06-16 15:08:03,503 - mmcv - INFO - 
head.onedecoder_head.layers.67.identity_fc.bias - torch.Size([256]): 
The value is the same before and after calling `init_weights` of SparseDetector  
 
2026-06-16 15:08:03,503 - mmcv - INFO - 
head.onedecoder_head.layers.68.weight - torch.Size([256]): 
The value is the same before and after calling `init_weights` of SparseDetector  
 
2026-06-16 15:08:03,503 - mmcv - INFO - 
head.onedecoder_head.layers.68.bias - torch.Size([256]): 
The value is the same before and after calling `init_weights` of SparseDetector  
 
2026-06-16 15:08:03,503 - mmcv - INFO - 
head.onedecoder_head.fc_before.weight - torch.Size([512, 256]): 
The value is the same before and after calling `init_weights` of SparseDetector  
 
2026-06-16 15:08:03,503 - mmcv - INFO - 
head.onedecoder_head.fc_after.weight - torch.Size([256, 512]): 
The value is the same before and after calling `init_weights` of SparseDetector  
 
2026-06-16 15:08:03,503 - mmcv - INFO - 
head.onedecoder_head.distance_tau.weight - torch.Size([8, 256]): 
Initialized by user-defined `init_weights` in SparseHead  
 
2026-06-16 15:08:03,503 - mmcv - INFO - 
head.onedecoder_head.distance_tau.bias - torch.Size([8]): 
Initialized by user-defined `init_weights` in SparseHead  
 
2026-06-16 15:08:03,503 - mmcv - INFO - 
depth_branch.depth_layers.0.weight - torch.Size([1, 256, 1, 1]): 
The value is the same before and after calling `init_weights` of SparseDetector  
 
2026-06-16 15:08:03,503 - mmcv - INFO - 
depth_branch.depth_layers.0.bias - torch.Size([1]): 
The value is the same before and after calling `init_weights` of SparseDetector  
 
2026-06-16 15:08:03,503 - mmcv - INFO - 
depth_branch.depth_layers.1.weight - torch.Size([1, 256, 1, 1]): 
The value is the same before and after calling `init_weights` of SparseDetector  
 
2026-06-16 15:08:03,503 - mmcv - INFO - 
depth_branch.depth_layers.1.bias - torch.Size([1]): 
The value is the same before and after calling `init_weights` of SparseDetector  
 
2026-06-16 15:08:03,503 - mmcv - INFO - 
depth_branch.depth_layers.2.weight - torch.Size([1, 256, 1, 1]): 
The value is the same before and after calling `init_weights` of SparseDetector  
 
2026-06-16 15:08:03,503 - mmcv - INFO - 
depth_branch.depth_layers.2.bias - torch.Size([1]): 
The value is the same before and after calling `init_weights` of SparseDetector  
 
2026-06-16 15:08:03,514 - mmdet - INFO - Model:
SparseDetector(
  (img_backbone): ResNet(
    (conv1): Conv2d(3, 64, kernel_size=(7, 7), stride=(2, 2), padding=(3, 3), bias=False)
    (bn1): BatchNorm2d(64, eps=1e-05, momentum=0.1, affine=True, track_running_stats=True)
    (relu): ReLU(inplace=True)
    (maxpool): MaxPool2d(kernel_size=3, stride=2, padding=1, dilation=1, ceil_mode=False)
    (layer1): ResLayer(
      (0): Bottleneck(
        (conv1): Conv2d(64, 64, kernel_size=(1, 1), stride=(1, 1), bias=False)
        (bn1): BatchNorm2d(64, eps=1e-05, momentum=0.1, affine=True, track_running_stats=True)
        (conv2): Conv2d(64, 64, kernel_size=(3, 3), stride=(1, 1), padding=(1, 1), bias=False)
        (bn2): BatchNorm2d(64, eps=1e-05, momentum=0.1, affine=True, track_running_stats=True)
        (conv3): Conv2d(64, 256, kernel_size=(1, 1), stride=(1, 1), bias=False)
        (bn3): BatchNorm2d(256, eps=1e-05, momentum=0.1, affine=True, track_running_stats=True)
        (relu): ReLU(inplace=True)
        (downsample): Sequential(
          (0): Conv2d(64, 256, kernel_size=(1, 1), stride=(1, 1), bias=False)
          (1): BatchNorm2d(256, eps=1e-05, momentum=0.1, affine=True, track_running_stats=True)
        )
      )
      (1): Bottleneck(
        (conv1): Conv2d(256, 64, kernel_size=(1, 1), stride=(1, 1), bias=False)
        (bn1): BatchNorm2d(64, eps=1e-05, momentum=0.1, affine=True, track_running_stats=True)
        (conv2): Conv2d(64, 64, kernel_size=(3, 3), stride=(1, 1), padding=(1, 1), bias=False)
        (bn2): BatchNorm2d(64, eps=1e-05, momentum=0.1, affine=True, track_running_stats=True)
        (conv3): Conv2d(64, 256, kernel_size=(1, 1), stride=(1, 1), bias=False)
        (bn3): BatchNorm2d(256, eps=1e-05, momentum=0.1, affine=True, track_running_stats=True)
        (relu): ReLU(inplace=True)
      )
      (2): Bottleneck(
        (conv1): Conv2d(256, 64, kernel_size=(1, 1), stride=(1, 1), bias=False)
        (bn1): BatchNorm2d(64, eps=1e-05, momentum=0.1, affine=True, track_running_stats=True)
        (conv2): Conv2d(64, 64, kernel_size=(3, 3), stride=(1, 1), padding=(1, 1), bias=False)
        (bn2): BatchNorm2d(64, eps=1e-05, momentum=0.1, affine=True, track_running_stats=True)
        (conv3): Conv2d(64, 256, kernel_size=(1, 1), stride=(1, 1), bias=False)
        (bn3): BatchNorm2d(256, eps=1e-05, momentum=0.1, affine=True, track_running_stats=True)
        (relu): ReLU(inplace=True)
      )
    )
    (layer2): ResLayer(
      (0): Bottleneck(
        (conv1): Conv2d(256, 128, kernel_size=(1, 1), stride=(1, 1), bias=False)
        (bn1): BatchNorm2d(128, eps=1e-05, momentum=0.1, affine=True, track_running_stats=True)
        (conv2): Conv2d(128, 128, kernel_size=(3, 3), stride=(2, 2), padding=(1, 1), bias=False)
        (bn2): BatchNorm2d(128, eps=1e-05, momentum=0.1, affine=True, track_running_stats=True)
        (conv3): Conv2d(128, 512, kernel_size=(1, 1), stride=(1, 1), bias=False)
        (bn3): BatchNorm2d(512, eps=1e-05, momentum=0.1, affine=True, track_running_stats=True)
        (relu): ReLU(inplace=True)
        (downsample): Sequential(
          (0): Conv2d(256, 512, kernel_size=(1, 1), stride=(2, 2), bias=False)
          (1): BatchNorm2d(512, eps=1e-05, momentum=0.1, affine=True, track_running_stats=True)
        )
      )
      (1): Bottleneck(
        (conv1): Conv2d(512, 128, kernel_size=(1, 1), stride=(1, 1), bias=False)
        (bn1): BatchNorm2d(128, eps=1e-05, momentum=0.1, affine=True, track_running_stats=True)
        (conv2): Conv2d(128, 128, kernel_size=(3, 3), stride=(1, 1), padding=(1, 1), bias=False)
        (bn2): BatchNorm2d(128, eps=1e-05, momentum=0.1, affine=True, track_running_stats=True)
        (conv3): Conv2d(128, 512, kernel_size=(1, 1), stride=(1, 1), bias=False)
        (bn3): BatchNorm2d(512, eps=1e-05, momentum=0.1, affine=True, track_running_stats=True)
        (relu): ReLU(inplace=True)
      )
      (2): Bottleneck(
        (conv1): Conv2d(512, 128, kernel_size=(1, 1), stride=(1, 1), bias=False)
        (bn1): BatchNorm2d(128, eps=1e-05, momentum=0.1, affine=True, track_running_stats=True)
        (conv2): Conv2d(128, 128, kernel_size=(3, 3), stride=(1, 1), padding=(1, 1), bias=False)
        (bn2): BatchNorm2d(128, eps=1e-05, momentum=0.1, affine=True, track_running_stats=True)
        (conv3): Conv2d(128, 512, kernel_size=(1, 1), stride=(1, 1), bias=False)
        (bn3): BatchNorm2d(512, eps=1e-05, momentum=0.1, affine=True, track_running_stats=True)
        (relu): ReLU(inplace=True)
      )
      (3): Bottleneck(
        (conv1): Conv2d(512, 128, kernel_size=(1, 1), stride=(1, 1), bias=False)
        (bn1): BatchNorm2d(128, eps=1e-05, momentum=0.1, affine=True, track_running_stats=True)
        (conv2): Conv2d(128, 128, kernel_size=(3, 3), stride=(1, 1), padding=(1, 1), bias=False)
        (bn2): BatchNorm2d(128, eps=1e-05, momentum=0.1, affine=True, track_running_stats=True)
        (conv3): Conv2d(128, 512, kernel_size=(1, 1), stride=(1, 1), bias=False)
        (bn3): BatchNorm2d(512, eps=1e-05, momentum=0.1, affine=True, track_running_stats=True)
        (relu): ReLU(inplace=True)
      )
    )
    (layer3): ResLayer(
      (0): Bottleneck(
        (conv1): Conv2d(512, 256, kernel_size=(1, 1), stride=(1, 1), bias=False)
        (bn1): BatchNorm2d(256, eps=1e-05, momentum=0.1, affine=True, track_running_stats=True)
        (conv2): Conv2d(256, 256, kernel_size=(3, 3), stride=(2, 2), padding=(1, 1), bias=False)
        (bn2): BatchNorm2d(256, eps=1e-05, momentum=0.1, affine=True, track_running_stats=True)
        (conv3): Conv2d(256, 1024, kernel_size=(1, 1), stride=(1, 1), bias=False)
        (bn3): BatchNorm2d(1024, eps=1e-05, momentum=0.1, affine=True, track_running_stats=True)
        (relu): ReLU(inplace=True)
        (downsample): Sequential(
          (0): Conv2d(512, 1024, kernel_size=(1, 1), stride=(2, 2), bias=False)
          (1): BatchNorm2d(1024, eps=1e-05, momentum=0.1, affine=True, track_running_stats=True)
        )
      )
      (1): Bottleneck(
        (conv1): Conv2d(1024, 256, kernel_size=(1, 1), stride=(1, 1), bias=False)
        (bn1): BatchNorm2d(256, eps=1e-05, momentum=0.1, affine=True, track_running_stats=True)
        (conv2): Conv2d(256, 256, kernel_size=(3, 3), stride=(1, 1), padding=(1, 1), bias=False)
        (bn2): BatchNorm2d(256, eps=1e-05, momentum=0.1, affine=True, track_running_stats=True)
        (conv3): Conv2d(256, 1024, kernel_size=(1, 1), stride=(1, 1), bias=False)
        (bn3): BatchNorm2d(1024, eps=1e-05, momentum=0.1, affine=True, track_running_stats=True)
        (relu): ReLU(inplace=True)
      )
      (2): Bottleneck(
        (conv1): Conv2d(1024, 256, kernel_size=(1, 1), stride=(1, 1), bias=False)
        (bn1): BatchNorm2d(256, eps=1e-05, momentum=0.1, affine=True, track_running_stats=True)
        (conv2): Conv2d(256, 256, kernel_size=(3, 3), stride=(1, 1), padding=(1, 1), bias=False)
        (bn2): BatchNorm2d(256, eps=1e-05, momentum=0.1, affine=True, track_running_stats=True)
        (conv3): Conv2d(256, 1024, kernel_size=(1, 1), stride=(1, 1), bias=False)
        (bn3): BatchNorm2d(1024, eps=1e-05, momentum=0.1, affine=True, track_running_stats=True)
        (relu): ReLU(inplace=True)
      )
      (3): Bottleneck(
        (conv1): Conv2d(1024, 256, kernel_size=(1, 1), stride=(1, 1), bias=False)
        (bn1): BatchNorm2d(256, eps=1e-05, momentum=0.1, affine=True, track_running_stats=True)
        (conv2): Conv2d(256, 256, kernel_size=(3, 3), stride=(1, 1), padding=(1, 1), bias=False)
        (bn2): BatchNorm2d(256, eps=1e-05, momentum=0.1, affine=True, track_running_stats=True)
        (conv3): Conv2d(256, 1024, kernel_size=(1, 1), stride=(1, 1), bias=False)
        (bn3): BatchNorm2d(1024, eps=1e-05, momentum=0.1, affine=True, track_running_stats=True)
        (relu): ReLU(inplace=True)
      )
      (4): Bottleneck(
        (conv1): Conv2d(1024, 256, kernel_size=(1, 1), stride=(1, 1), bias=False)
        (bn1): BatchNorm2d(256, eps=1e-05, momentum=0.1, affine=True, track_running_stats=True)
        (conv2): Conv2d(256, 256, kernel_size=(3, 3), stride=(1, 1), padding=(1, 1), bias=False)
        (bn2): BatchNorm2d(256, eps=1e-05, momentum=0.1, affine=True, track_running_stats=True)
        (conv3): Conv2d(256, 1024, kernel_size=(1, 1), stride=(1, 1), bias=False)
        (bn3): BatchNorm2d(1024, eps=1e-05, momentum=0.1, affine=True, track_running_stats=True)
        (relu): ReLU(inplace=True)
      )
      (5): Bottleneck(
        (conv1): Conv2d(1024, 256, kernel_size=(1, 1), stride=(1, 1), bias=False)
        (bn1): BatchNorm2d(256, eps=1e-05, momentum=0.1, affine=True, track_running_stats=True)
        (conv2): Conv2d(256, 256, kernel_size=(3, 3), stride=(1, 1), padding=(1, 1), bias=False)
        (bn2): BatchNorm2d(256, eps=1e-05, momentum=0.1, affine=True, track_running_stats=True)
        (conv3): Conv2d(256, 1024, kernel_size=(1, 1), stride=(1, 1), bias=False)
        (bn3): BatchNorm2d(1024, eps=1e-05, momentum=0.1, affine=True, track_running_stats=True)
        (relu): ReLU(inplace=True)
      )
    )
    (layer4): ResLayer(
      (0): Bottleneck(
        (conv1): Conv2d(1024, 512, kernel_size=(1, 1), stride=(1, 1), bias=False)
        (bn1): BatchNorm2d(512, eps=1e-05, momentum=0.1, affine=True, track_running_stats=True)
        (conv2): Conv2d(512, 512, kernel_size=(3, 3), stride=(2, 2), padding=(1, 1), bias=False)
        (bn2): BatchNorm2d(512, eps=1e-05, momentum=0.1, affine=True, track_running_stats=True)
        (conv3): Conv2d(512, 2048, kernel_size=(1, 1), stride=(1, 1), bias=False)
        (bn3): BatchNorm2d(2048, eps=1e-05, momentum=0.1, affine=True, track_running_stats=True)
        (relu): ReLU(inplace=True)
        (downsample): Sequential(
          (0): Conv2d(1024, 2048, kernel_size=(1, 1), stride=(2, 2), bias=False)
          (1): BatchNorm2d(2048, eps=1e-05, momentum=0.1, affine=True, track_running_stats=True)
        )
      )
      (1): Bottleneck(
        (conv1): Conv2d(2048, 512, kernel_size=(1, 1), stride=(1, 1), bias=False)
        (bn1): BatchNorm2d(512, eps=1e-05, momentum=0.1, affine=True, track_running_stats=True)
        (conv2): Conv2d(512, 512, kernel_size=(3, 3), stride=(1, 1), padding=(1, 1), bias=False)
        (bn2): BatchNorm2d(512, eps=1e-05, momentum=0.1, affine=True, track_running_stats=True)
        (conv3): Conv2d(512, 2048, kernel_size=(1, 1), stride=(1, 1), bias=False)
        (bn3): BatchNorm2d(2048, eps=1e-05, momentum=0.1, affine=True, track_running_stats=True)
        (relu): ReLU(inplace=True)
      )
      (2): Bottleneck(
        (conv1): Conv2d(2048, 512, kernel_size=(1, 1), stride=(1, 1), bias=False)
        (bn1): BatchNorm2d(512, eps=1e-05, momentum=0.1, affine=True, track_running_stats=True)
        (conv2): Conv2d(512, 512, kernel_size=(3, 3), stride=(1, 1), padding=(1, 1), bias=False)
        (bn2): BatchNorm2d(512, eps=1e-05, momentum=0.1, affine=True, track_running_stats=True)
        (conv3): Conv2d(512, 2048, kernel_size=(1, 1), stride=(1, 1), bias=False)
        (bn3): BatchNorm2d(2048, eps=1e-05, momentum=0.1, affine=True, track_running_stats=True)
        (relu): ReLU(inplace=True)
      )
    )
  )
  init_cfg={'type': 'Pretrained', 'checkpoint': 'ckpts/resnet50-19c8e357.pth'}
  (img_neck): FPN(
    (lateral_convs): ModuleList(
      (0): ConvModule(
        (conv): Conv2d(256, 256, kernel_size=(1, 1), stride=(1, 1))
      )
      (1): ConvModule(
        (conv): Conv2d(512, 256, kernel_size=(1, 1), stride=(1, 1))
      )
      (2): ConvModule(
        (conv): Conv2d(1024, 256, kernel_size=(1, 1), stride=(1, 1))
      )
      (3): ConvModule(
        (conv): Conv2d(2048, 256, kernel_size=(1, 1), stride=(1, 1))
      )
    )
    (fpn_convs): ModuleList(
      (0): ConvModule(
        (conv): Conv2d(256, 256, kernel_size=(3, 3), stride=(1, 1), padding=(1, 1), bias=False)
        (bn): BatchNorm2d(256, eps=1e-05, momentum=0.1, affine=True, track_running_stats=True)
      )
      (1): ConvModule(
        (conv): Conv2d(256, 256, kernel_size=(3, 3), stride=(1, 1), padding=(1, 1), bias=False)
        (bn): BatchNorm2d(256, eps=1e-05, momentum=0.1, affine=True, track_running_stats=True)
      )
      (2): ConvModule(
        (conv): Conv2d(256, 256, kernel_size=(3, 3), stride=(1, 1), padding=(1, 1), bias=False)
        (bn): BatchNorm2d(256, eps=1e-05, momentum=0.1, affine=True, track_running_stats=True)
      )
      (3): ConvModule(
        (conv): Conv2d(256, 256, kernel_size=(3, 3), stride=(1, 1), padding=(1, 1), bias=False)
        (bn): BatchNorm2d(256, eps=1e-05, momentum=0.1, affine=True, track_running_stats=True)
      )
    )
  )
  init_cfg={'type': 'Xavier', 'layer': 'Conv2d', 'distribution': 'uniform'}
  (head): SparseHead(
    (onedecoder_head): SparseOneDecoder(
      (det_instance_bank): InstanceBank(
        (anchor_handler): SparseBox3DKeyPointsGenerator()
      )
      (det_anchor_encoder): SparseBox3DEncoder(
        (pos_fc): Sequential(
          (0): Linear(in_features=3, out_features=128, bias=True)
          (1): ReLU(inplace=True)
          (2): LayerNorm((128,), eps=1e-05, elementwise_affine=True)
          (3): Linear(in_features=128, out_features=128, bias=True)
          (4): ReLU(inplace=True)
          (5): LayerNorm((128,), eps=1e-05, elementwise_affine=True)
          (6): Linear(in_features=128, out_features=128, bias=True)
          (7): ReLU(inplace=True)
          (8): LayerNorm((128,), eps=1e-05, elementwise_affine=True)
          (9): Linear(in_features=128, out_features=128, bias=True)
          (10): ReLU(inplace=True)
          (11): LayerNorm((128,), eps=1e-05, elementwise_affine=True)
        )
        (size_fc): Sequential(
          (0): Linear(in_features=3, out_features=32, bias=True)
          (1): ReLU(inplace=True)
          (2): LayerNorm((32,), eps=1e-05, elementwise_affine=True)
          (3): Linear(in_features=32, out_features=32, bias=True)
          (4): ReLU(inplace=True)
          (5): LayerNorm((32,), eps=1e-05, elementwise_affine=True)
          (6): Linear(in_features=32, out_features=32, bias=True)
          (7): ReLU(inplace=True)
          (8): LayerNorm((32,), eps=1e-05, elementwise_affine=True)
          (9): Linear(in_features=32, out_features=32, bias=True)
          (10): ReLU(inplace=True)
          (11): LayerNorm((32,), eps=1e-05, elementwise_affine=True)
        )
        (yaw_fc): Sequential(
          (0): Linear(in_features=2, out_features=32, bias=True)
          (1): ReLU(inplace=True)
          (2): LayerNorm((32,), eps=1e-05, elementwise_affine=True)
          (3): Linear(in_features=32, out_features=32, bias=True)
          (4): ReLU(inplace=True)
          (5): LayerNorm((32,), eps=1e-05, elementwise_affine=True)
          (6): Linear(in_features=32, out_features=32, bias=True)
          (7): ReLU(inplace=True)
          (8): LayerNorm((32,), eps=1e-05, elementwise_affine=True)
          (9): Linear(in_features=32, out_features=32, bias=True)
          (10): ReLU(inplace=True)
          (11): LayerNorm((32,), eps=1e-05, elementwise_affine=True)
        )
        (vel_fc): Sequential(
          (0): Linear(in_features=3, out_features=64, bias=True)
          (1): ReLU(inplace=True)
          (2): LayerNorm((64,), eps=1e-05, elementwise_affine=True)
          (3): Linear(in_features=64, out_features=64, bias=True)
          (4): ReLU(inplace=True)
          (5): LayerNorm((64,), eps=1e-05, elementwise_affine=True)
          (6): Linear(in_features=64, out_features=64, bias=True)
          (7): ReLU(inplace=True)
          (8): LayerNorm((64,), eps=1e-05, elementwise_affine=True)
          (9): Linear(in_features=64, out_features=64, bias=True)
          (10): ReLU(inplace=True)
          (11): LayerNorm((64,), eps=1e-05, elementwise_affine=True)
        )
      )
      (det_deformable): ModuleList(
        (0): DeformableFeatureAggregation(
          (proj_drop): Dropout(p=0.0, inplace=False)
          (kps_generator): SparseBox3DKeyPointsGenerator(
            (learnable_fc): Linear(in_features=256, out_features=18, bias=True)
          )
          (output_proj): Linear(in_features=256, out_features=256, bias=True)
          (camera_encoder): Sequential(
            (0): Linear(in_features=12, out_features=256, bias=True)
            (1): ReLU(inplace=True)
            (2): LayerNorm((256,), eps=1e-05, elementwise_affine=True)
            (3): Linear(in_features=256, out_features=256, bias=True)
            (4): ReLU(inplace=True)
            (5): LayerNorm((256,), eps=1e-05, elementwise_affine=True)
          )
          (weights_fc): Linear(in_features=256, out_features=416, bias=True)
        )
        (1): DeformableFeatureAggregation(
          (proj_drop): Dropout(p=0.0, inplace=False)
          (kps_generator): SparseBox3DKeyPointsGenerator(
            (learnable_fc): Linear(in_features=256, out_features=18, bias=True)
          )
          (output_proj): Linear(in_features=256, out_features=256, bias=True)
          (camera_encoder): Sequential(
            (0): Linear(in_features=12, out_features=256, bias=True)
            (1): ReLU(inplace=True)
            (2): LayerNorm((256,), eps=1e-05, elementwise_affine=True)
            (3): Linear(in_features=256, out_features=256, bias=True)
            (4): ReLU(inplace=True)
            (5): LayerNorm((256,), eps=1e-05, elementwise_affine=True)
          )
          (weights_fc): Linear(in_features=256, out_features=416, bias=True)
        )
        (2): DeformableFeatureAggregation(
          (proj_drop): Dropout(p=0.0, inplace=False)
          (kps_generator): SparseBox3DKeyPointsGenerator(
            (learnable_fc): Linear(in_features=256, out_features=18, bias=True)
          )
          (output_proj): Linear(in_features=256, out_features=256, bias=True)
          (camera_encoder): Sequential(
            (0): Linear(in_features=12, out_features=256, bias=True)
            (1): ReLU(inplace=True)
            (2): LayerNorm((256,), eps=1e-05, elementwise_affine=True)
            (3): Linear(in_features=256, out_features=256, bias=True)
            (4): ReLU(inplace=True)
            (5): LayerNorm((256,), eps=1e-05, elementwise_affine=True)
          )
          (weights_fc): Linear(in_features=256, out_features=416, bias=True)
        )
        (3): DeformableFeatureAggregation(
          (proj_drop): Dropout(p=0.0, inplace=False)
          (kps_generator): SparseBox3DKeyPointsGenerator(
            (learnable_fc): Linear(in_features=256, out_features=18, bias=True)
          )
          (output_proj): Linear(in_features=256, out_features=256, bias=True)
          (camera_encoder): Sequential(
            (0): Linear(in_features=12, out_features=256, bias=True)
            (1): ReLU(inplace=True)
            (2): LayerNorm((256,), eps=1e-05, elementwise_affine=True)
            (3): Linear(in_features=256, out_features=256, bias=True)
            (4): ReLU(inplace=True)
            (5): LayerNorm((256,), eps=1e-05, elementwise_affine=True)
          )
          (weights_fc): Linear(in_features=256, out_features=416, bias=True)
        )
        (4): DeformableFeatureAggregation(
          (proj_drop): Dropout(p=0.0, inplace=False)
          (kps_generator): SparseBox3DKeyPointsGenerator(
            (learnable_fc): Linear(in_features=256, out_features=18, bias=True)
          )
          (output_proj): Linear(in_features=256, out_features=256, bias=True)
          (camera_encoder): Sequential(
            (0): Linear(in_features=12, out_features=256, bias=True)
            (1): ReLU(inplace=True)
            (2): LayerNorm((256,), eps=1e-05, elementwise_affine=True)
            (3): Linear(in_features=256, out_features=256, bias=True)
            (4): ReLU(inplace=True)
            (5): LayerNorm((256,), eps=1e-05, elementwise_affine=True)
          )
          (weights_fc): Linear(in_features=256, out_features=416, bias=True)
        )
        (5): DeformableFeatureAggregation(
          (proj_drop): Dropout(p=0.0, inplace=False)
          (kps_generator): SparseBox3DKeyPointsGenerator(
            (learnable_fc): Linear(in_features=256, out_features=18, bias=True)
          )
          (output_proj): Linear(in_features=256, out_features=256, bias=True)
          (camera_encoder): Sequential(
            (0): Linear(in_features=12, out_features=256, bias=True)
            (1): ReLU(inplace=True)
            (2): LayerNorm((256,), eps=1e-05, elementwise_affine=True)
            (3): Linear(in_features=256, out_features=256, bias=True)
            (4): ReLU(inplace=True)
            (5): LayerNorm((256,), eps=1e-05, elementwise_affine=True)
          )
          (weights_fc): Linear(in_features=256, out_features=416, bias=True)
        )
      )
      (det_refine): ModuleList(
        (0): SparseBox3DRefinementModule(
          (layers): Sequential(
            (0): Linear(in_features=256, out_features=256, bias=True)
            (1): ReLU(inplace=True)
            (2): Linear(in_features=256, out_features=256, bias=True)
            (3): ReLU(inplace=True)
            (4): LayerNorm((256,), eps=1e-05, elementwise_affine=True)
            (5): Linear(in_features=256, out_features=256, bias=True)
            (6): ReLU(inplace=True)
            (7): Linear(in_features=256, out_features=256, bias=True)
            (8): ReLU(inplace=True)
            (9): LayerNorm((256,), eps=1e-05, elementwise_affine=True)
            (10): Linear(in_features=256, out_features=11, bias=True)
            (11): Scale()
          )
          (cls_layers): Sequential(
            (0): Linear(in_features=256, out_features=256, bias=True)
            (1): ReLU(inplace=True)
            (2): LayerNorm((256,), eps=1e-05, elementwise_affine=True)
            (3): Linear(in_features=256, out_features=256, bias=True)
            (4): ReLU(inplace=True)
            (5): LayerNorm((256,), eps=1e-05, elementwise_affine=True)
            (6): Linear(in_features=256, out_features=10, bias=True)
          )
          (quality_layers): Sequential(
            (0): Linear(in_features=256, out_features=256, bias=True)
            (1): ReLU(inplace=True)
            (2): LayerNorm((256,), eps=1e-05, elementwise_affine=True)
            (3): Linear(in_features=256, out_features=256, bias=True)
            (4): ReLU(inplace=True)
            (5): LayerNorm((256,), eps=1e-05, elementwise_affine=True)
            (6): Linear(in_features=256, out_features=2, bias=True)
          )
        )
        (1): SparseBox3DRefinementModule(
          (layers): Sequential(
            (0): Linear(in_features=256, out_features=256, bias=True)
            (1): ReLU(inplace=True)
            (2): Linear(in_features=256, out_features=256, bias=True)
            (3): ReLU(inplace=True)
            (4): LayerNorm((256,), eps=1e-05, elementwise_affine=True)
            (5): Linear(in_features=256, out_features=256, bias=True)
            (6): ReLU(inplace=True)
            (7): Linear(in_features=256, out_features=256, bias=True)
            (8): ReLU(inplace=True)
            (9): LayerNorm((256,), eps=1e-05, elementwise_affine=True)
            (10): Linear(in_features=256, out_features=11, bias=True)
            (11): Scale()
          )
          (cls_layers): Sequential(
            (0): Linear(in_features=256, out_features=256, bias=True)
            (1): ReLU(inplace=True)
            (2): LayerNorm((256,), eps=1e-05, elementwise_affine=True)
            (3): Linear(in_features=256, out_features=256, bias=True)
            (4): ReLU(inplace=True)
            (5): LayerNorm((256,), eps=1e-05, elementwise_affine=True)
            (6): Linear(in_features=256, out_features=10, bias=True)
          )
          (quality_layers): Sequential(
            (0): Linear(in_features=256, out_features=256, bias=True)
            (1): ReLU(inplace=True)
            (2): LayerNorm((256,), eps=1e-05, elementwise_affine=True)
            (3): Linear(in_features=256, out_features=256, bias=True)
            (4): ReLU(inplace=True)
            (5): LayerNorm((256,), eps=1e-05, elementwise_affine=True)
            (6): Linear(in_features=256, out_features=2, bias=True)
          )
        )
        (2): SparseBox3DRefinementModule(
          (layers): Sequential(
            (0): Linear(in_features=256, out_features=256, bias=True)
            (1): ReLU(inplace=True)
            (2): Linear(in_features=256, out_features=256, bias=True)
            (3): ReLU(inplace=True)
            (4): LayerNorm((256,), eps=1e-05, elementwise_affine=True)
            (5): Linear(in_features=256, out_features=256, bias=True)
            (6): ReLU(inplace=True)
            (7): Linear(in_features=256, out_features=256, bias=True)
            (8): ReLU(inplace=True)
            (9): LayerNorm((256,), eps=1e-05, elementwise_affine=True)
            (10): Linear(in_features=256, out_features=11, bias=True)
            (11): Scale()
          )
          (cls_layers): Sequential(
            (0): Linear(in_features=256, out_features=256, bias=True)
            (1): ReLU(inplace=True)
            (2): LayerNorm((256,), eps=1e-05, elementwise_affine=True)
            (3): Linear(in_features=256, out_features=256, bias=True)
            (4): ReLU(inplace=True)
            (5): LayerNorm((256,), eps=1e-05, elementwise_affine=True)
            (6): Linear(in_features=256, out_features=10, bias=True)
          )
          (quality_layers): Sequential(
            (0): Linear(in_features=256, out_features=256, bias=True)
            (1): ReLU(inplace=True)
            (2): LayerNorm((256,), eps=1e-05, elementwise_affine=True)
            (3): Linear(in_features=256, out_features=256, bias=True)
            (4): ReLU(inplace=True)
            (5): LayerNorm((256,), eps=1e-05, elementwise_affine=True)
            (6): Linear(in_features=256, out_features=2, bias=True)
          )
        )
        (3): SparseBox3DRefinementModule(
          (layers): Sequential(
            (0): Linear(in_features=256, out_features=256, bias=True)
            (1): ReLU(inplace=True)
            (2): Linear(in_features=256, out_features=256, bias=True)
            (3): ReLU(inplace=True)
            (4): LayerNorm((256,), eps=1e-05, elementwise_affine=True)
            (5): Linear(in_features=256, out_features=256, bias=True)
            (6): ReLU(inplace=True)
            (7): Linear(in_features=256, out_features=256, bias=True)
            (8): ReLU(inplace=True)
            (9): LayerNorm((256,), eps=1e-05, elementwise_affine=True)
            (10): Linear(in_features=256, out_features=11, bias=True)
            (11): Scale()
          )
          (cls_layers): Sequential(
            (0): Linear(in_features=256, out_features=256, bias=True)
            (1): ReLU(inplace=True)
            (2): LayerNorm((256,), eps=1e-05, elementwise_affine=True)
            (3): Linear(in_features=256, out_features=256, bias=True)
            (4): ReLU(inplace=True)
            (5): LayerNorm((256,), eps=1e-05, elementwise_affine=True)
            (6): Linear(in_features=256, out_features=10, bias=True)
          )
          (quality_layers): Sequential(
            (0): Linear(in_features=256, out_features=256, bias=True)
            (1): ReLU(inplace=True)
            (2): LayerNorm((256,), eps=1e-05, elementwise_affine=True)
            (3): Linear(in_features=256, out_features=256, bias=True)
            (4): ReLU(inplace=True)
            (5): LayerNorm((256,), eps=1e-05, elementwise_affine=True)
            (6): Linear(in_features=256, out_features=2, bias=True)
          )
        )
        (4): SparseBox3DRefinementModule(
          (layers): Sequential(
            (0): Linear(in_features=256, out_features=256, bias=True)
            (1): ReLU(inplace=True)
            (2): Linear(in_features=256, out_features=256, bias=True)
            (3): ReLU(inplace=True)
            (4): LayerNorm((256,), eps=1e-05, elementwise_affine=True)
            (5): Linear(in_features=256, out_features=256, bias=True)
            (6): ReLU(inplace=True)
            (7): Linear(in_features=256, out_features=256, bias=True)
            (8): ReLU(inplace=True)
            (9): LayerNorm((256,), eps=1e-05, elementwise_affine=True)
            (10): Linear(in_features=256, out_features=11, bias=True)
            (11): Scale()
          )
          (cls_layers): Sequential(
            (0): Linear(in_features=256, out_features=256, bias=True)
            (1): ReLU(inplace=True)
            (2): LayerNorm((256,), eps=1e-05, elementwise_affine=True)
            (3): Linear(in_features=256, out_features=256, bias=True)
            (4): ReLU(inplace=True)
            (5): LayerNorm((256,), eps=1e-05, elementwise_affine=True)
            (6): Linear(in_features=256, out_features=10, bias=True)
          )
          (quality_layers): Sequential(
            (0): Linear(in_features=256, out_features=256, bias=True)
            (1): ReLU(inplace=True)
            (2): LayerNorm((256,), eps=1e-05, elementwise_affine=True)
            (3): Linear(in_features=256, out_features=256, bias=True)
            (4): ReLU(inplace=True)
            (5): LayerNorm((256,), eps=1e-05, elementwise_affine=True)
            (6): Linear(in_features=256, out_features=2, bias=True)
          )
        )
        (5): SparseBox3DRefinementModule(
          (layers): Sequential(
            (0): Linear(in_features=256, out_features=256, bias=True)
            (1): ReLU(inplace=True)
            (2): Linear(in_features=256, out_features=256, bias=True)
            (3): ReLU(inplace=True)
            (4): LayerNorm((256,), eps=1e-05, elementwise_affine=True)
            (5): Linear(in_features=256, out_features=256, bias=True)
            (6): ReLU(inplace=True)
            (7): Linear(in_features=256, out_features=256, bias=True)
            (8): ReLU(inplace=True)
            (9): LayerNorm((256,), eps=1e-05, elementwise_affine=True)
            (10): Linear(in_features=256, out_features=11, bias=True)
            (11): Scale()
          )
          (cls_layers): Sequential(
            (0): Linear(in_features=256, out_features=256, bias=True)
            (1): ReLU(inplace=True)
            (2): LayerNorm((256,), eps=1e-05, elementwise_affine=True)
            (3): Linear(in_features=256, out_features=256, bias=True)
            (4): ReLU(inplace=True)
            (5): LayerNorm((256,), eps=1e-05, elementwise_affine=True)
            (6): Linear(in_features=256, out_features=10, bias=True)
          )
          (quality_layers): Sequential(
            (0): Linear(in_features=256, out_features=256, bias=True)
            (1): ReLU(inplace=True)
            (2): LayerNorm((256,), eps=1e-05, elementwise_affine=True)
            (3): Linear(in_features=256, out_features=256, bias=True)
            (4): ReLU(inplace=True)
            (5): LayerNorm((256,), eps=1e-05, elementwise_affine=True)
            (6): Linear(in_features=256, out_features=2, bias=True)
          )
        )
      )
      (loss_det_cls): FocalLoss()
      (loss_det_reg): SparseBox3DLoss(
        (loss_box): L1Loss()
        (loss_cns): CrossEntropyLoss(avg_non_ignore=False)
        (loss_yns): GaussianFocalLoss()
      )
      (map_instance_bank): InstanceBank(
        (anchor_handler): SparsePoint3DKeyPointsGenerator()
      )
      (map_anchor_encoder): SparsePoint3DEncoder(
        (pos_fc): Sequential(
          (0): Linear(in_features=40, out_features=256, bias=True)
          (1): ReLU(inplace=True)
          (2): LayerNorm((256,), eps=1e-05, elementwise_affine=True)
          (3): Linear(in_features=256, out_features=256, bias=True)
          (4): ReLU(inplace=True)
          (5): LayerNorm((256,), eps=1e-05, elementwise_affine=True)
        )
      )
      (map_deformable): ModuleList(
        (0): DeformableFeatureAggregation(
          (proj_drop): Dropout(p=0.0, inplace=False)
          (kps_generator): SparsePoint3DKeyPointsGenerator(
            (learnable_fc): Linear(in_features=256, out_features=600, bias=True)
          )
          (output_proj): Linear(in_features=256, out_features=256, bias=True)
          (camera_encoder): Sequential(
            (0): Linear(in_features=12, out_features=256, bias=True)
            (1): ReLU(inplace=True)
            (2): LayerNorm((256,), eps=1e-05, elementwise_affine=True)
            (3): Linear(in_features=256, out_features=256, bias=True)
            (4): ReLU(inplace=True)
            (5): LayerNorm((256,), eps=1e-05, elementwise_affine=True)
          )
          (weights_fc): Linear(in_features=256, out_features=9600, bias=True)
        )
        (1): DeformableFeatureAggregation(
          (proj_drop): Dropout(p=0.0, inplace=False)
          (kps_generator): SparsePoint3DKeyPointsGenerator(
            (learnable_fc): Linear(in_features=256, out_features=600, bias=True)
          )
          (output_proj): Linear(in_features=256, out_features=256, bias=True)
          (camera_encoder): Sequential(
            (0): Linear(in_features=12, out_features=256, bias=True)
            (1): ReLU(inplace=True)
            (2): LayerNorm((256,), eps=1e-05, elementwise_affine=True)
            (3): Linear(in_features=256, out_features=256, bias=True)
            (4): ReLU(inplace=True)
            (5): LayerNorm((256,), eps=1e-05, elementwise_affine=True)
          )
          (weights_fc): Linear(in_features=256, out_features=9600, bias=True)
        )
        (2): DeformableFeatureAggregation(
          (proj_drop): Dropout(p=0.0, inplace=False)
          (kps_generator): SparsePoint3DKeyPointsGenerator(
            (learnable_fc): Linear(in_features=256, out_features=600, bias=True)
          )
          (output_proj): Linear(in_features=256, out_features=256, bias=True)
          (camera_encoder): Sequential(
            (0): Linear(in_features=12, out_features=256, bias=True)
            (1): ReLU(inplace=True)
            (2): LayerNorm((256,), eps=1e-05, elementwise_affine=True)
            (3): Linear(in_features=256, out_features=256, bias=True)
            (4): ReLU(inplace=True)
            (5): LayerNorm((256,), eps=1e-05, elementwise_affine=True)
          )
          (weights_fc): Linear(in_features=256, out_features=9600, bias=True)
        )
        (3): DeformableFeatureAggregation(
          (proj_drop): Dropout(p=0.0, inplace=False)
          (kps_generator): SparsePoint3DKeyPointsGenerator(
            (learnable_fc): Linear(in_features=256, out_features=600, bias=True)
          )
          (output_proj): Linear(in_features=256, out_features=256, bias=True)
          (camera_encoder): Sequential(
            (0): Linear(in_features=12, out_features=256, bias=True)
            (1): ReLU(inplace=True)
            (2): LayerNorm((256,), eps=1e-05, elementwise_affine=True)
            (3): Linear(in_features=256, out_features=256, bias=True)
            (4): ReLU(inplace=True)
            (5): LayerNorm((256,), eps=1e-05, elementwise_affine=True)
          )
          (weights_fc): Linear(in_features=256, out_features=9600, bias=True)
        )
        (4): DeformableFeatureAggregation(
          (proj_drop): Dropout(p=0.0, inplace=False)
          (kps_generator): SparsePoint3DKeyPointsGenerator(
            (learnable_fc): Linear(in_features=256, out_features=600, bias=True)
          )
          (output_proj): Linear(in_features=256, out_features=256, bias=True)
          (camera_encoder): Sequential(
            (0): Linear(in_features=12, out_features=256, bias=True)
            (1): ReLU(inplace=True)
            (2): LayerNorm((256,), eps=1e-05, elementwise_affine=True)
            (3): Linear(in_features=256, out_features=256, bias=True)
            (4): ReLU(inplace=True)
            (5): LayerNorm((256,), eps=1e-05, elementwise_affine=True)
          )
          (weights_fc): Linear(in_features=256, out_features=9600, bias=True)
        )
        (5): DeformableFeatureAggregation(
          (proj_drop): Dropout(p=0.0, inplace=False)
          (kps_generator): SparsePoint3DKeyPointsGenerator(
            (learnable_fc): Linear(in_features=256, out_features=600, bias=True)
          )
          (output_proj): Linear(in_features=256, out_features=256, bias=True)
          (camera_encoder): Sequential(
            (0): Linear(in_features=12, out_features=256, bias=True)
            (1): ReLU(inplace=True)
            (2): LayerNorm((256,), eps=1e-05, elementwise_affine=True)
            (3): Linear(in_features=256, out_features=256, bias=True)
            (4): ReLU(inplace=True)
            (5): LayerNorm((256,), eps=1e-05, elementwise_affine=True)
          )
          (weights_fc): Linear(in_features=256, out_features=9600, bias=True)
        )
      )
      (map_refine): ModuleList(
        (0): SparsePoint3DRefinementModule(
          (layers): Sequential(
            (0): Linear(in_features=256, out_features=256, bias=True)
            (1): ReLU(inplace=True)
            (2): Linear(in_features=256, out_features=256, bias=True)
            (3): ReLU(inplace=True)
            (4): LayerNorm((256,), eps=1e-05, elementwise_affine=True)
            (5): Linear(in_features=256, out_features=256, bias=True)
            (6): ReLU(inplace=True)
            (7): Linear(in_features=256, out_features=256, bias=True)
            (8): ReLU(inplace=True)
            (9): LayerNorm((256,), eps=1e-05, elementwise_affine=True)
            (10): Linear(in_features=256, out_features=40, bias=True)
            (11): Scale()
          )
          (cls_layers): Sequential(
            (0): Linear(in_features=256, out_features=256, bias=True)
            (1): ReLU(inplace=True)
            (2): LayerNorm((256,), eps=1e-05, elementwise_affine=True)
            (3): Linear(in_features=256, out_features=256, bias=True)
            (4): ReLU(inplace=True)
            (5): LayerNorm((256,), eps=1e-05, elementwise_affine=True)
            (6): Linear(in_features=256, out_features=3, bias=True)
          )
        )
        (1): SparsePoint3DRefinementModule(
          (layers): Sequential(
            (0): Linear(in_features=256, out_features=256, bias=True)
            (1): ReLU(inplace=True)
            (2): Linear(in_features=256, out_features=256, bias=True)
            (3): ReLU(inplace=True)
            (4): LayerNorm((256,), eps=1e-05, elementwise_affine=True)
            (5): Linear(in_features=256, out_features=256, bias=True)
            (6): ReLU(inplace=True)
            (7): Linear(in_features=256, out_features=256, bias=True)
            (8): ReLU(inplace=True)
            (9): LayerNorm((256,), eps=1e-05, elementwise_affine=True)
            (10): Linear(in_features=256, out_features=40, bias=True)
            (11): Scale()
          )
          (cls_layers): Sequential(
            (0): Linear(in_features=256, out_features=256, bias=True)
            (1): ReLU(inplace=True)
            (2): LayerNorm((256,), eps=1e-05, elementwise_affine=True)
            (3): Linear(in_features=256, out_features=256, bias=True)
            (4): ReLU(inplace=True)
            (5): LayerNorm((256,), eps=1e-05, elementwise_affine=True)
            (6): Linear(in_features=256, out_features=3, bias=True)
          )
        )
        (2): SparsePoint3DRefinementModule(
          (layers): Sequential(
            (0): Linear(in_features=256, out_features=256, bias=True)
            (1): ReLU(inplace=True)
            (2): Linear(in_features=256, out_features=256, bias=True)
            (3): ReLU(inplace=True)
            (4): LayerNorm((256,), eps=1e-05, elementwise_affine=True)
            (5): Linear(in_features=256, out_features=256, bias=True)
            (6): ReLU(inplace=True)
            (7): Linear(in_features=256, out_features=256, bias=True)
            (8): ReLU(inplace=True)
            (9): LayerNorm((256,), eps=1e-05, elementwise_affine=True)
            (10): Linear(in_features=256, out_features=40, bias=True)
            (11): Scale()
          )
          (cls_layers): Sequential(
            (0): Linear(in_features=256, out_features=256, bias=True)
            (1): ReLU(inplace=True)
            (2): LayerNorm((256,), eps=1e-05, elementwise_affine=True)
            (3): Linear(in_features=256, out_features=256, bias=True)
            (4): ReLU(inplace=True)
            (5): LayerNorm((256,), eps=1e-05, elementwise_affine=True)
            (6): Linear(in_features=256, out_features=3, bias=True)
          )
        )
        (3): SparsePoint3DRefinementModule(
          (layers): Sequential(
            (0): Linear(in_features=256, out_features=256, bias=True)
            (1): ReLU(inplace=True)
            (2): Linear(in_features=256, out_features=256, bias=True)
            (3): ReLU(inplace=True)
            (4): LayerNorm((256,), eps=1e-05, elementwise_affine=True)
            (5): Linear(in_features=256, out_features=256, bias=True)
            (6): ReLU(inplace=True)
            (7): Linear(in_features=256, out_features=256, bias=True)
            (8): ReLU(inplace=True)
            (9): LayerNorm((256,), eps=1e-05, elementwise_affine=True)
            (10): Linear(in_features=256, out_features=40, bias=True)
            (11): Scale()
          )
          (cls_layers): Sequential(
            (0): Linear(in_features=256, out_features=256, bias=True)
            (1): ReLU(inplace=True)
            (2): LayerNorm((256,), eps=1e-05, elementwise_affine=True)
            (3): Linear(in_features=256, out_features=256, bias=True)
            (4): ReLU(inplace=True)
            (5): LayerNorm((256,), eps=1e-05, elementwise_affine=True)
            (6): Linear(in_features=256, out_features=3, bias=True)
          )
        )
        (4): SparsePoint3DRefinementModule(
          (layers): Sequential(
            (0): Linear(in_features=256, out_features=256, bias=True)
            (1): ReLU(inplace=True)
            (2): Linear(in_features=256, out_features=256, bias=True)
            (3): ReLU(inplace=True)
            (4): LayerNorm((256,), eps=1e-05, elementwise_affine=True)
            (5): Linear(in_features=256, out_features=256, bias=True)
            (6): ReLU(inplace=True)
            (7): Linear(in_features=256, out_features=256, bias=True)
            (8): ReLU(inplace=True)
            (9): LayerNorm((256,), eps=1e-05, elementwise_affine=True)
            (10): Linear(in_features=256, out_features=40, bias=True)
            (11): Scale()
          )
          (cls_layers): Sequential(
            (0): Linear(in_features=256, out_features=256, bias=True)
            (1): ReLU(inplace=True)
            (2): LayerNorm((256,), eps=1e-05, elementwise_affine=True)
            (3): Linear(in_features=256, out_features=256, bias=True)
            (4): ReLU(inplace=True)
            (5): LayerNorm((256,), eps=1e-05, elementwise_affine=True)
            (6): Linear(in_features=256, out_features=3, bias=True)
          )
        )
        (5): SparsePoint3DRefinementModule(
          (layers): Sequential(
            (0): Linear(in_features=256, out_features=256, bias=True)
            (1): ReLU(inplace=True)
            (2): Linear(in_features=256, out_features=256, bias=True)
            (3): ReLU(inplace=True)
            (4): LayerNorm((256,), eps=1e-05, elementwise_affine=True)
            (5): Linear(in_features=256, out_features=256, bias=True)
            (6): ReLU(inplace=True)
            (7): Linear(in_features=256, out_features=256, bias=True)
            (8): ReLU(inplace=True)
            (9): LayerNorm((256,), eps=1e-05, elementwise_affine=True)
            (10): Linear(in_features=256, out_features=40, bias=True)
            (11): Scale()
          )
          (cls_layers): Sequential(
            (0): Linear(in_features=256, out_features=256, bias=True)
            (1): ReLU(inplace=True)
            (2): LayerNorm((256,), eps=1e-05, elementwise_affine=True)
            (3): Linear(in_features=256, out_features=256, bias=True)
            (4): ReLU(inplace=True)
            (5): LayerNorm((256,), eps=1e-05, elementwise_affine=True)
            (6): Linear(in_features=256, out_features=3, bias=True)
          )
        )
      )
      (loss_map_cls): FocalLoss()
      (loss_map_reg): SparseLineLoss(
        (loss_line): LinesL1Loss()
      )
      (map_feature_anchor_proj): Sequential(
        (0): Linear(in_features=2, out_features=256, bias=True)
        (1): ReLU(inplace=True)
        (2): Linear(in_features=256, out_features=256, bias=True)
      )
      (map_feature_point_token_proj): Sequential(
        (0): Linear(in_features=256, out_features=256, bias=True)
        (1): ReLU(inplace=True)
        (2): Linear(in_features=256, out_features=256, bias=True)
      )
      (map_feature_point_aux_head): Sequential(
        (0): Linear(in_features=256, out_features=256, bias=True)
        (1): ReLU(inplace=True)
        (2): Linear(in_features=256, out_features=2, bias=True)
      )
      (map_feature_student_proj): Sequential(
        (0): Linear(in_features=256, out_features=256, bias=True)
      )
      (map_feature_teacher_proj): Identity()
      (ego_instance_bank): EgoInstanceBank(
        (ego_feature_encoder): Sequential(
          (0): Conv2d(256, 256, kernel_size=(3, 3), stride=(1, 1), padding=(1, 1), bias=False)
          (1): BatchNorm2d(256, eps=1e-05, momentum=0.1, affine=True, track_running_stats=True)
          (2): Conv2d(256, 256, kernel_size=(3, 3), stride=(2, 2), padding=(1, 1), bias=False)
          (3): BatchNorm2d(256, eps=1e-05, momentum=0.1, affine=True, track_running_stats=True)
          (4): ReLU()
          (5): AvgPool2d(kernel_size=(4, 11), stride=(4, 11), padding=0)
        )
        (plan_anchor_encoder): Sequential(
          (0): Linear(in_features=256, out_features=256, bias=True)
          (1): ReLU(inplace=True)
          (2): LayerNorm((256,), eps=1e-05, elementwise_affine=True)
          (3): Linear(in_features=256, out_features=256, bias=True)
        )
      )
      (ego_anchor_encoder): SparseBox3DEncoder(
        (pos_fc): Sequential(
          (0): Linear(in_features=3, out_features=128, bias=True)
          (1): ReLU(inplace=True)
          (2): LayerNorm((128,), eps=1e-05, elementwise_affine=True)
          (3): Linear(in_features=128, out_features=128, bias=True)
          (4): ReLU(inplace=True)
          (5): LayerNorm((128,), eps=1e-05, elementwise_affine=True)
          (6): Linear(in_features=128, out_features=128, bias=True)
          (7): ReLU(inplace=True)
          (8): LayerNorm((128,), eps=1e-05, elementwise_affine=True)
          (9): Linear(in_features=128, out_features=128, bias=True)
          (10): ReLU(inplace=True)
          (11): LayerNorm((128,), eps=1e-05, elementwise_affine=True)
        )
        (size_fc): Sequential(
          (0): Linear(in_features=3, out_features=32, bias=True)
          (1): ReLU(inplace=True)
          (2): LayerNorm((32,), eps=1e-05, elementwise_affine=True)
          (3): Linear(in_features=32, out_features=32, bias=True)
          (4): ReLU(inplace=True)
          (5): LayerNorm((32,), eps=1e-05, elementwise_affine=True)
          (6): Linear(in_features=32, out_features=32, bias=True)
          (7): ReLU(inplace=True)
          (8): LayerNorm((32,), eps=1e-05, elementwise_affine=True)
          (9): Linear(in_features=32, out_features=32, bias=True)
          (10): ReLU(inplace=True)
          (11): LayerNorm((32,), eps=1e-05, elementwise_affine=True)
        )
        (yaw_fc): Sequential(
          (0): Linear(in_features=2, out_features=32, bias=True)
          (1): ReLU(inplace=True)
          (2): LayerNorm((32,), eps=1e-05, elementwise_affine=True)
          (3): Linear(in_features=32, out_features=32, bias=True)
          (4): ReLU(inplace=True)
          (5): LayerNorm((32,), eps=1e-05, elementwise_affine=True)
          (6): Linear(in_features=32, out_features=32, bias=True)
          (7): ReLU(inplace=True)
          (8): LayerNorm((32,), eps=1e-05, elementwise_affine=True)
          (9): Linear(in_features=32, out_features=32, bias=True)
          (10): ReLU(inplace=True)
          (11): LayerNorm((32,), eps=1e-05, elementwise_affine=True)
        )
        (vel_fc): Sequential(
          (0): Linear(in_features=3, out_features=64, bias=True)
          (1): ReLU(inplace=True)
          (2): LayerNorm((64,), eps=1e-05, elementwise_affine=True)
          (3): Linear(in_features=64, out_features=64, bias=True)
          (4): ReLU(inplace=True)
          (5): LayerNorm((64,), eps=1e-05, elementwise_affine=True)
          (6): Linear(in_features=64, out_features=64, bias=True)
          (7): ReLU(inplace=True)
          (8): LayerNorm((64,), eps=1e-05, elementwise_affine=True)
          (9): Linear(in_features=64, out_features=64, bias=True)
          (10): ReLU(inplace=True)
          (11): LayerNorm((64,), eps=1e-05, elementwise_affine=True)
        )
      )
      (ego_deformable): ModuleList(
        (0): DeformableFeatureAggregation(
          (proj_drop): Dropout(p=0.0, inplace=False)
          (kps_generator): SparseBox3DKeyPointsGenerator(
            (learnable_fc): Linear(in_features=256, out_features=36, bias=True)
          )
          (output_proj): Linear(in_features=256, out_features=256, bias=True)
          (camera_encoder): Sequential(
            (0): Linear(in_features=12, out_features=256, bias=True)
            (1): ReLU(inplace=True)
            (2): LayerNorm((256,), eps=1e-05, elementwise_affine=True)
            (3): Linear(in_features=256, out_features=256, bias=True)
            (4): ReLU(inplace=True)
            (5): LayerNorm((256,), eps=1e-05, elementwise_affine=True)
          )
          (weights_fc): Linear(in_features=256, out_features=416, bias=True)
        )
        (1): DeformableFeatureAggregation(
          (proj_drop): Dropout(p=0.0, inplace=False)
          (kps_generator): SparseBox3DKeyPointsGenerator(
            (learnable_fc): Linear(in_features=256, out_features=36, bias=True)
          )
          (output_proj): Linear(in_features=256, out_features=256, bias=True)
          (camera_encoder): Sequential(
            (0): Linear(in_features=12, out_features=256, bias=True)
            (1): ReLU(inplace=True)
            (2): LayerNorm((256,), eps=1e-05, elementwise_affine=True)
            (3): Linear(in_features=256, out_features=256, bias=True)
            (4): ReLU(inplace=True)
            (5): LayerNorm((256,), eps=1e-05, elementwise_affine=True)
          )
          (weights_fc): Linear(in_features=256, out_features=416, bias=True)
        )
        (2): DeformableFeatureAggregation(
          (proj_drop): Dropout(p=0.0, inplace=False)
          (kps_generator): SparseBox3DKeyPointsGenerator(
            (learnable_fc): Linear(in_features=256, out_features=36, bias=True)
          )
          (output_proj): Linear(in_features=256, out_features=256, bias=True)
          (camera_encoder): Sequential(
            (0): Linear(in_features=12, out_features=256, bias=True)
            (1): ReLU(inplace=True)
            (2): LayerNorm((256,), eps=1e-05, elementwise_affine=True)
            (3): Linear(in_features=256, out_features=256, bias=True)
            (4): ReLU(inplace=True)
            (5): LayerNorm((256,), eps=1e-05, elementwise_affine=True)
          )
          (weights_fc): Linear(in_features=256, out_features=416, bias=True)
        )
        (3): DeformableFeatureAggregation(
          (proj_drop): Dropout(p=0.0, inplace=False)
          (kps_generator): SparseBox3DKeyPointsGenerator(
            (learnable_fc): Linear(in_features=256, out_features=36, bias=True)
          )
          (output_proj): Linear(in_features=256, out_features=256, bias=True)
          (camera_encoder): Sequential(
            (0): Linear(in_features=12, out_features=256, bias=True)
            (1): ReLU(inplace=True)
            (2): LayerNorm((256,), eps=1e-05, elementwise_affine=True)
            (3): Linear(in_features=256, out_features=256, bias=True)
            (4): ReLU(inplace=True)
            (5): LayerNorm((256,), eps=1e-05, elementwise_affine=True)
          )
          (weights_fc): Linear(in_features=256, out_features=416, bias=True)
        )
        (4): DeformableFeatureAggregation(
          (proj_drop): Dropout(p=0.0, inplace=False)
          (kps_generator): SparseBox3DKeyPointsGenerator(
            (learnable_fc): Linear(in_features=256, out_features=36, bias=True)
          )
          (output_proj): Linear(in_features=256, out_features=256, bias=True)
          (camera_encoder): Sequential(
            (0): Linear(in_features=12, out_features=256, bias=True)
            (1): ReLU(inplace=True)
            (2): LayerNorm((256,), eps=1e-05, elementwise_affine=True)
            (3): Linear(in_features=256, out_features=256, bias=True)
            (4): ReLU(inplace=True)
            (5): LayerNorm((256,), eps=1e-05, elementwise_affine=True)
          )
          (weights_fc): Linear(in_features=256, out_features=416, bias=True)
        )
        (5): DeformableFeatureAggregation(
          (proj_drop): Dropout(p=0.0, inplace=False)
          (kps_generator): SparseBox3DKeyPointsGenerator(
            (learnable_fc): Linear(in_features=256, out_features=36, bias=True)
          )
          (output_proj): Linear(in_features=256, out_features=256, bias=True)
          (camera_encoder): Sequential(
            (0): Linear(in_features=12, out_features=256, bias=True)
            (1): ReLU(inplace=True)
            (2): LayerNorm((256,), eps=1e-05, elementwise_affine=True)
            (3): Linear(in_features=256, out_features=256, bias=True)
            (4): ReLU(inplace=True)
            (5): LayerNorm((256,), eps=1e-05, elementwise_affine=True)
          )
          (weights_fc): Linear(in_features=256, out_features=416, bias=True)
        )
      )
      (ego_refine): ModuleList(
        (0): EgoStatusRefinementModule(
          (plan_status_branch): Sequential(
            (0): Linear(in_features=256, out_features=256, bias=True)
            (1): ReLU()
            (2): Linear(in_features=256, out_features=256, bias=True)
            (3): ReLU()
            (4): Linear(in_features=256, out_features=6, bias=True)
          )
        )
        (1): EgoStatusRefinementModule(
          (plan_status_branch): Sequential(
            (0): Linear(in_features=256, out_features=256, bias=True)
            (1): ReLU()
            (2): Linear(in_features=256, out_features=256, bias=True)
            (3): ReLU()
            (4): Linear(in_features=256, out_features=6, bias=True)
          )
        )
        (2): EgoStatusRefinementModule(
          (plan_status_branch): Sequential(
            (0): Linear(in_features=256, out_features=256, bias=True)
            (1): ReLU()
            (2): Linear(in_features=256, out_features=256, bias=True)
            (3): ReLU()
            (4): Linear(in_features=256, out_features=6, bias=True)
          )
        )
        (3): EgoStatusRefinementModule(
          (plan_status_branch): Sequential(
            (0): Linear(in_features=256, out_features=256, bias=True)
            (1): ReLU()
            (2): Linear(in_features=256, out_features=256, bias=True)
            (3): ReLU()
            (4): Linear(in_features=256, out_features=6, bias=True)
          )
        )
        (4): EgoStatusRefinementModule(
          (plan_status_branch): Sequential(
            (0): Linear(in_features=256, out_features=256, bias=True)
            (1): ReLU()
            (2): Linear(in_features=256, out_features=256, bias=True)
            (3): ReLU()
            (4): Linear(in_features=256, out_features=6, bias=True)
          )
        )
        (5): EgoStatusRefinementModule(
          (plan_status_branch): Sequential(
            (0): Linear(in_features=256, out_features=256, bias=True)
            (1): ReLU()
            (2): Linear(in_features=256, out_features=256, bias=True)
            (3): ReLU()
            (4): Linear(in_features=256, out_features=6, bias=True)
          )
        )
      )
      (loss_ego_status): L1Loss()
      (plan_instance_bank): PlanningInstanceBank(
        (plan_feature_encoder): Sequential(
          (0): Conv2d(256, 256, kernel_size=(3, 3), stride=(1, 1), padding=(1, 1), bias=False)
          (1): BatchNorm2d(256, eps=1e-05, momentum=0.1, affine=True, track_running_stats=True)
          (2): Conv2d(256, 256, kernel_size=(3, 3), stride=(2, 2), padding=(1, 1), bias=False)
          (3): BatchNorm2d(256, eps=1e-05, momentum=0.1, affine=True, track_running_stats=True)
          (4): ReLU()
          (5): AvgPool2d(kernel_size=(4, 11), stride=(4, 11), padding=0)
        )
      )
      (plan_anchor_encoder): SparsePoint3DEncoder(
        (pos_fc): Sequential(
          (0): Linear(in_features=12, out_features=256, bias=True)
          (1): ReLU(inplace=True)
          (2): LayerNorm((256,), eps=1e-05, elementwise_affine=True)
          (3): Linear(in_features=256, out_features=256, bias=True)
          (4): ReLU(inplace=True)
          (5): LayerNorm((256,), eps=1e-05, elementwise_affine=True)
        )
      )
      (plan_deformable): ModuleList(
        (0): DeformableFeatureAggregation(
          (proj_drop): Dropout(p=0.0, inplace=False)
          (kps_generator): SparsePoint3DKeyPointsGenerator(
            (learnable_fc): Linear(in_features=256, out_features=180, bias=True)
          )
          (output_proj): Linear(in_features=256, out_features=256, bias=True)
          (camera_encoder): Sequential(
            (0): Linear(in_features=12, out_features=256, bias=True)
            (1): ReLU(inplace=True)
            (2): LayerNorm((256,), eps=1e-05, elementwise_affine=True)
            (3): Linear(in_features=256, out_features=256, bias=True)
            (4): ReLU(inplace=True)
            (5): LayerNorm((256,), eps=1e-05, elementwise_affine=True)
          )
          (weights_fc): Linear(in_features=256, out_features=2880, bias=True)
        )
        (1): DeformableFeatureAggregation(
          (proj_drop): Dropout(p=0.0, inplace=False)
          (kps_generator): SparsePoint3DKeyPointsGenerator(
            (learnable_fc): Linear(in_features=256, out_features=180, bias=True)
          )
          (output_proj): Linear(in_features=256, out_features=256, bias=True)
          (camera_encoder): Sequential(
            (0): Linear(in_features=12, out_features=256, bias=True)
            (1): ReLU(inplace=True)
            (2): LayerNorm((256,), eps=1e-05, elementwise_affine=True)
            (3): Linear(in_features=256, out_features=256, bias=True)
            (4): ReLU(inplace=True)
            (5): LayerNorm((256,), eps=1e-05, elementwise_affine=True)
          )
          (weights_fc): Linear(in_features=256, out_features=2880, bias=True)
        )
        (2): DeformableFeatureAggregation(
          (proj_drop): Dropout(p=0.0, inplace=False)
          (kps_generator): SparsePoint3DKeyPointsGenerator(
            (learnable_fc): Linear(in_features=256, out_features=180, bias=True)
          )
          (output_proj): Linear(in_features=256, out_features=256, bias=True)
          (camera_encoder): Sequential(
            (0): Linear(in_features=12, out_features=256, bias=True)
            (1): ReLU(inplace=True)
            (2): LayerNorm((256,), eps=1e-05, elementwise_affine=True)
            (3): Linear(in_features=256, out_features=256, bias=True)
            (4): ReLU(inplace=True)
            (5): LayerNorm((256,), eps=1e-05, elementwise_affine=True)
          )
          (weights_fc): Linear(in_features=256, out_features=2880, bias=True)
        )
        (3): DeformableFeatureAggregation(
          (proj_drop): Dropout(p=0.0, inplace=False)
          (kps_generator): SparsePoint3DKeyPointsGenerator(
            (learnable_fc): Linear(in_features=256, out_features=180, bias=True)
          )
          (output_proj): Linear(in_features=256, out_features=256, bias=True)
          (camera_encoder): Sequential(
            (0): Linear(in_features=12, out_features=256, bias=True)
            (1): ReLU(inplace=True)
            (2): LayerNorm((256,), eps=1e-05, elementwise_affine=True)
            (3): Linear(in_features=256, out_features=256, bias=True)
            (4): ReLU(inplace=True)
            (5): LayerNorm((256,), eps=1e-05, elementwise_affine=True)
          )
          (weights_fc): Linear(in_features=256, out_features=2880, bias=True)
        )
        (4): DeformableFeatureAggregation(
          (proj_drop): Dropout(p=0.0, inplace=False)
          (kps_generator): SparsePoint3DKeyPointsGenerator(
            (learnable_fc): Linear(in_features=256, out_features=180, bias=True)
          )
          (output_proj): Linear(in_features=256, out_features=256, bias=True)
          (camera_encoder): Sequential(
            (0): Linear(in_features=12, out_features=256, bias=True)
            (1): ReLU(inplace=True)
            (2): LayerNorm((256,), eps=1e-05, elementwise_affine=True)
            (3): Linear(in_features=256, out_features=256, bias=True)
            (4): ReLU(inplace=True)
            (5): LayerNorm((256,), eps=1e-05, elementwise_affine=True)
          )
          (weights_fc): Linear(in_features=256, out_features=2880, bias=True)
        )
        (5): DeformableFeatureAggregation(
          (proj_drop): Dropout(p=0.0, inplace=False)
          (kps_generator): SparsePoint3DKeyPointsGenerator(
            (learnable_fc): Linear(in_features=256, out_features=180, bias=True)
          )
          (output_proj): Linear(in_features=256, out_features=256, bias=True)
          (camera_encoder): Sequential(
            (0): Linear(in_features=12, out_features=256, bias=True)
            (1): ReLU(inplace=True)
            (2): LayerNorm((256,), eps=1e-05, elementwise_affine=True)
            (3): Linear(in_features=256, out_features=256, bias=True)
            (4): ReLU(inplace=True)
            (5): LayerNorm((256,), eps=1e-05, elementwise_affine=True)
          )
          (weights_fc): Linear(in_features=256, out_features=2880, bias=True)
        )
      )
      (plan_refine): ModuleList(
        (0): SparsePlanAlignRefinementModule(
          (plan_cls_branch): Sequential(
            (0): Linear(in_features=256, out_features=256, bias=True)
            (1): ReLU(inplace=True)
            (2): LayerNorm((256,), eps=1e-05, elementwise_affine=True)
            (3): Linear(in_features=256, out_features=256, bias=True)
            (4): ReLU(inplace=True)
            (5): LayerNorm((256,), eps=1e-05, elementwise_affine=True)
            (6): Linear(in_features=256, out_features=1, bias=True)
          )
          (plan_reg_branch_temp_2hz): Sequential(
            (0): Linear(in_features=256, out_features=256, bias=True)
            (1): ReLU(inplace=True)
            (2): Linear(in_features=256, out_features=256, bias=True)
            (3): ReLU(inplace=True)
            (4): LayerNorm((256,), eps=1e-05, elementwise_affine=True)
            (5): Linear(in_features=256, out_features=256, bias=True)
            (6): ReLU(inplace=True)
            (7): Linear(in_features=256, out_features=256, bias=True)
            (8): ReLU(inplace=True)
            (9): LayerNorm((256,), eps=1e-05, elementwise_affine=True)
            (10): Linear(in_features=256, out_features=12, bias=True)
            (11): Scale()
          )
        )
        (1): SparsePlanAlignRefinementModule(
          (plan_cls_branch): Sequential(
            (0): Linear(in_features=256, out_features=256, bias=True)
            (1): ReLU(inplace=True)
            (2): LayerNorm((256,), eps=1e-05, elementwise_affine=True)
            (3): Linear(in_features=256, out_features=256, bias=True)
            (4): ReLU(inplace=True)
            (5): LayerNorm((256,), eps=1e-05, elementwise_affine=True)
            (6): Linear(in_features=256, out_features=1, bias=True)
          )
          (plan_reg_branch_temp_2hz): Sequential(
            (0): Linear(in_features=256, out_features=256, bias=True)
            (1): ReLU(inplace=True)
            (2): Linear(in_features=256, out_features=256, bias=True)
            (3): ReLU(inplace=True)
            (4): LayerNorm((256,), eps=1e-05, elementwise_affine=True)
            (5): Linear(in_features=256, out_features=256, bias=True)
            (6): ReLU(inplace=True)
            (7): Linear(in_features=256, out_features=256, bias=True)
            (8): ReLU(inplace=True)
            (9): LayerNorm((256,), eps=1e-05, elementwise_affine=True)
            (10): Linear(in_features=256, out_features=12, bias=True)
            (11): Scale()
          )
        )
        (2): SparsePlanAlignRefinementModule(
          (plan_cls_branch): Sequential(
            (0): Linear(in_features=256, out_features=256, bias=True)
            (1): ReLU(inplace=True)
            (2): LayerNorm((256,), eps=1e-05, elementwise_affine=True)
            (3): Linear(in_features=256, out_features=256, bias=True)
            (4): ReLU(inplace=True)
            (5): LayerNorm((256,), eps=1e-05, elementwise_affine=True)
            (6): Linear(in_features=256, out_features=1, bias=True)
          )
          (plan_reg_branch_temp_2hz): Sequential(
            (0): Linear(in_features=256, out_features=256, bias=True)
            (1): ReLU(inplace=True)
            (2): Linear(in_features=256, out_features=256, bias=True)
            (3): ReLU(inplace=True)
            (4): LayerNorm((256,), eps=1e-05, elementwise_affine=True)
            (5): Linear(in_features=256, out_features=256, bias=True)
            (6): ReLU(inplace=True)
            (7): Linear(in_features=256, out_features=256, bias=True)
            (8): ReLU(inplace=True)
            (9): LayerNorm((256,), eps=1e-05, elementwise_affine=True)
            (10): Linear(in_features=256, out_features=12, bias=True)
            (11): Scale()
          )
        )
        (3): SparsePlanAlignRefinementModule(
          (plan_cls_branch): Sequential(
            (0): Linear(in_features=256, out_features=256, bias=True)
            (1): ReLU(inplace=True)
            (2): LayerNorm((256,), eps=1e-05, elementwise_affine=True)
            (3): Linear(in_features=256, out_features=256, bias=True)
            (4): ReLU(inplace=True)
            (5): LayerNorm((256,), eps=1e-05, elementwise_affine=True)
            (6): Linear(in_features=256, out_features=1, bias=True)
          )
          (plan_reg_branch_temp_2hz): Sequential(
            (0): Linear(in_features=256, out_features=256, bias=True)
            (1): ReLU(inplace=True)
            (2): Linear(in_features=256, out_features=256, bias=True)
            (3): ReLU(inplace=True)
            (4): LayerNorm((256,), eps=1e-05, elementwise_affine=True)
            (5): Linear(in_features=256, out_features=256, bias=True)
            (6): ReLU(inplace=True)
            (7): Linear(in_features=256, out_features=256, bias=True)
            (8): ReLU(inplace=True)
            (9): LayerNorm((256,), eps=1e-05, elementwise_affine=True)
            (10): Linear(in_features=256, out_features=12, bias=True)
            (11): Scale()
          )
        )
        (4): SparsePlanAlignRefinementModule(
          (plan_cls_branch): Sequential(
            (0): Linear(in_features=256, out_features=256, bias=True)
            (1): ReLU(inplace=True)
            (2): LayerNorm((256,), eps=1e-05, elementwise_affine=True)
            (3): Linear(in_features=256, out_features=256, bias=True)
            (4): ReLU(inplace=True)
            (5): LayerNorm((256,), eps=1e-05, elementwise_affine=True)
            (6): Linear(in_features=256, out_features=1, bias=True)
          )
          (plan_reg_branch_temp_2hz): Sequential(
            (0): Linear(in_features=256, out_features=256, bias=True)
            (1): ReLU(inplace=True)
            (2): Linear(in_features=256, out_features=256, bias=True)
            (3): ReLU(inplace=True)
            (4): LayerNorm((256,), eps=1e-05, elementwise_affine=True)
            (5): Linear(in_features=256, out_features=256, bias=True)
            (6): ReLU(inplace=True)
            (7): Linear(in_features=256, out_features=256, bias=True)
            (8): ReLU(inplace=True)
            (9): LayerNorm((256,), eps=1e-05, elementwise_affine=True)
            (10): Linear(in_features=256, out_features=12, bias=True)
            (11): Scale()
          )
        )
        (5): SparsePlanAlignRefinementModule(
          (plan_cls_branch): Sequential(
            (0): Linear(in_features=256, out_features=256, bias=True)
            (1): ReLU(inplace=True)
            (2): LayerNorm((256,), eps=1e-05, elementwise_affine=True)
            (3): Linear(in_features=256, out_features=256, bias=True)
            (4): ReLU(inplace=True)
            (5): LayerNorm((256,), eps=1e-05, elementwise_affine=True)
            (6): Linear(in_features=256, out_features=1, bias=True)
          )
          (plan_reg_branch_temp_2hz): Sequential(
            (0): Linear(in_features=256, out_features=256, bias=True)
            (1): ReLU(inplace=True)
            (2): Linear(in_features=256, out_features=256, bias=True)
            (3): ReLU(inplace=True)
            (4): LayerNorm((256,), eps=1e-05, elementwise_affine=True)
            (5): Linear(in_features=256, out_features=256, bias=True)
            (6): ReLU(inplace=True)
            (7): Linear(in_features=256, out_features=256, bias=True)
            (8): ReLU(inplace=True)
            (9): LayerNorm((256,), eps=1e-05, elementwise_affine=True)
            (10): Linear(in_features=256, out_features=12, bias=True)
            (11): Scale()
          )
        )
      )
      (loss_plan_cls): FocalLoss()
      (loss_plan_reg): L1Loss()
      (command_embed_encoder): Sequential(
        (0): Linear(in_features=3, out_features=256, bias=True)
        (1): ReLU(inplace=True)
        (2): Linear(in_features=256, out_features=256, bias=True)
        (3): ReLU(inplace=True)
        (4): LayerNorm((256,), eps=1e-05, elementwise_affine=True)
        (5): Linear(in_features=256, out_features=256, bias=True)
      )
      (motion_anchor_encoder): Sequential(
        (0): Linear(in_features=256, out_features=256, bias=True)
        (1): ReLU(inplace=True)
        (2): LayerNorm((256,), eps=1e-05, elementwise_affine=True)
        (3): Linear(in_features=256, out_features=256, bias=True)
      )
      (motion_refine): ModuleList(
        (0): SparseMotionRefinementModule(
          (motion_cls_branch): Sequential(
            (0): Linear(in_features=256, out_features=256, bias=True)
            (1): ReLU(inplace=True)
            (2): LayerNorm((256,), eps=1e-05, elementwise_affine=True)
            (3): Linear(in_features=256, out_features=256, bias=True)
            (4): ReLU(inplace=True)
            (5): LayerNorm((256,), eps=1e-05, elementwise_affine=True)
            (6): Linear(in_features=256, out_features=1, bias=True)
          )
          (motion_reg_branch): Sequential(
            (0): Linear(in_features=256, out_features=256, bias=True)
            (1): ReLU()
            (2): Linear(in_features=256, out_features=256, bias=True)
            (3): ReLU()
            (4): Linear(in_features=256, out_features=24, bias=True)
          )
        )
        (1): SparseMotionRefinementModule(
          (motion_cls_branch): Sequential(
            (0): Linear(in_features=256, out_features=256, bias=True)
            (1): ReLU(inplace=True)
            (2): LayerNorm((256,), eps=1e-05, elementwise_affine=True)
            (3): Linear(in_features=256, out_features=256, bias=True)
            (4): ReLU(inplace=True)
            (5): LayerNorm((256,), eps=1e-05, elementwise_affine=True)
            (6): Linear(in_features=256, out_features=1, bias=True)
          )
          (motion_reg_branch): Sequential(
            (0): Linear(in_features=256, out_features=256, bias=True)
            (1): ReLU()
            (2): Linear(in_features=256, out_features=256, bias=True)
            (3): ReLU()
            (4): Linear(in_features=256, out_features=24, bias=True)
          )
        )
        (2): SparseMotionRefinementModule(
          (motion_cls_branch): Sequential(
            (0): Linear(in_features=256, out_features=256, bias=True)
            (1): ReLU(inplace=True)
            (2): LayerNorm((256,), eps=1e-05, elementwise_affine=True)
            (3): Linear(in_features=256, out_features=256, bias=True)
            (4): ReLU(inplace=True)
            (5): LayerNorm((256,), eps=1e-05, elementwise_affine=True)
            (6): Linear(in_features=256, out_features=1, bias=True)
          )
          (motion_reg_branch): Sequential(
            (0): Linear(in_features=256, out_features=256, bias=True)
            (1): ReLU()
            (2): Linear(in_features=256, out_features=256, bias=True)
            (3): ReLU()
            (4): Linear(in_features=256, out_features=24, bias=True)
          )
        )
        (3): SparseMotionRefinementModule(
          (motion_cls_branch): Sequential(
            (0): Linear(in_features=256, out_features=256, bias=True)
            (1): ReLU(inplace=True)
            (2): LayerNorm((256,), eps=1e-05, elementwise_affine=True)
            (3): Linear(in_features=256, out_features=256, bias=True)
            (4): ReLU(inplace=True)
            (5): LayerNorm((256,), eps=1e-05, elementwise_affine=True)
            (6): Linear(in_features=256, out_features=1, bias=True)
          )
          (motion_reg_branch): Sequential(
            (0): Linear(in_features=256, out_features=256, bias=True)
            (1): ReLU()
            (2): Linear(in_features=256, out_features=256, bias=True)
            (3): ReLU()
            (4): Linear(in_features=256, out_features=24, bias=True)
          )
        )
        (4): SparseMotionRefinementModule(
          (motion_cls_branch): Sequential(
            (0): Linear(in_features=256, out_features=256, bias=True)
            (1): ReLU(inplace=True)
            (2): LayerNorm((256,), eps=1e-05, elementwise_affine=True)
            (3): Linear(in_features=256, out_features=256, bias=True)
            (4): ReLU(inplace=True)
            (5): LayerNorm((256,), eps=1e-05, elementwise_affine=True)
            (6): Linear(in_features=256, out_features=1, bias=True)
          )
          (motion_reg_branch): Sequential(
            (0): Linear(in_features=256, out_features=256, bias=True)
            (1): ReLU()
            (2): Linear(in_features=256, out_features=256, bias=True)
            (3): ReLU()
            (4): Linear(in_features=256, out_features=24, bias=True)
          )
        )
        (5): SparseMotionRefinementModule(
          (motion_cls_branch): Sequential(
            (0): Linear(in_features=256, out_features=256, bias=True)
            (1): ReLU(inplace=True)
            (2): LayerNorm((256,), eps=1e-05, elementwise_affine=True)
            (3): Linear(in_features=256, out_features=256, bias=True)
            (4): ReLU(inplace=True)
            (5): LayerNorm((256,), eps=1e-05, elementwise_affine=True)
            (6): Linear(in_features=256, out_features=1, bias=True)
          )
          (motion_reg_branch): Sequential(
            (0): Linear(in_features=256, out_features=256, bias=True)
            (1): ReLU()
            (2): Linear(in_features=256, out_features=256, bias=True)
            (3): ReLU()
            (4): Linear(in_features=256, out_features=24, bias=True)
          )
        )
      )
      (loss_motion_cls): FocalLoss()
      (loss_motion_reg): L1Loss()
      (layers): ModuleList(
        (0): CustomOperation(
          (identity): Identity()
        )
        (1): SeparateAttention(
          (attns): Sequential(
            (0): MultiheadFlashAttention(
              (attn): FlashMHA(
                (inner_attn): FlashAttention()
                (out_proj): Linear(in_features=512, out_features=512, bias=True)
              )
              (proj_drop): Dropout(p=0.0, inplace=False)
              (dropout_layer): Dropout(p=0.1, inplace=False)
            )
            (1): MultiheadFlashAttention(
              (attn): FlashMHA(
                (inner_attn): FlashAttention()
                (out_proj): Linear(in_features=256, out_features=256, bias=True)
              )
              (proj_drop): Dropout(p=0.0, inplace=False)
              (dropout_layer): Dropout(p=0.1, inplace=False)
            )
            (2): MultiheadFlashAttention(
              (attn): FlashMHA(
                (inner_attn): FlashAttention()
                (out_proj): Linear(in_features=256, out_features=256, bias=True)
              )
              (proj_drop): Dropout(p=0.0, inplace=False)
              (dropout_layer): Dropout(p=0.1, inplace=False)
            )
          )
        )
        (2): SeparateAttention(
          (attns): Sequential(
            (0): MultiheadFlashAttention(
              (attn): FlashMHA(
                (inner_attn): FlashAttention()
                (out_proj): Linear(in_features=256, out_features=256, bias=True)
              )
              (proj_drop): Dropout(p=0.0, inplace=False)
              (dropout_layer): Dropout(p=0.1, inplace=False)
            )
          )
        )
        (3): LayerNorm((256,), eps=1e-05, elementwise_affine=True)
        (4): CustomOperation(
          (identity): Identity()
        )
        (5): CustomOperation(
          (identity): Identity()
        )
        (6): CustomOperation(
          (identity): Identity()
        )
        (7): AsymmetricFFN(
          (activate): ReLU(inplace=True)
          (pre_norm): LayerNorm((512,), eps=1e-05, elementwise_affine=True)
          (layers): Sequential(
            (0): Sequential(
              (0): Linear(in_features=512, out_features=1024, bias=True)
              (1): ReLU(inplace=True)
              (2): Dropout(p=0.1, inplace=False)
            )
            (1): Linear(in_features=1024, out_features=256, bias=True)
            (2): Dropout(p=0.1, inplace=False)
          )
          (dropout_layer): Identity()
          (identity_fc): Linear(in_features=512, out_features=256, bias=True)
        )
        (8): LayerNorm((256,), eps=1e-05, elementwise_affine=True)
        (9): CustomOperation(
          (identity): Identity()
        )
        (10): CustomOperation(
          (identity): Identity()
        )
        (11): CustomOperation(
          (identity): Identity()
        )
        (12): TemporalSeparateAttention(
          (attns): Sequential(
            (0): MultiheadFlashAttention(
              (attn): FlashMHA(
                (inner_attn): FlashAttention()
                (out_proj): Linear(in_features=512, out_features=512, bias=True)
              )
              (proj_drop): Dropout(p=0.0, inplace=False)
              (dropout_layer): Dropout(p=0.1, inplace=False)
            )
            (1): MultiheadFlashAttention(
              (attn): FlashMHA(
                (inner_attn): FlashAttention()
                (out_proj): Linear(in_features=256, out_features=256, bias=True)
              )
              (proj_drop): Dropout(p=0.0, inplace=False)
              (dropout_layer): Dropout(p=0.1, inplace=False)
            )
            (2): MultiheadFlashAttention(
              (attn): FlashMHA(
                (inner_attn): FlashAttention()
                (out_proj): Linear(in_features=256, out_features=256, bias=True)
              )
              (proj_drop): Dropout(p=0.0, inplace=False)
              (dropout_layer): Dropout(p=0.1, inplace=False)
            )
            (3): MultiheadFlashAttention(
              (attn): FlashMHA(
                (inner_attn): FlashAttention()
                (out_proj): Linear(in_features=256, out_features=256, bias=True)
              )
              (proj_drop): Dropout(p=0.0, inplace=False)
              (dropout_layer): Dropout(p=0.1, inplace=False)
            )
          )
        )
        (13): SeparateAttention(
          (attns): Sequential(
            (0): MultiheadFlashAttention(
              (attn): FlashMHA(
                (inner_attn): FlashAttention()
                (out_proj): Linear(in_features=512, out_features=512, bias=True)
              )
              (proj_drop): Dropout(p=0.0, inplace=False)
              (dropout_layer): Dropout(p=0.1, inplace=False)
            )
            (1): MultiheadFlashAttention(
              (attn): FlashMHA(
                (inner_attn): FlashAttention()
                (out_proj): Linear(in_features=256, out_features=256, bias=True)
              )
              (proj_drop): Dropout(p=0.0, inplace=False)
              (dropout_layer): Dropout(p=0.1, inplace=False)
            )
            (2): MultiheadFlashAttention(
              (attn): FlashMHA(
                (inner_attn): FlashAttention()
                (out_proj): Linear(in_features=256, out_features=256, bias=True)
              )
              (proj_drop): Dropout(p=0.0, inplace=False)
              (dropout_layer): Dropout(p=0.1, inplace=False)
            )
          )
        )
        (14): SeparateAttention(
          (attns): Sequential(
            (0): MultiheadFlashAttention(
              (attn): FlashMHA(
                (inner_attn): FlashAttention()
                (out_proj): Linear(in_features=256, out_features=256, bias=True)
              )
              (proj_drop): Dropout(p=0.0, inplace=False)
              (dropout_layer): Dropout(p=0.1, inplace=False)
            )
          )
        )
        (15): LayerNorm((256,), eps=1e-05, elementwise_affine=True)
        (16): CustomOperation(
          (identity): Identity()
        )
        (17): CustomOperation(
          (identity): Identity()
        )
        (18): CustomOperation(
          (identity): Identity()
        )
        (19): AsymmetricFFN(
          (activate): ReLU(inplace=True)
          (pre_norm): LayerNorm((512,), eps=1e-05, elementwise_affine=True)
          (layers): Sequential(
            (0): Sequential(
              (0): Linear(in_features=512, out_features=1024, bias=True)
              (1): ReLU(inplace=True)
              (2): Dropout(p=0.1, inplace=False)
            )
            (1): Linear(in_features=1024, out_features=256, bias=True)
            (2): Dropout(p=0.1, inplace=False)
          )
          (dropout_layer): Identity()
          (identity_fc): Linear(in_features=512, out_features=256, bias=True)
        )
        (20): LayerNorm((256,), eps=1e-05, elementwise_affine=True)
        (21): CustomOperation(
          (identity): Identity()
        )
        (22): CustomOperation(
          (identity): Identity()
        )
        (23): CustomOperation(
          (identity): Identity()
        )
        (24): TemporalSeparateAttention(
          (attns): Sequential(
            (0): MultiheadFlashAttention(
              (attn): FlashMHA(
                (inner_attn): FlashAttention()
                (out_proj): Linear(in_features=512, out_features=512, bias=True)
              )
              (proj_drop): Dropout(p=0.0, inplace=False)
              (dropout_layer): Dropout(p=0.1, inplace=False)
            )
            (1): MultiheadFlashAttention(
              (attn): FlashMHA(
                (inner_attn): FlashAttention()
                (out_proj): Linear(in_features=256, out_features=256, bias=True)
              )
              (proj_drop): Dropout(p=0.0, inplace=False)
              (dropout_layer): Dropout(p=0.1, inplace=False)
            )
            (2): MultiheadFlashAttention(
              (attn): FlashMHA(
                (inner_attn): FlashAttention()
                (out_proj): Linear(in_features=256, out_features=256, bias=True)
              )
              (proj_drop): Dropout(p=0.0, inplace=False)
              (dropout_layer): Dropout(p=0.1, inplace=False)
            )
            (3): MultiheadFlashAttention(
              (attn): FlashMHA(
                (inner_attn): FlashAttention()
                (out_proj): Linear(in_features=256, out_features=256, bias=True)
              )
              (proj_drop): Dropout(p=0.0, inplace=False)
              (dropout_layer): Dropout(p=0.1, inplace=False)
            )
          )
        )
        (25): SeparateAttention(
          (attns): Sequential(
            (0): MultiheadFlashAttention(
              (attn): FlashMHA(
                (inner_attn): FlashAttention()
                (out_proj): Linear(in_features=512, out_features=512, bias=True)
              )
              (proj_drop): Dropout(p=0.0, inplace=False)
              (dropout_layer): Dropout(p=0.1, inplace=False)
            )
            (1): MultiheadFlashAttention(
              (attn): FlashMHA(
                (inner_attn): FlashAttention()
                (out_proj): Linear(in_features=256, out_features=256, bias=True)
              )
              (proj_drop): Dropout(p=0.0, inplace=False)
              (dropout_layer): Dropout(p=0.1, inplace=False)
            )
            (2): MultiheadFlashAttention(
              (attn): FlashMHA(
                (inner_attn): FlashAttention()
                (out_proj): Linear(in_features=256, out_features=256, bias=True)
              )
              (proj_drop): Dropout(p=0.0, inplace=False)
              (dropout_layer): Dropout(p=0.1, inplace=False)
            )
          )
        )
        (26): SeparateAttention(
          (attns): Sequential(
            (0): MultiheadFlashAttention(
              (attn): FlashMHA(
                (inner_attn): FlashAttention()
                (out_proj): Linear(in_features=256, out_features=256, bias=True)
              )
              (proj_drop): Dropout(p=0.0, inplace=False)
              (dropout_layer): Dropout(p=0.1, inplace=False)
            )
          )
        )
        (27): LayerNorm((256,), eps=1e-05, elementwise_affine=True)
        (28): CustomOperation(
          (identity): Identity()
        )
        (29): CustomOperation(
          (identity): Identity()
        )
        (30): CustomOperation(
          (identity): Identity()
        )
        (31): AsymmetricFFN(
          (activate): ReLU(inplace=True)
          (pre_norm): LayerNorm((512,), eps=1e-05, elementwise_affine=True)
          (layers): Sequential(
            (0): Sequential(
              (0): Linear(in_features=512, out_features=1024, bias=True)
              (1): ReLU(inplace=True)
              (2): Dropout(p=0.1, inplace=False)
            )
            (1): Linear(in_features=1024, out_features=256, bias=True)
            (2): Dropout(p=0.1, inplace=False)
          )
          (dropout_layer): Identity()
          (identity_fc): Linear(in_features=512, out_features=256, bias=True)
        )
        (32): LayerNorm((256,), eps=1e-05, elementwise_affine=True)
        (33): CustomOperation(
          (identity): Identity()
        )
        (34): CustomOperation(
          (identity): Identity()
        )
        (35): CustomOperation(
          (identity): Identity()
        )
        (36): TemporalSeparateAttention(
          (attns): Sequential(
            (0): MultiheadFlashAttention(
              (attn): FlashMHA(
                (inner_attn): FlashAttention()
                (out_proj): Linear(in_features=512, out_features=512, bias=True)
              )
              (proj_drop): Dropout(p=0.0, inplace=False)
              (dropout_layer): Dropout(p=0.1, inplace=False)
            )
            (1): MultiheadFlashAttention(
              (attn): FlashMHA(
                (inner_attn): FlashAttention()
                (out_proj): Linear(in_features=256, out_features=256, bias=True)
              )
              (proj_drop): Dropout(p=0.0, inplace=False)
              (dropout_layer): Dropout(p=0.1, inplace=False)
            )
            (2): MultiheadFlashAttention(
              (attn): FlashMHA(
                (inner_attn): FlashAttention()
                (out_proj): Linear(in_features=256, out_features=256, bias=True)
              )
              (proj_drop): Dropout(p=0.0, inplace=False)
              (dropout_layer): Dropout(p=0.1, inplace=False)
            )
            (3): MultiheadFlashAttention(
              (attn): FlashMHA(
                (inner_attn): FlashAttention()
                (out_proj): Linear(in_features=256, out_features=256, bias=True)
              )
              (proj_drop): Dropout(p=0.0, inplace=False)
              (dropout_layer): Dropout(p=0.1, inplace=False)
            )
          )
        )
        (37): SeparateAttention(
          (attns): Sequential(
            (0): MultiheadFlashAttention(
              (attn): FlashMHA(
                (inner_attn): FlashAttention()
                (out_proj): Linear(in_features=512, out_features=512, bias=True)
              )
              (proj_drop): Dropout(p=0.0, inplace=False)
              (dropout_layer): Dropout(p=0.1, inplace=False)
            )
            (1): MultiheadFlashAttention(
              (attn): FlashMHA(
                (inner_attn): FlashAttention()
                (out_proj): Linear(in_features=256, out_features=256, bias=True)
              )
              (proj_drop): Dropout(p=0.0, inplace=False)
              (dropout_layer): Dropout(p=0.1, inplace=False)
            )
            (2): MultiheadFlashAttention(
              (attn): FlashMHA(
                (inner_attn): FlashAttention()
                (out_proj): Linear(in_features=256, out_features=256, bias=True)
              )
              (proj_drop): Dropout(p=0.0, inplace=False)
              (dropout_layer): Dropout(p=0.1, inplace=False)
            )
          )
        )
        (38): SeparateAttention(
          (attns): Sequential(
            (0): MultiheadFlashAttention(
              (attn): FlashMHA(
                (inner_attn): FlashAttention()
                (out_proj): Linear(in_features=256, out_features=256, bias=True)
              )
              (proj_drop): Dropout(p=0.0, inplace=False)
              (dropout_layer): Dropout(p=0.1, inplace=False)
            )
          )
        )
        (39): LayerNorm((256,), eps=1e-05, elementwise_affine=True)
        (40): CustomOperation(
          (identity): Identity()
        )
        (41): CustomOperation(
          (identity): Identity()
        )
        (42): CustomOperation(
          (identity): Identity()
        )
        (43): AsymmetricFFN(
          (activate): ReLU(inplace=True)
          (pre_norm): LayerNorm((512,), eps=1e-05, elementwise_affine=True)
          (layers): Sequential(
            (0): Sequential(
              (0): Linear(in_features=512, out_features=1024, bias=True)
              (1): ReLU(inplace=True)
              (2): Dropout(p=0.1, inplace=False)
            )
            (1): Linear(in_features=1024, out_features=256, bias=True)
            (2): Dropout(p=0.1, inplace=False)
          )
          (dropout_layer): Identity()
          (identity_fc): Linear(in_features=512, out_features=256, bias=True)
        )
        (44): LayerNorm((256,), eps=1e-05, elementwise_affine=True)
        (45): CustomOperation(
          (identity): Identity()
        )
        (46): CustomOperation(
          (identity): Identity()
        )
        (47): CustomOperation(
          (identity): Identity()
        )
        (48): TemporalSeparateAttention(
          (attns): Sequential(
            (0): MultiheadFlashAttention(
              (attn): FlashMHA(
                (inner_attn): FlashAttention()
                (out_proj): Linear(in_features=512, out_features=512, bias=True)
              )
              (proj_drop): Dropout(p=0.0, inplace=False)
              (dropout_layer): Dropout(p=0.1, inplace=False)
            )
            (1): MultiheadFlashAttention(
              (attn): FlashMHA(
                (inner_attn): FlashAttention()
                (out_proj): Linear(in_features=256, out_features=256, bias=True)
              )
              (proj_drop): Dropout(p=0.0, inplace=False)
              (dropout_layer): Dropout(p=0.1, inplace=False)
            )
            (2): MultiheadFlashAttention(
              (attn): FlashMHA(
                (inner_attn): FlashAttention()
                (out_proj): Linear(in_features=256, out_features=256, bias=True)
              )
              (proj_drop): Dropout(p=0.0, inplace=False)
              (dropout_layer): Dropout(p=0.1, inplace=False)
            )
            (3): MultiheadFlashAttention(
              (attn): FlashMHA(
                (inner_attn): FlashAttention()
                (out_proj): Linear(in_features=256, out_features=256, bias=True)
              )
              (proj_drop): Dropout(p=0.0, inplace=False)
              (dropout_layer): Dropout(p=0.1, inplace=False)
            )
          )
        )
        (49): SeparateAttention(
          (attns): Sequential(
            (0): MultiheadFlashAttention(
              (attn): FlashMHA(
                (inner_attn): FlashAttention()
                (out_proj): Linear(in_features=512, out_features=512, bias=True)
              )
              (proj_drop): Dropout(p=0.0, inplace=False)
              (dropout_layer): Dropout(p=0.1, inplace=False)
            )
            (1): MultiheadFlashAttention(
              (attn): FlashMHA(
                (inner_attn): FlashAttention()
                (out_proj): Linear(in_features=256, out_features=256, bias=True)
              )
              (proj_drop): Dropout(p=0.0, inplace=False)
              (dropout_layer): Dropout(p=0.1, inplace=False)
            )
            (2): MultiheadFlashAttention(
              (attn): FlashMHA(
                (inner_attn): FlashAttention()
                (out_proj): Linear(in_features=256, out_features=256, bias=True)
              )
              (proj_drop): Dropout(p=0.0, inplace=False)
              (dropout_layer): Dropout(p=0.1, inplace=False)
            )
          )
        )
        (50): SeparateAttention(
          (attns): Sequential(
            (0): MultiheadFlashAttention(
              (attn): FlashMHA(
                (inner_attn): FlashAttention()
                (out_proj): Linear(in_features=256, out_features=256, bias=True)
              )
              (proj_drop): Dropout(p=0.0, inplace=False)
              (dropout_layer): Dropout(p=0.1, inplace=False)
            )
          )
        )
        (51): LayerNorm((256,), eps=1e-05, elementwise_affine=True)
        (52): CustomOperation(
          (identity): Identity()
        )
        (53): CustomOperation(
          (identity): Identity()
        )
        (54): CustomOperation(
          (identity): Identity()
        )
        (55): AsymmetricFFN(
          (activate): ReLU(inplace=True)
          (pre_norm): LayerNorm((512,), eps=1e-05, elementwise_affine=True)
          (layers): Sequential(
            (0): Sequential(
              (0): Linear(in_features=512, out_features=1024, bias=True)
              (1): ReLU(inplace=True)
              (2): Dropout(p=0.1, inplace=False)
            )
            (1): Linear(in_features=1024, out_features=256, bias=True)
            (2): Dropout(p=0.1, inplace=False)
          )
          (dropout_layer): Identity()
          (identity_fc): Linear(in_features=512, out_features=256, bias=True)
        )
        (56): LayerNorm((256,), eps=1e-05, elementwise_affine=True)
        (57): CustomOperation(
          (identity): Identity()
        )
        (58): CustomOperation(
          (identity): Identity()
        )
        (59): CustomOperation(
          (identity): Identity()
        )
        (60): TemporalSeparateAttention(
          (attns): Sequential(
            (0): MultiheadFlashAttention(
              (attn): FlashMHA(
                (inner_attn): FlashAttention()
                (out_proj): Linear(in_features=512, out_features=512, bias=True)
              )
              (proj_drop): Dropout(p=0.0, inplace=False)
              (dropout_layer): Dropout(p=0.1, inplace=False)
            )
            (1): MultiheadFlashAttention(
              (attn): FlashMHA(
                (inner_attn): FlashAttention()
                (out_proj): Linear(in_features=256, out_features=256, bias=True)
              )
              (proj_drop): Dropout(p=0.0, inplace=False)
              (dropout_layer): Dropout(p=0.1, inplace=False)
            )
            (2): MultiheadFlashAttention(
              (attn): FlashMHA(
                (inner_attn): FlashAttention()
                (out_proj): Linear(in_features=256, out_features=256, bias=True)
              )
              (proj_drop): Dropout(p=0.0, inplace=False)
              (dropout_layer): Dropout(p=0.1, inplace=False)
            )
            (3): MultiheadFlashAttention(
              (attn): FlashMHA(
                (inner_attn): FlashAttention()
                (out_proj): Linear(in_features=256, out_features=256, bias=True)
              )
              (proj_drop): Dropout(p=0.0, inplace=False)
              (dropout_layer): Dropout(p=0.1, inplace=False)
            )
          )
        )
        (61): SeparateAttention(
          (attns): Sequential(
            (0): MultiheadFlashAttention(
              (attn): FlashMHA(
                (inner_attn): FlashAttention()
                (out_proj): Linear(in_features=512, out_features=512, bias=True)
              )
              (proj_drop): Dropout(p=0.0, inplace=False)
              (dropout_layer): Dropout(p=0.1, inplace=False)
            )
            (1): MultiheadFlashAttention(
              (attn): FlashMHA(
                (inner_attn): FlashAttention()
                (out_proj): Linear(in_features=256, out_features=256, bias=True)
              )
              (proj_drop): Dropout(p=0.0, inplace=False)
              (dropout_layer): Dropout(p=0.1, inplace=False)
            )
            (2): MultiheadFlashAttention(
              (attn): FlashMHA(
                (inner_attn): FlashAttention()
                (out_proj): Linear(in_features=256, out_features=256, bias=True)
              )
              (proj_drop): Dropout(p=0.0, inplace=False)
              (dropout_layer): Dropout(p=0.1, inplace=False)
            )
          )
        )
        (62): SeparateAttention(
          (attns): Sequential(
            (0): MultiheadFlashAttention(
              (attn): FlashMHA(
                (inner_attn): FlashAttention()
                (out_proj): Linear(in_features=256, out_features=256, bias=True)
              )
              (proj_drop): Dropout(p=0.0, inplace=False)
              (dropout_layer): Dropout(p=0.1, inplace=False)
            )
          )
        )
        (63): LayerNorm((256,), eps=1e-05, elementwise_affine=True)
        (64): CustomOperation(
          (identity): Identity()
        )
        (65): CustomOperation(
          (identity): Identity()
        )
        (66): CustomOperation(
          (identity): Identity()
        )
        (67): AsymmetricFFN(
          (activate): ReLU(inplace=True)
          (pre_norm): LayerNorm((512,), eps=1e-05, elementwise_affine=True)
          (layers): Sequential(
            (0): Sequential(
              (0): Linear(in_features=512, out_features=1024, bias=True)
              (1): ReLU(inplace=True)
              (2): Dropout(p=0.1, inplace=False)
            )
            (1): Linear(in_features=1024, out_features=256, bias=True)
            (2): Dropout(p=0.1, inplace=False)
          )
          (dropout_layer): Identity()
          (identity_fc): Linear(in_features=512, out_features=256, bias=True)
        )
        (68): LayerNorm((256,), eps=1e-05, elementwise_affine=True)
        (69): CustomOperation(
          (identity): Identity()
        )
        (70): CustomOperation(
          (identity): Identity()
        )
      )
      (fc_before): Linear(in_features=256, out_features=512, bias=False)
      (fc_after): Linear(in_features=512, out_features=256, bias=False)
      (distance_tau): Linear(in_features=256, out_features=8, bias=True)
    )
  )
  (depth_branch): DenseDepthNet(
    (depth_layers): ModuleList(
      (0): Conv2d(256, 1, kernel_size=(1, 1), stride=(1, 1))
      (1): Conv2d(256, 1, kernel_size=(1, 1), stride=(1, 1))
      (2): Conv2d(256, 1, kernel_size=(1, 1), stride=(1, 1))
    )
  )
  (grid_mask): GridMask()
)
{'version': 'v1.0-trainval'}
{'version': 'v1.0-trainval'}
{'version': 'v1.0-trainval'}
{'version': 'v1.0-trainval'}
2026-06-16 15:08:16,760 - root - INFO - Loading map teacher cache from data/cache/map/maptrv2_teacher_train_feat_top20_l01.pkl...
2026-06-16 15:08:21,825 - root - INFO - Loaded map teacher cache: 28130 samples
Use GroupInBatchSampler !!!
Use GroupInBatchSampler !!!
Use GroupInBatchSampler !!!
Use GroupInBatchSampler !!!
{'version': 'v1.0-trainval'}
{'version': 'v1.0-trainval'}
{'version': 'v1.0-trainval'}
{'version': 'v1.0-trainval'}
2026-06-16 15:08:31,166 - mmdet - INFO - load checkpoint from local path: ./work_dirs/exp/E10_output_kd_pgt_l5_feat_aux/latest.pth
2026-06-16 15:08:32,308 - mmdet - WARNING - The model and loaded state dict do not match exactly

missing keys in source state_dict: head.onedecoder_head.motion_anchor, head.onedecoder_head.motion_anchor_encoder.0.weight, head.onedecoder_head.motion_anchor_encoder.0.bias, head.onedecoder_head.motion_anchor_encoder.2.weight, head.onedecoder_head.motion_anchor_encoder.2.bias, head.onedecoder_head.motion_anchor_encoder.3.weight, head.onedecoder_head.motion_anchor_encoder.3.bias, head.onedecoder_head.motion_refine.0.motion_cls_branch.0.weight, head.onedecoder_head.motion_refine.0.motion_cls_branch.0.bias, head.onedecoder_head.motion_refine.0.motion_cls_branch.2.weight, head.onedecoder_head.motion_refine.0.motion_cls_branch.2.bias, head.onedecoder_head.motion_refine.0.motion_cls_branch.3.weight, head.onedecoder_head.motion_refine.0.motion_cls_branch.3.bias, head.onedecoder_head.motion_refine.0.motion_cls_branch.5.weight, head.onedecoder_head.motion_refine.0.motion_cls_branch.5.bias, head.onedecoder_head.motion_refine.0.motion_cls_branch.6.weight, head.onedecoder_head.motion_refine.0.motion_cls_branch.6.bias, head.onedecoder_head.motion_refine.0.motion_reg_branch.0.weight, head.onedecoder_head.motion_refine.0.motion_reg_branch.0.bias, head.onedecoder_head.motion_refine.0.motion_reg_branch.2.weight, head.onedecoder_head.motion_refine.0.motion_reg_branch.2.bias, head.onedecoder_head.motion_refine.0.motion_reg_branch.4.weight, head.onedecoder_head.motion_refine.0.motion_reg_branch.4.bias, head.onedecoder_head.motion_refine.1.motion_cls_branch.0.weight, head.onedecoder_head.motion_refine.1.motion_cls_branch.0.bias, head.onedecoder_head.motion_refine.1.motion_cls_branch.2.weight, head.onedecoder_head.motion_refine.1.motion_cls_branch.2.bias, head.onedecoder_head.motion_refine.1.motion_cls_branch.3.weight, head.onedecoder_head.motion_refine.1.motion_cls_branch.3.bias, head.onedecoder_head.motion_refine.1.motion_cls_branch.5.weight, head.onedecoder_head.motion_refine.1.motion_cls_branch.5.bias, head.onedecoder_head.motion_refine.1.motion_cls_branch.6.weight, head.onedecoder_head.motion_refine.1.motion_cls_branch.6.bias, head.onedecoder_head.motion_refine.1.motion_reg_branch.0.weight, head.onedecoder_head.motion_refine.1.motion_reg_branch.0.bias, head.onedecoder_head.motion_refine.1.motion_reg_branch.2.weight, head.onedecoder_head.motion_refine.1.motion_reg_branch.2.bias, head.onedecoder_head.motion_refine.1.motion_reg_branch.4.weight, head.onedecoder_head.motion_refine.1.motion_reg_branch.4.bias, head.onedecoder_head.motion_refine.2.motion_cls_branch.0.weight, head.onedecoder_head.motion_refine.2.motion_cls_branch.0.bias, head.onedecoder_head.motion_refine.2.motion_cls_branch.2.weight, head.onedecoder_head.motion_refine.2.motion_cls_branch.2.bias, head.onedecoder_head.motion_refine.2.motion_cls_branch.3.weight, head.onedecoder_head.motion_refine.2.motion_cls_branch.3.bias, head.onedecoder_head.motion_refine.2.motion_cls_branch.5.weight, head.onedecoder_head.motion_refine.2.motion_cls_branch.5.bias, head.onedecoder_head.motion_refine.2.motion_cls_branch.6.weight, head.onedecoder_head.motion_refine.2.motion_cls_branch.6.bias, head.onedecoder_head.motion_refine.2.motion_reg_branch.0.weight, head.onedecoder_head.motion_refine.2.motion_reg_branch.0.bias, head.onedecoder_head.motion_refine.2.motion_reg_branch.2.weight, head.onedecoder_head.motion_refine.2.motion_reg_branch.2.bias, head.onedecoder_head.motion_refine.2.motion_reg_branch.4.weight, head.onedecoder_head.motion_refine.2.motion_reg_branch.4.bias, head.onedecoder_head.motion_refine.3.motion_cls_branch.0.weight, head.onedecoder_head.motion_refine.3.motion_cls_branch.0.bias, head.onedecoder_head.motion_refine.3.motion_cls_branch.2.weight, head.onedecoder_head.motion_refine.3.motion_cls_branch.2.bias, head.onedecoder_head.motion_refine.3.motion_cls_branch.3.weight, head.onedecoder_head.motion_refine.3.motion_cls_branch.3.bias, head.onedecoder_head.motion_refine.3.motion_cls_branch.5.weight, head.onedecoder_head.motion_refine.3.motion_cls_branch.5.bias, head.onedecoder_head.motion_refine.3.motion_cls_branch.6.weight, head.onedecoder_head.motion_refine.3.motion_cls_branch.6.bias, head.onedecoder_head.motion_refine.3.motion_reg_branch.0.weight, head.onedecoder_head.motion_refine.3.motion_reg_branch.0.bias, head.onedecoder_head.motion_refine.3.motion_reg_branch.2.weight, head.onedecoder_head.motion_refine.3.motion_reg_branch.2.bias, head.onedecoder_head.motion_refine.3.motion_reg_branch.4.weight, head.onedecoder_head.motion_refine.3.motion_reg_branch.4.bias, head.onedecoder_head.motion_refine.4.motion_cls_branch.0.weight, head.onedecoder_head.motion_refine.4.motion_cls_branch.0.bias, head.onedecoder_head.motion_refine.4.motion_cls_branch.2.weight, head.onedecoder_head.motion_refine.4.motion_cls_branch.2.bias, head.onedecoder_head.motion_refine.4.motion_cls_branch.3.weight, head.onedecoder_head.motion_refine.4.motion_cls_branch.3.bias, head.onedecoder_head.motion_refine.4.motion_cls_branch.5.weight, head.onedecoder_head.motion_refine.4.motion_cls_branch.5.bias, head.onedecoder_head.motion_refine.4.motion_cls_branch.6.weight, head.onedecoder_head.motion_refine.4.motion_cls_branch.6.bias, head.onedecoder_head.motion_refine.4.motion_reg_branch.0.weight, head.onedecoder_head.motion_refine.4.motion_reg_branch.0.bias, head.onedecoder_head.motion_refine.4.motion_reg_branch.2.weight, head.onedecoder_head.motion_refine.4.motion_reg_branch.2.bias, head.onedecoder_head.motion_refine.4.motion_reg_branch.4.weight, head.onedecoder_head.motion_refine.4.motion_reg_branch.4.bias, head.onedecoder_head.motion_refine.5.motion_cls_branch.0.weight, head.onedecoder_head.motion_refine.5.motion_cls_branch.0.bias, head.onedecoder_head.motion_refine.5.motion_cls_branch.2.weight, head.onedecoder_head.motion_refine.5.motion_cls_branch.2.bias, head.onedecoder_head.motion_refine.5.motion_cls_branch.3.weight, head.onedecoder_head.motion_refine.5.motion_cls_branch.3.bias, head.onedecoder_head.motion_refine.5.motion_cls_branch.5.weight, head.onedecoder_head.motion_refine.5.motion_cls_branch.5.bias, head.onedecoder_head.motion_refine.5.motion_cls_branch.6.weight, head.onedecoder_head.motion_refine.5.motion_cls_branch.6.bias, head.onedecoder_head.motion_refine.5.motion_reg_branch.0.weight, head.onedecoder_head.motion_refine.5.motion_reg_branch.0.bias, head.onedecoder_head.motion_refine.5.motion_reg_branch.2.weight, head.onedecoder_head.motion_refine.5.motion_reg_branch.2.bias, head.onedecoder_head.motion_refine.5.motion_reg_branch.4.weight, head.onedecoder_head.motion_refine.5.motion_reg_branch.4.bias

2026-06-16 15:08:32,321 - mmdet - INFO - Start running, host: chanyoung@poseidon01, work_dir: /home/chanyoung/RideFlux/HiP-AD/work_dirs/exp/E11_E10_stage2_18ep_gt_pgt_feat
2026-06-16 15:08:32,323 - mmdet - INFO - Hooks will be executed in the following order:
before_run:
(VERY_HIGH   ) CosineAnnealingLrUpdaterHook       
(ABOVE_NORMAL) Fp16OptimizerHook                  
(NORMAL      ) CheckpointHook                     
(NORMAL      ) CustomDistEvalHook                 
(VERY_LOW    ) ScientificTextLoggerHook           
(VERY_LOW    ) WandbLoggerHook                    
 -------------------- 
before_train_epoch:
(VERY_HIGH   ) CosineAnnealingLrUpdaterHook       
(NORMAL      ) CustomDistEvalHook                 
(LOW         ) IterTimerHook                      
(VERY_LOW    ) ScientificTextLoggerHook           
(VERY_LOW    ) WandbLoggerHook                    
 -------------------- 
before_train_iter:
(VERY_HIGH   ) CosineAnnealingLrUpdaterHook       
(NORMAL      ) CustomDistEvalHook                 
(LOW         ) IterTimerHook                      
 -------------------- 
after_train_iter:
(ABOVE_NORMAL) Fp16OptimizerHook                  
(NORMAL      ) CheckpointHook                     
(NORMAL      ) CustomDistEvalHook                 
(LOW         ) IterTimerHook                      
(VERY_LOW    ) ScientificTextLoggerHook           
(VERY_LOW    ) WandbLoggerHook                    
(LOWEST      ) WandbValVisHook                    
 -------------------- 
after_train_epoch:
(NORMAL      ) CheckpointHook                     
(NORMAL      ) CustomDistEvalHook                 
(VERY_LOW    ) ScientificTextLoggerHook           
(VERY_LOW    ) WandbLoggerHook                    
 -------------------- 
before_val_epoch:
(LOW         ) IterTimerHook                      
(VERY_LOW    ) ScientificTextLoggerHook           
(VERY_LOW    ) WandbLoggerHook                    
 -------------------- 
before_val_iter:
(LOW         ) IterTimerHook                      
 -------------------- 
after_val_iter:
(LOW         ) IterTimerHook                      
 -------------------- 
after_val_epoch:
(VERY_LOW    ) ScientificTextLoggerHook           
(VERY_LOW    ) WandbLoggerHook                    
 -------------------- 
after_run:
(VERY_LOW    ) ScientificTextLoggerHook           
(VERY_LOW    ) WandbLoggerHook                    
 -------------------- 
2026-06-16 15:08:32,323 - mmdet - INFO - workflow: [('train', 1)], max: 31644 iters
2026-06-16 15:08:32,328 - mmdet - INFO - Checkpoints will be saved to /home/chanyoung/RideFlux/HiP-AD/work_dirs/exp/E11_E10_stage2_18ep_gt_pgt_feat by HardDiskBackend.
2026-06-16 15:08:32,329 - mmdet - INFO - The best checkpoint will be saved to val_vis/E11_E10_stage2_18ep_gt_pgt_feat by HardDiskBackend
wandb: [wandb.login()] Loaded credentials for https://api.wandb.ai from /home/chanyoung/.netrc.
wandb: Currently logged in as: lcy1221 (Robust_Ex) to https://api.wandb.ai. Use `wandb login --relogin` to force relogin
wandb: Tracking run with wandb version 0.24.2
wandb: Run data is saved locally in /home/chanyoung/RideFlux/HiP-AD/wandb/run-20260616_150836-yb8erbzu
wandb: Run `wandb offline` to turn off syncing.
wandb: Syncing run E11_E10_stage2_18ep_gt_pgt_feat
wandb: ⭐️ View project at https://wandb.ai/e2ekd/hipad
wandb: 🚀 View run at https://wandb.ai/e2ekd/hipad/runs/yb8erbzu
2026-06-16 15:08:45,091 - mmcv - INFO - Reducer buckets have been rebuilt in this iteration.
2026-06-16 15:08:45,097 - mmcv - INFO - Reducer buckets have been rebuilt in this iteration.
2026-06-16 15:08:45,097 - mmcv - INFO - Reducer buckets have been rebuilt in this iteration.
2026-06-16 15:08:45,098 - mmcv - INFO - Reducer buckets have been rebuilt in this iteration.
2026-06-16 15:10:04,477 - mmdet - INFO - Iter [50/31644]	lr: 1.993e-05, eta: 14:46:10, time: 1.683, data_time: 0.060, memory: 14664, det_loss_cls: 3.3168, det_loss_box: 6.2715, det_loss_cns: 3.9552, det_loss_yns: 0.7580, map_loss_cls: 0.8925, map_loss_line: 1.9281, map_loss_kd_cls: 2.425e-01, map_loss_kd_line: 2.170e+00, map_loss_kd_feat: 2.517e-01, map_kd_feat_matches: 34.6600, map_kd_feat_alpha: 1.0000, ego_loss_status: 5.7593, motion_loss_cls: 0.6214, motion_loss_reg: 2.8726, plan_loss_temp_cls: 0.2553, plan_loss_temp_reg: 4.0468, loss_dense_depth: 0.6027, loss: 33.9446, grad_norm: 44.9158
2026-06-16 15:11:25,621 - mmdet - INFO - Iter [100/31644]	lr: 2.327e-05, eta: 14:28:58, time: 1.623, data_time: 0.032, memory: 14664, det_loss_cls: 3.3252, det_loss_box: 6.1170, det_loss_cns: 3.9606, det_loss_yns: 0.7441, map_loss_cls: 0.9552, map_loss_line: 1.8891, map_loss_kd_cls: 2.481e-01, map_loss_kd_line: 2.045e+00, map_loss_kd_feat: 2.494e-01, map_kd_feat_matches: 36.4150, map_kd_feat_alpha: 1.0000, ego_loss_status: 5.4432, motion_loss_cls: 0.3094, motion_loss_reg: 1.7955, plan_loss_temp_cls: 0.1275, plan_loss_temp_reg: 3.3146, loss_dense_depth: 0.5818, loss: 31.1060, grad_norm: 42.9787
2026-06-16 15:12:46,536 - mmdet - INFO - Iter [150/31644]	lr: 2.660e-05, eta: 14:21:30, time: 1.618, data_time: 0.031, memory: 14664, det_loss_cls: 3.3522, det_loss_box: 6.2288, det_loss_cns: 3.9208, det_loss_yns: 0.7379, map_loss_cls: 0.9109, map_loss_line: 1.9553, map_loss_kd_cls: 2.406e-01, map_loss_kd_line: 2.068e+00, map_loss_kd_feat: 2.501e-01, map_kd_feat_matches: 35.3750, map_kd_feat_alpha: 1.0000, ego_loss_status: 4.1969, motion_loss_cls: 0.2976, motion_loss_reg: 2.5683, plan_loss_temp_cls: 0.1195, plan_loss_temp_reg: 2.8228, loss_dense_depth: 0.5914, loss: 30.2611, grad_norm: 40.6771
2026-06-16 15:14:09,092 - mmdet - INFO - Iter [200/31644]	lr: 2.993e-05, eta: 14:21:24, time: 1.651, data_time: 0.032, memory: 14664, det_loss_cls: 3.4154, det_loss_box: 6.2889, det_loss_cns: 3.9459, det_loss_yns: 0.7586, map_loss_cls: 0.9251, map_loss_line: 2.0047, map_loss_kd_cls: 2.466e-01, map_loss_kd_line: 2.117e+00, map_loss_kd_feat: 2.564e-01, map_kd_feat_matches: 38.3550, map_kd_feat_alpha: 1.0000, ego_loss_status: 3.9106, motion_loss_cls: 0.2745, motion_loss_reg: 1.5876, plan_loss_temp_cls: 0.1197, plan_loss_temp_reg: 3.2580, loss_dense_depth: 0.6214, loss: 29.7301, grad_norm: 46.5540
